timesteps,mean_reward,portfolio_value,source_run_id,source_artifact_sha256
100,-0.007494487799704075,1020045.5237874445,p12v4m6-B-ppo-s1024,04a2b0275b05185e6210768e7f3a10c1f0aeb566ad45ed03a5213d2be183038a
200,0.004107747692614794,970667.0527362082,p12v4m6-B-ppo-s1024,04a2b0275b05185e6210768e7f3a10c1f0aeb566ad45ed03a5213d2be183038a
300,-0.0022671211045235395,879530.1471449031,p12v4m6-B-ppo-s1024,04a2b0275b05185e6210768e7f3a10c1f0aeb566ad45ed03a5213d2be183038a
400,0.0025599997024983168,818749.6870485775,p12v4m6-B-ppo-s1024,04a2b0275b05185e6210768e7f3a10c1f0aeb566ad45ed03a5213d2be183038a
500,0.0037184576503932476,747630.9553335287,p12v4m6-B-ppo-s1024,04a2b0275b05185e6210768e7f3a10c1f0aeb566ad45ed03a5213d2be183038a
600,-0.010374460369348526,732687.4235020989,p12v4m6-B-ppo-s1024,04a2b0275b05185e6210768e7f3a10c1f0aeb566ad45ed03a5213d2be183038a
700,0.0008602464804425836,689712.0101629575,p12v4m6-B-ppo-s1024,04a2b0275b05185e6210768e7f3a10c1f0aeb566ad45ed03a5213d2be183038a
800,-0.006012584548443556,1011665.7355546372,p12v4m6-B-ppo-s1024,04a2b0275b05185e6210768e7f3a10c1f0aeb566ad45ed03a5213d2be183038a
900,-0.0016229433240368962,965663.7975854089,p12v4m6-B-ppo-s1024,04a2b0275b05185e6210768e7f3a10c1f0aeb566ad45ed03a5213d2be183038a
1000,-0.0026180201675742865,890931.6687480373,p12v4m6-B-ppo-s1024,04a2b0275b05185e6210768e7f3a10c1f0aeb566ad45ed03a5213d2be183038a
1100,0.008482059463858604,776691.2530576854,p12v4m6-B-ppo-s1024,04a2b0275b05185e6210768e7f3a10c1f0aeb566ad45ed03a5213d2be183038a
1200,-0.001227756729349494,670203.6307388813,p12v4m6-B-ppo-s1024,04a2b0275b05185e6210768e7f3a10c1f0aeb566ad45ed03a5213d2be183038a
1300,-0.0027811864856630564,699292.8381150961,p12v4m6-B-ppo-s1024,04a2b0275b05185e6210768e7f3a10c1f0aeb566ad45ed03a5213d2be183038a
1400,-0.002650957554578781,681081.8274227147,p12v4m6-B-ppo-s1024,04a2b0275b05185e6210768e7f3a10c1f0aeb566ad45ed03a5213d2be183038a
1500,0.000538565160240978,627691.185060215,p12v4m6-B-ppo-s1024,04a2b0275b05185e6210768e7f3a10c1f0aeb566ad45ed03a5213d2be183038a
1600,0.000417163158999756,1050149.273682309,p12v4m6-B-ppo-s1024,04a2b0275b05185e6210768e7f3a10c1f0aeb566ad45ed03a5213d2be183038a
1700,0.00011990831990260631,987020.9411886986,p12v4m6-B-ppo-s1024,04a2b0275b05185e6210768e7f3a10c1f0aeb566ad45ed03a5213d2be183038a
1800,-0.00771473441272974,902652.7072652132,p12v4m6-B-ppo-s1024,04a2b0275b05185e6210768e7f3a10c1f0aeb566ad45ed03a5213d2be183038a
1900,0.005321171600371599,817531.7318102372,p12v4m6-B-ppo-s1024,04a2b0275b05185e6210768e7f3a10c1f0aeb566ad45ed03a5213d2be183038a
2000,0.0014342042850330472,762531.9338709203,p12v4m6-B-ppo-s1024,04a2b0275b05185e6210768e7f3a10c1f0aeb566ad45ed03a5213d2be183038a
2100,0.0013827831717208028,743918.2546524531,p12v4m6-B-ppo-s1024,04a2b0275b05185e6210768e7f3a10c1f0aeb566ad45ed03a5213d2be183038a
2200,-0.0005574486567638814,699459.8372529906,p12v4m6-B-ppo-s1024,04a2b0275b05185e6210768e7f3a10c1f0aeb566ad45ed03a5213d2be183038a
2300,0.00021349529561121017,1029702.3970951778,p12v4m6-B-ppo-s1024,04a2b0275b05185e6210768e7f3a10c1f0aeb566ad45ed03a5213d2be183038a
2400,-0.004466382320970297,1006992.4334015541,p12v4m6-B-ppo-s1024,04a2b0275b05185e6210768e7f3a10c1f0aeb566ad45ed03a5213d2be183038a
2500,-0.007891936227679253,939073.6615811841,p12v4m6-B-ppo-s1024,04a2b0275b05185e6210768e7f3a10c1f0aeb566ad45ed03a5213d2be183038a
2600,0.000994549016468227,821361.6044658987,p12v4m6-B-ppo-s1024,04a2b0275b05185e6210768e7f3a10c1f0aeb566ad45ed03a5213d2be183038a
2700,0.001261431840248406,732165.2036631154,p12v4m6-B-ppo-s1024,04a2b0275b05185e6210768e7f3a10c1f0aeb566ad45ed03a5213d2be183038a
2800,-0.0037740031257271767,726485.8127294771,p12v4m6-B-ppo-s1024,04a2b0275b05185e6210768e7f3a10c1f0aeb566ad45ed03a5213d2be183038a
2900,0.00022930737759452313,694073.0470009448,p12v4m6-B-ppo-s1024,04a2b0275b05185e6210768e7f3a10c1f0aeb566ad45ed03a5213d2be183038a
3000,0.0075225248001515865,661360.3177438169,p12v4m6-B-ppo-s1024,04a2b0275b05185e6210768e7f3a10c1f0aeb566ad45ed03a5213d2be183038a
3100,0.005355922970920801,1075250.8844231952,p12v4m6-B-ppo-s1024,04a2b0275b05185e6210768e7f3a10c1f0aeb566ad45ed03a5213d2be183038a
3200,0.003525699954479933,1024649.8888837411,p12v4m6-B-ppo-s1024,04a2b0275b05185e6210768e7f3a10c1f0aeb566ad45ed03a5213d2be183038a
3300,0.003658017609268427,946264.1366782362,p12v4m6-B-ppo-s1024,04a2b0275b05185e6210768e7f3a10c1f0aeb566ad45ed03a5213d2be183038a
3400,-0.001966809621080756,788196.4503374833,p12v4m6-B-ppo-s1024,04a2b0275b05185e6210768e7f3a10c1f0aeb566ad45ed03a5213d2be183038a
3500,-0.006581674795597792,716660.2902920581,p12v4m6-B-ppo-s1024,04a2b0275b05185e6210768e7f3a10c1f0aeb566ad45ed03a5213d2be183038a
3600,-0.0007479361374862492,723427.8327072499,p12v4m6-B-ppo-s1024,04a2b0275b05185e6210768e7f3a10c1f0aeb566ad45ed03a5213d2be183038a
3700,-0.006624806206673384,684429.9126348774,p12v4m6-B-ppo-s1024,04a2b0275b05185e6210768e7f3a10c1f0aeb566ad45ed03a5213d2be183038a
3800,-0.0011536389356479049,1030414.9231997434,p12v4m6-B-ppo-s1024,04a2b0275b05185e6210768e7f3a10c1f0aeb566ad45ed03a5213d2be183038a
3900,-0.0010724589228630066,991825.8076081249,p12v4m6-B-ppo-s1024,04a2b0275b05185e6210768e7f3a10c1f0aeb566ad45ed03a5213d2be183038a
4000,0.0006089837406761944,898700.1530532511,p12v4m6-B-ppo-s1024,04a2b0275b05185e6210768e7f3a10c1f0aeb566ad45ed03a5213d2be183038a
4100,-0.013639367185533047,778967.5572965284,p12v4m6-B-ppo-s1024,04a2b0275b05185e6210768e7f3a10c1f0aeb566ad45ed03a5213d2be183038a
4200,-0.00880365539342165,676838.2894644979,p12v4m6-B-ppo-s1024,04a2b0275b05185e6210768e7f3a10c1f0aeb566ad45ed03a5213d2be183038a
4300,-0.00030458546825684607,631306.6220530026,p12v4m6-B-ppo-s1024,04a2b0275b05185e6210768e7f3a10c1f0aeb566ad45ed03a5213d2be183038a
4400,-0.0016627100994810462,603370.8347602622,p12v4m6-B-ppo-s1024,04a2b0275b05185e6210768e7f3a10c1f0aeb566ad45ed03a5213d2be183038a
4500,0.0014231581008061767,557561.2189313747,p12v4m6-B-ppo-s1024,04a2b0275b05185e6210768e7f3a10c1f0aeb566ad45ed03a5213d2be183038a
4600,0.0004914020537398756,1022902.700069675,p12v4m6-B-ppo-s1024,04a2b0275b05185e6210768e7f3a10c1f0aeb566ad45ed03a5213d2be183038a
4700,0.005581304430961609,1009401.972189148,p12v4m6-B-ppo-s1024,04a2b0275b05185e6210768e7f3a10c1f0aeb566ad45ed03a5213d2be183038a
4800,-0.009311206638813019,938373.3072719915,p12v4m6-B-ppo-s1024,04a2b0275b05185e6210768e7f3a10c1f0aeb566ad45ed03a5213d2be183038a
4900,8.182645251508802e-05,840853.5443128975,p12v4m6-B-ppo-s1024,04a2b0275b05185e6210768e7f3a10c1f0aeb566ad45ed03a5213d2be183038a
5000,0.010796002112329006,735618.4377155844,p12v4m6-B-ppo-s1024,04a2b0275b05185e6210768e7f3a10c1f0aeb566ad45ed03a5213d2be183038a
5100,-0.002483939053490758,753977.9003418955,p12v4m6-B-ppo-s1024,04a2b0275b05185e6210768e7f3a10c1f0aeb566ad45ed03a5213d2be183038a
5200,-0.005350113846361637,754209.9070786845,p12v4m6-B-ppo-s1024,04a2b0275b05185e6210768e7f3a10c1f0aeb566ad45ed03a5213d2be183038a
5300,0.0006846748874522746,718409.3247178702,p12v4m6-B-ppo-s1024,04a2b0275b05185e6210768e7f3a10c1f0aeb566ad45ed03a5213d2be183038a
5400,-0.002992876572534442,1039743.9287520985,p12v4m6-B-ppo-s1024,04a2b0275b05185e6210768e7f3a10c1f0aeb566ad45ed03a5213d2be183038a
5500,0.0030811436008661985,935997.1718530991,p12v4m6-B-ppo-s1024,04a2b0275b05185e6210768e7f3a10c1f0aeb566ad45ed03a5213d2be183038a
5600,0.007484634406864643,870817.2332462496,p12v4m6-B-ppo-s1024,04a2b0275b05185e6210768e7f3a10c1f0aeb566ad45ed03a5213d2be183038a
5700,0.0044951774179935455,776555.8992994892,p12v4m6-B-ppo-s1024,04a2b0275b05185e6210768e7f3a10c1f0aeb566ad45ed03a5213d2be183038a
5800,-0.00449791457504034,693547.1639238991,p12v4m6-B-ppo-s1024,04a2b0275b05185e6210768e7f3a10c1f0aeb566ad45ed03a5213d2be183038a
5900,0.0025734545197337866,695329.5268788874,p12v4m6-B-ppo-s1024,04a2b0275b05185e6210768e7f3a10c1f0aeb566ad45ed03a5213d2be183038a
6000,-0.005078733898699284,642208.2510995163,p12v4m6-B-ppo-s1024,04a2b0275b05185e6210768e7f3a10c1f0aeb566ad45ed03a5213d2be183038a
6100,-0.012882501818239689,1052006.3555621987,p12v4m6-B-ppo-s1024,04a2b0275b05185e6210768e7f3a10c1f0aeb566ad45ed03a5213d2be183038a
6200,-0.0018429192714393139,1019742.0178562993,p12v4m6-B-ppo-s1024,04a2b0275b05185e6210768e7f3a10c1f0aeb566ad45ed03a5213d2be183038a
6300,0.0023661847226321697,987580.932574137,p12v4m6-B-ppo-s1024,04a2b0275b05185e6210768e7f3a10c1f0aeb566ad45ed03a5213d2be183038a
6400,0.004702855832874775,878629.6534901748,p12v4m6-B-ppo-s1024,04a2b0275b05185e6210768e7f3a10c1f0aeb566ad45ed03a5213d2be183038a
6500,0.009438572451472282,775484.5827070738,p12v4m6-B-ppo-s1024,04a2b0275b05185e6210768e7f3a10c1f0aeb566ad45ed03a5213d2be183038a
6600,-0.004887210205197334,801355.9310695475,p12v4m6-B-ppo-s1024,04a2b0275b05185e6210768e7f3a10c1f0aeb566ad45ed03a5213d2be183038a
6700,-0.002010777359828353,794770.1565046047,p12v4m6-B-ppo-s1024,04a2b0275b05185e6210768e7f3a10c1f0aeb566ad45ed03a5213d2be183038a
6800,-7.883571379352361e-05,753023.8489150243,p12v4m6-B-ppo-s1024,04a2b0275b05185e6210768e7f3a10c1f0aeb566ad45ed03a5213d2be183038a
6900,-0.0022158578503876925,1038350.0969534966,p12v4m6-B-ppo-s1024,04a2b0275b05185e6210768e7f3a10c1f0aeb566ad45ed03a5213d2be183038a
7000,0.0038669214118272066,951219.1056669903,p12v4m6-B-ppo-s1024,04a2b0275b05185e6210768e7f3a10c1f0aeb566ad45ed03a5213d2be183038a
7100,-0.010291059501469135,857484.7835719115,p12v4m6-B-ppo-s1024,04a2b0275b05185e6210768e7f3a10c1f0aeb566ad45ed03a5213d2be183038a
7200,-0.008698560297489166,757194.7251468113,p12v4m6-B-ppo-s1024,04a2b0275b05185e6210768e7f3a10c1f0aeb566ad45ed03a5213d2be183038a
7300,0.003572717308998108,719765.673965231,p12v4m6-B-ppo-s1024,04a2b0275b05185e6210768e7f3a10c1f0aeb566ad45ed03a5213d2be183038a
7400,-0.008679235354065895,697660.3324737201,p12v4m6-B-ppo-s1024,04a2b0275b05185e6210768e7f3a10c1f0aeb566ad45ed03a5213d2be183038a
7500,-0.00239013135433197,667146.4154231914,p12v4m6-B-ppo-s1024,04a2b0275b05185e6210768e7f3a10c1f0aeb566ad45ed03a5213d2be183038a
7600,0.012580716982483864,1038985.098180335,p12v4m6-B-ppo-s1024,04a2b0275b05185e6210768e7f3a10c1f0aeb566ad45ed03a5213d2be183038a
7700,-0.009145819582045078,1010939.560161838,p12v4m6-B-ppo-s1024,04a2b0275b05185e6210768e7f3a10c1f0aeb566ad45ed03a5213d2be183038a
7800,-0.0010122844250872731,966198.501769688,p12v4m6-B-ppo-s1024,04a2b0275b05185e6210768e7f3a10c1f0aeb566ad45ed03a5213d2be183038a
7900,-0.020465878769755363,863826.0376845155,p12v4m6-B-ppo-s1024,04a2b0275b05185e6210768e7f3a10c1f0aeb566ad45ed03a5213d2be183038a
8000,0.0016258901450783014,802669.5765056169,p12v4m6-B-ppo-s1024,04a2b0275b05185e6210768e7f3a10c1f0aeb566ad45ed03a5213d2be183038a
8100,0.006683890242129564,771126.801642192,p12v4m6-B-ppo-s1024,04a2b0275b05185e6210768e7f3a10c1f0aeb566ad45ed03a5213d2be183038a
8200,-0.0028826294001191854,728096.7517770331,p12v4m6-B-ppo-s1024,04a2b0275b05185e6210768e7f3a10c1f0aeb566ad45ed03a5213d2be183038a
8300,-0.0008441899553872645,687746.2102104024,p12v4m6-B-ppo-s1024,04a2b0275b05185e6210768e7f3a10c1f0aeb566ad45ed03a5213d2be183038a
8400,-0.005804174579679966,1066349.0536627867,p12v4m6-B-ppo-s1024,04a2b0275b05185e6210768e7f3a10c1f0aeb566ad45ed03a5213d2be183038a
8500,-0.002188347978517413,1062308.0449878245,p12v4m6-B-ppo-s1024,04a2b0275b05185e6210768e7f3a10c1f0aeb566ad45ed03a5213d2be183038a
8600,0.006517551373690367,953364.9979775007,p12v4m6-B-ppo-s1024,04a2b0275b05185e6210768e7f3a10c1f0aeb566ad45ed03a5213d2be183038a
8700,-0.006773998029530048,810503.454545922,p12v4m6-B-ppo-s1024,04a2b0275b05185e6210768e7f3a10c1f0aeb566ad45ed03a5213d2be183038a
8800,-0.0043359315022826195,743199.0075518716,p12v4m6-B-ppo-s1024,04a2b0275b05185e6210768e7f3a10c1f0aeb566ad45ed03a5213d2be183038a
8900,-0.0014875238994136453,766063.554629185,p12v4m6-B-ppo-s1024,04a2b0275b05185e6210768e7f3a10c1f0aeb566ad45ed03a5213d2be183038a
9000,-0.0008110839407891035,740659.8738125315,p12v4m6-B-ppo-s1024,04a2b0275b05185e6210768e7f3a10c1f0aeb566ad45ed03a5213d2be183038a
9100,0.00147837377153337,1003400.0278843956,p12v4m6-B-ppo-s1024,04a2b0275b05185e6210768e7f3a10c1f0aeb566ad45ed03a5213d2be183038a
9200,0.004395991563796997,1024829.3408722049,p12v4m6-B-ppo-s1024,04a2b0275b05185e6210768e7f3a10c1f0aeb566ad45ed03a5213d2be183038a
9300,0.0025705990847200155,951271.6524222571,p12v4m6-B-ppo-s1024,04a2b0275b05185e6210768e7f3a10c1f0aeb566ad45ed03a5213d2be183038a
9400,-0.001593886991031468,866747.9866577566,p12v4m6-B-ppo-s1024,04a2b0275b05185e6210768e7f3a10c1f0aeb566ad45ed03a5213d2be183038a
9500,-0.006184668280184269,761191.2118947114,p12v4m6-B-ppo-s1024,04a2b0275b05185e6210768e7f3a10c1f0aeb566ad45ed03a5213d2be183038a
9600,0.006328378338366747,690022.7143401445,p12v4m6-B-ppo-s1024,04a2b0275b05185e6210768e7f3a10c1f0aeb566ad45ed03a5213d2be183038a
9700,0.003231270704418421,657805.9064001288,p12v4m6-B-ppo-s1024,04a2b0275b05185e6210768e7f3a10c1f0aeb566ad45ed03a5213d2be183038a
9800,-0.0013600148959085345,620454.3164151193,p12v4m6-B-ppo-s1024,04a2b0275b05185e6210768e7f3a10c1f0aeb566ad45ed03a5213d2be183038a
9900,-0.003076886059716344,1043397.5473187603,p12v4m6-B-ppo-s1024,04a2b0275b05185e6210768e7f3a10c1f0aeb566ad45ed03a5213d2be183038a
10000,0.008050277829170227,1011202.5718808167,p12v4m6-B-ppo-s1024,04a2b0275b05185e6210768e7f3a10c1f0aeb566ad45ed03a5213d2be183038a
10100,0.0023464197292923927,954385.8892073453,p12v4m6-B-ppo-s1024,04a2b0275b05185e6210768e7f3a10c1f0aeb566ad45ed03a5213d2be183038a
10200,-0.004129540640860796,833157.2785152635,p12v4m6-B-ppo-s1024,04a2b0275b05185e6210768e7f3a10c1f0aeb566ad45ed03a5213d2be183038a
10300,0.0013944493839517236,701407.3951489518,p12v4m6-B-ppo-s1024,04a2b0275b05185e6210768e7f3a10c1f0aeb566ad45ed03a5213d2be183038a
10400,-0.0025767958723008633,731780.447611648,p12v4m6-B-ppo-s1024,04a2b0275b05185e6210768e7f3a10c1f0aeb566ad45ed03a5213d2be183038a
10500,-0.0015536502469331026,710106.5057288097,p12v4m6-B-ppo-s1024,04a2b0275b05185e6210768e7f3a10c1f0aeb566ad45ed03a5213d2be183038a
10600,0.0029297752771526575,670487.60286217,p12v4m6-B-ppo-s1024,04a2b0275b05185e6210768e7f3a10c1f0aeb566ad45ed03a5213d2be183038a
10700,0.0011623194441199303,1028349.6544600605,p12v4m6-B-ppo-s1024,04a2b0275b05185e6210768e7f3a10c1f0aeb566ad45ed03a5213d2be183038a
10800,-0.006409407127648592,944306.7356793658,p12v4m6-B-ppo-s1024,04a2b0275b05185e6210768e7f3a10c1f0aeb566ad45ed03a5213d2be183038a
10900,0.009881830774247646,875097.9716936054,p12v4m6-B-ppo-s1024,04a2b0275b05185e6210768e7f3a10c1f0aeb566ad45ed03a5213d2be183038a
11000,0.0038832484278827906,806438.2115103262,p12v4m6-B-ppo-s1024,04a2b0275b05185e6210768e7f3a10c1f0aeb566ad45ed03a5213d2be183038a
11100,-0.009424058720469475,766306.7650922036,p12v4m6-B-ppo-s1024,04a2b0275b05185e6210768e7f3a10c1f0aeb566ad45ed03a5213d2be183038a
11200,0.005408303812146187,747702.82484947,p12v4m6-B-ppo-s1024,04a2b0275b05185e6210768e7f3a10c1f0aeb566ad45ed03a5213d2be183038a
11300,0.0008021394605748355,700230.8168911879,p12v4m6-B-ppo-s1024,04a2b0275b05185e6210768e7f3a10c1f0aeb566ad45ed03a5213d2be183038a
11400,0.0028309752233326435,1077531.9641492858,p12v4m6-B-ppo-s1024,04a2b0275b05185e6210768e7f3a10c1f0aeb566ad45ed03a5213d2be183038a
11500,0.0029466701671481133,999376.0736344659,p12v4m6-B-ppo-s1024,04a2b0275b05185e6210768e7f3a10c1f0aeb566ad45ed03a5213d2be183038a
11600,-0.014076302759349346,968648.907251007,p12v4m6-B-ppo-s1024,04a2b0275b05185e6210768e7f3a10c1f0aeb566ad45ed03a5213d2be183038a
11700,-0.012924706563353539,818607.9424052876,p12v4m6-B-ppo-s1024,04a2b0275b05185e6210768e7f3a10c1f0aeb566ad45ed03a5213d2be183038a
11800,-0.022399485111236572,705049.379275878,p12v4m6-B-ppo-s1024,04a2b0275b05185e6210768e7f3a10c1f0aeb566ad45ed03a5213d2be183038a
11900,0.006433926057070494,748220.2085812188,p12v4m6-B-ppo-s1024,04a2b0275b05185e6210768e7f3a10c1f0aeb566ad45ed03a5213d2be183038a
12000,0.0005651821848005056,710011.7490391467,p12v4m6-B-ppo-s1024,04a2b0275b05185e6210768e7f3a10c1f0aeb566ad45ed03a5213d2be183038a
12100,0.002994742477312684,682713.6119290916,p12v4m6-B-ppo-s1024,04a2b0275b05185e6210768e7f3a10c1f0aeb566ad45ed03a5213d2be183038a
12200,-0.011631811037659645,1066999.7976180208,p12v4m6-B-ppo-s1024,04a2b0275b05185e6210768e7f3a10c1f0aeb566ad45ed03a5213d2be183038a
12300,-0.01184630487114191,986263.1502938997,p12v4m6-B-ppo-s1024,04a2b0275b05185e6210768e7f3a10c1f0aeb566ad45ed03a5213d2be183038a
12400,0.007120576221495867,937448.3676867208,p12v4m6-B-ppo-s1024,04a2b0275b05185e6210768e7f3a10c1f0aeb566ad45ed03a5213d2be183038a
12500,-0.012803503312170506,808848.694562084,p12v4m6-B-ppo-s1024,04a2b0275b05185e6210768e7f3a10c1f0aeb566ad45ed03a5213d2be183038a
12600,-0.0007069499115459621,737915.4931993564,p12v4m6-B-ppo-s1024,04a2b0275b05185e6210768e7f3a10c1f0aeb566ad45ed03a5213d2be183038a
12700,0.0038992175832390785,732416.638256187,p12v4m6-B-ppo-s1024,04a2b0275b05185e6210768e7f3a10c1f0aeb566ad45ed03a5213d2be183038a
12800,-0.0035638248082250357,704042.7543799639,p12v4m6-B-ppo-s1024,04a2b0275b05185e6210768e7f3a10c1f0aeb566ad45ed03a5213d2be183038a
12900,0.015062292106449604,1060214.896462667,p12v4m6-B-ppo-s1024,04a2b0275b05185e6210768e7f3a10c1f0aeb566ad45ed03a5213d2be183038a
13000,0.004222202580422163,1022845.1965010266,p12v4m6-B-ppo-s1024,04a2b0275b05185e6210768e7f3a10c1f0aeb566ad45ed03a5213d2be183038a
13100,-0.012417146936058998,961220.9445469489,p12v4m6-B-ppo-s1024,04a2b0275b05185e6210768e7f3a10c1f0aeb566ad45ed03a5213d2be183038a
13200,-0.007720432709902525,887495.570098456,p12v4m6-B-ppo-s1024,04a2b0275b05185e6210768e7f3a10c1f0aeb566ad45ed03a5213d2be183038a
13300,-0.006168356165289879,769072.9381042675,p12v4m6-B-ppo-s1024,04a2b0275b05185e6210768e7f3a10c1f0aeb566ad45ed03a5213d2be183038a
13400,0.0010829762322828174,754105.0762527358,p12v4m6-B-ppo-s1024,04a2b0275b05185e6210768e7f3a10c1f0aeb566ad45ed03a5213d2be183038a
13500,0.0023427591659128666,741111.7427316963,p12v4m6-B-ppo-s1024,04a2b0275b05185e6210768e7f3a10c1f0aeb566ad45ed03a5213d2be183038a
13600,0.0025132703594863415,691332.4159210081,p12v4m6-B-ppo-s1024,04a2b0275b05185e6210768e7f3a10c1f0aeb566ad45ed03a5213d2be183038a
13700,-0.007849174551665783,1028932.8966745769,p12v4m6-B-ppo-s1024,04a2b0275b05185e6210768e7f3a10c1f0aeb566ad45ed03a5213d2be183038a
13800,-0.0027770535089075565,1005809.8435624286,p12v4m6-B-ppo-s1024,04a2b0275b05185e6210768e7f3a10c1f0aeb566ad45ed03a5213d2be183038a
13900,-0.015476586297154427,916846.2739570533,p12v4m6-B-ppo-s1024,04a2b0275b05185e6210768e7f3a10c1f0aeb566ad45ed03a5213d2be183038a
14000,-0.004134184680879116,835046.3354903935,p12v4m6-B-ppo-s1024,04a2b0275b05185e6210768e7f3a10c1f0aeb566ad45ed03a5213d2be183038a
14100,0.008102888241410255,731610.2245849362,p12v4m6-B-ppo-s1024,04a2b0275b05185e6210768e7f3a10c1f0aeb566ad45ed03a5213d2be183038a
14200,-0.0048430971801280975,738001.9431560787,p12v4m6-B-ppo-s1024,04a2b0275b05185e6210768e7f3a10c1f0aeb566ad45ed03a5213d2be183038a
14300,-0.003996655344963074,743405.4847810245,p12v4m6-B-ppo-s1024,04a2b0275b05185e6210768e7f3a10c1f0aeb566ad45ed03a5213d2be183038a
14400,0.0037967234384268522,735765.0074982829,p12v4m6-B-ppo-s1024,04a2b0275b05185e6210768e7f3a10c1f0aeb566ad45ed03a5213d2be183038a
14500,-0.007395762484520674,1046286.6518201672,p12v4m6-B-ppo-s1024,04a2b0275b05185e6210768e7f3a10c1f0aeb566ad45ed03a5213d2be183038a
14600,0.00542894983664155,973327.5211484564,p12v4m6-B-ppo-s1024,04a2b0275b05185e6210768e7f3a10c1f0aeb566ad45ed03a5213d2be183038a
14700,-0.0030058170668780804,904482.8507665425,p12v4m6-B-ppo-s1024,04a2b0275b05185e6210768e7f3a10c1f0aeb566ad45ed03a5213d2be183038a
14800,0.007373984903097153,841253.8114147905,p12v4m6-B-ppo-s1024,04a2b0275b05185e6210768e7f3a10c1f0aeb566ad45ed03a5213d2be183038a
14900,0.0008308617980219424,752787.0725635206,p12v4m6-B-ppo-s1024,04a2b0275b05185e6210768e7f3a10c1f0aeb566ad45ed03a5213d2be183038a
15000,-0.0037347516044974327,759202.6503468872,p12v4m6-B-ppo-s1024,04a2b0275b05185e6210768e7f3a10c1f0aeb566ad45ed03a5213d2be183038a
15100,0.0018424643203616142,683587.3269176561,p12v4m6-B-ppo-s1024,04a2b0275b05185e6210768e7f3a10c1f0aeb566ad45ed03a5213d2be183038a
15200,0.0017642484745010734,1036813.2441348487,p12v4m6-B-ppo-s1024,04a2b0275b05185e6210768e7f3a10c1f0aeb566ad45ed03a5213d2be183038a
15300,-0.004588159266859293,962975.5411772054,p12v4m6-B-ppo-s1024,04a2b0275b05185e6210768e7f3a10c1f0aeb566ad45ed03a5213d2be183038a
15400,-0.0011243608314543962,909148.1725930801,p12v4m6-B-ppo-s1024,04a2b0275b05185e6210768e7f3a10c1f0aeb566ad45ed03a5213d2be183038a
15500,0.0035628576297312975,774638.4278623414,p12v4m6-B-ppo-s1024,04a2b0275b05185e6210768e7f3a10c1f0aeb566ad45ed03a5213d2be183038a
15600,-0.010635972023010254,651254.5616840754,p12v4m6-B-ppo-s1024,04a2b0275b05185e6210768e7f3a10c1f0aeb566ad45ed03a5213d2be183038a
15700,0.00033118631108663976,676335.4417483282,p12v4m6-B-ppo-s1024,04a2b0275b05185e6210768e7f3a10c1f0aeb566ad45ed03a5213d2be183038a
15800,-0.002252003410831094,688127.8288715654,p12v4m6-B-ppo-s1024,04a2b0275b05185e6210768e7f3a10c1f0aeb566ad45ed03a5213d2be183038a
15900,-0.010060078464448452,657774.1445393161,p12v4m6-B-ppo-s1024,04a2b0275b05185e6210768e7f3a10c1f0aeb566ad45ed03a5213d2be183038a
16000,0.0014968371251598,1027215.1386243869,p12v4m6-B-ppo-s1024,04a2b0275b05185e6210768e7f3a10c1f0aeb566ad45ed03a5213d2be183038a
16100,-0.005423924420028925,959103.8097588358,p12v4m6-B-ppo-s1024,04a2b0275b05185e6210768e7f3a10c1f0aeb566ad45ed03a5213d2be183038a
16200,-0.003199791070073843,890827.311253718,p12v4m6-B-ppo-s1024,04a2b0275b05185e6210768e7f3a10c1f0aeb566ad45ed03a5213d2be183038a
16300,0.003698670770972967,793935.6786503845,p12v4m6-B-ppo-s1024,04a2b0275b05185e6210768e7f3a10c1f0aeb566ad45ed03a5213d2be183038a
16400,-0.0066059064120054245,753407.522466294,p12v4m6-B-ppo-s1024,04a2b0275b05185e6210768e7f3a10c1f0aeb566ad45ed03a5213d2be183038a
16500,0.0063869948498904705,750033.1146887008,p12v4m6-B-ppo-s1024,04a2b0275b05185e6210768e7f3a10c1f0aeb566ad45ed03a5213d2be183038a
16600,0.0021672167349606752,718328.7196020209,p12v4m6-B-ppo-s1024,04a2b0275b05185e6210768e7f3a10c1f0aeb566ad45ed03a5213d2be183038a
16700,0.0065375929698348045,1026875.9131723178,p12v4m6-B-ppo-s1024,04a2b0275b05185e6210768e7f3a10c1f0aeb566ad45ed03a5213d2be183038a
16800,0.0019158332142978907,1013335.0339778202,p12v4m6-B-ppo-s1024,04a2b0275b05185e6210768e7f3a10c1f0aeb566ad45ed03a5213d2be183038a
16900,-0.00042617981671355665,959220.1517971421,p12v4m6-B-ppo-s1024,04a2b0275b05185e6210768e7f3a10c1f0aeb566ad45ed03a5213d2be183038a
17000,0.0017756272573024035,821832.2543090777,p12v4m6-B-ppo-s1024,04a2b0275b05185e6210768e7f3a10c1f0aeb566ad45ed03a5213d2be183038a
17100,-0.013201136142015457,754654.9614459252,p12v4m6-B-ppo-s1024,04a2b0275b05185e6210768e7f3a10c1f0aeb566ad45ed03a5213d2be183038a
17200,-0.012001407332718372,767383.7109472109,p12v4m6-B-ppo-s1024,04a2b0275b05185e6210768e7f3a10c1f0aeb566ad45ed03a5213d2be183038a
17300,-0.0038319644518196583,756972.2755124598,p12v4m6-B-ppo-s1024,04a2b0275b05185e6210768e7f3a10c1f0aeb566ad45ed03a5213d2be183038a
17400,0.0016445701476186514,709197.373812691,p12v4m6-B-ppo-s1024,04a2b0275b05185e6210768e7f3a10c1f0aeb566ad45ed03a5213d2be183038a
17500,-0.004082683008164167,1034380.6266062524,p12v4m6-B-ppo-s1024,04a2b0275b05185e6210768e7f3a10c1f0aeb566ad45ed03a5213d2be183038a
17600,-0.004614079836755991,975037.9509548935,p12v4m6-B-ppo-s1024,04a2b0275b05185e6210768e7f3a10c1f0aeb566ad45ed03a5213d2be183038a
17700,0.007938824594020844,916453.8478386177,p12v4m6-B-ppo-s1024,04a2b0275b05185e6210768e7f3a10c1f0aeb566ad45ed03a5213d2be183038a
17800,-0.0011403555981814861,818913.171974212,p12v4m6-B-ppo-s1024,04a2b0275b05185e6210768e7f3a10c1f0aeb566ad45ed03a5213d2be183038a
17900,0.0068186307325959206,737207.0967918206,p12v4m6-B-ppo-s1024,04a2b0275b05185e6210768e7f3a10c1f0aeb566ad45ed03a5213d2be183038a
18000,-0.004569263197481632,707632.9096702979,p12v4m6-B-ppo-s1024,04a2b0275b05185e6210768e7f3a10c1f0aeb566ad45ed03a5213d2be183038a
18100,-0.0012387910392135382,677750.5123018794,p12v4m6-B-ppo-s1024,04a2b0275b05185e6210768e7f3a10c1f0aeb566ad45ed03a5213d2be183038a
18200,0.002601773012429476,1022085.0350318118,p12v4m6-B-ppo-s1024,04a2b0275b05185e6210768e7f3a10c1f0aeb566ad45ed03a5213d2be183038a
18300,-0.0022791705559939146,1022081.7388152729,p12v4m6-B-ppo-s1024,04a2b0275b05185e6210768e7f3a10c1f0aeb566ad45ed03a5213d2be183038a
18400,-0.001695664948783815,983492.8291264665,p12v4m6-B-ppo-s1024,04a2b0275b05185e6210768e7f3a10c1f0aeb566ad45ed03a5213d2be183038a
18500,-0.008210432715713978,893144.1076069408,p12v4m6-B-ppo-s1024,04a2b0275b05185e6210768e7f3a10c1f0aeb566ad45ed03a5213d2be183038a
18600,0.0050795963034033775,786364.0180165004,p12v4m6-B-ppo-s1024,04a2b0275b05185e6210768e7f3a10c1f0aeb566ad45ed03a5213d2be183038a
18700,0.004226012155413628,742586.6126282905,p12v4m6-B-ppo-s1024,04a2b0275b05185e6210768e7f3a10c1f0aeb566ad45ed03a5213d2be183038a
18800,0.011449521407485008,725705.7128085342,p12v4m6-B-ppo-s1024,04a2b0275b05185e6210768e7f3a10c1f0aeb566ad45ed03a5213d2be183038a
18900,-0.005117340013384819,665642.0801296006,p12v4m6-B-ppo-s1024,04a2b0275b05185e6210768e7f3a10c1f0aeb566ad45ed03a5213d2be183038a
19000,0.0004651997587643564,1034601.776762551,p12v4m6-B-ppo-s1024,04a2b0275b05185e6210768e7f3a10c1f0aeb566ad45ed03a5213d2be183038a
19100,0.0027632853016257286,1030136.4702229449,p12v4m6-B-ppo-s1024,04a2b0275b05185e6210768e7f3a10c1f0aeb566ad45ed03a5213d2be183038a
19200,0.0009032498928718269,999121.1280701222,p12v4m6-B-ppo-s1024,04a2b0275b05185e6210768e7f3a10c1f0aeb566ad45ed03a5213d2be183038a
19300,0.0007212209748104215,909638.51637919,p12v4m6-B-ppo-s1024,04a2b0275b05185e6210768e7f3a10c1f0aeb566ad45ed03a5213d2be183038a
19400,-0.002305209869518876,773070.6038656697,p12v4m6-B-ppo-s1024,04a2b0275b05185e6210768e7f3a10c1f0aeb566ad45ed03a5213d2be183038a
19500,-0.011864726431667805,824357.1627046074,p12v4m6-B-ppo-s1024,04a2b0275b05185e6210768e7f3a10c1f0aeb566ad45ed03a5213d2be183038a
19600,-0.0008017607615329325,841053.5429414654,p12v4m6-B-ppo-s1024,04a2b0275b05185e6210768e7f3a10c1f0aeb566ad45ed03a5213d2be183038a
19700,0.0024614431895315647,804490.8892487029,p12v4m6-B-ppo-s1024,04a2b0275b05185e6210768e7f3a10c1f0aeb566ad45ed03a5213d2be183038a
19800,-0.0017308301758021116,1069177.1428004769,p12v4m6-B-ppo-s1024,04a2b0275b05185e6210768e7f3a10c1f0aeb566ad45ed03a5213d2be183038a
19900,-0.009205491282045841,960876.7268364702,p12v4m6-B-ppo-s1024,04a2b0275b05185e6210768e7f3a10c1f0aeb566ad45ed03a5213d2be183038a
20000,0.012033405713737011,901206.8026322521,p12v4m6-B-ppo-s1024,04a2b0275b05185e6210768e7f3a10c1f0aeb566ad45ed03a5213d2be183038a
20100,-0.004379086662083864,808051.9993458086,p12v4m6-B-ppo-s1024,04a2b0275b05185e6210768e7f3a10c1f0aeb566ad45ed03a5213d2be183038a
20200,0.0012829093029722571,765231.5960033239,p12v4m6-B-ppo-s1024,04a2b0275b05185e6210768e7f3a10c1f0aeb566ad45ed03a5213d2be183038a
20300,0.0002849399752449244,764567.4316416208,p12v4m6-B-ppo-s1024,04a2b0275b05185e6210768e7f3a10c1f0aeb566ad45ed03a5213d2be183038a
20400,-0.005075248423963785,710331.117322095,p12v4m6-B-ppo-s1024,04a2b0275b05185e6210768e7f3a10c1f0aeb566ad45ed03a5213d2be183038a
20500,-0.0038713898975402117,1050922.3383715972,p12v4m6-B-ppo-s1024,04a2b0275b05185e6210768e7f3a10c1f0aeb566ad45ed03a5213d2be183038a
20600,-0.0005760911735706031,965850.4520599728,p12v4m6-B-ppo-s1024,04a2b0275b05185e6210768e7f3a10c1f0aeb566ad45ed03a5213d2be183038a
20700,-0.0012975097633898258,913760.8665165916,p12v4m6-B-ppo-s1024,04a2b0275b05185e6210768e7f3a10c1f0aeb566ad45ed03a5213d2be183038a
20800,0.011773042380809784,811710.919669801,p12v4m6-B-ppo-s1024,04a2b0275b05185e6210768e7f3a10c1f0aeb566ad45ed03a5213d2be183038a
20900,-0.009087741374969482,693555.9642661083,p12v4m6-B-ppo-s1024,04a2b0275b05185e6210768e7f3a10c1f0aeb566ad45ed03a5213d2be183038a
21000,0.006309120450168848,709897.790336254,p12v4m6-B-ppo-s1024,04a2b0275b05185e6210768e7f3a10c1f0aeb566ad45ed03a5213d2be183038a
21100,-0.0009388586040586233,666911.909992823,p12v4m6-B-ppo-s1024,04a2b0275b05185e6210768e7f3a10c1f0aeb566ad45ed03a5213d2be183038a
21200,-0.0028088665567338467,628846.1794945652,p12v4m6-B-ppo-s1024,04a2b0275b05185e6210768e7f3a10c1f0aeb566ad45ed03a5213d2be183038a
21300,0.003645475022494793,1093650.1974271259,p12v4m6-B-ppo-s1024,04a2b0275b05185e6210768e7f3a10c1f0aeb566ad45ed03a5213d2be183038a
21400,-0.0032090172171592712,1009041.3786277599,p12v4m6-B-ppo-s1024,04a2b0275b05185e6210768e7f3a10c1f0aeb566ad45ed03a5213d2be183038a
21500,-0.011651921086013317,934138.4484630274,p12v4m6-B-ppo-s1024,04a2b0275b05185e6210768e7f3a10c1f0aeb566ad45ed03a5213d2be183038a
21600,-0.00750592490658164,785019.045194776,p12v4m6-B-ppo-s1024,04a2b0275b05185e6210768e7f3a10c1f0aeb566ad45ed03a5213d2be183038a
21700,0.004430132452398539,753583.6811567418,p12v4m6-B-ppo-s1024,04a2b0275b05185e6210768e7f3a10c1f0aeb566ad45ed03a5213d2be183038a
21800,0.00010890491103054956,758100.4616515489,p12v4m6-B-ppo-s1024,04a2b0275b05185e6210768e7f3a10c1f0aeb566ad45ed03a5213d2be183038a
21900,-0.0026675593107938766,726369.0185932146,p12v4m6-B-ppo-s1024,04a2b0275b05185e6210768e7f3a10c1f0aeb566ad45ed03a5213d2be183038a
22000,-0.004562631715089083,1044159.3245413132,p12v4m6-B-ppo-s1024,04a2b0275b05185e6210768e7f3a10c1f0aeb566ad45ed03a5213d2be183038a
22100,-0.0062388344667851925,982501.8764405486,p12v4m6-B-ppo-s1024,04a2b0275b05185e6210768e7f3a10c1f0aeb566ad45ed03a5213d2be183038a
22200,0.0010204757563769817,900515.0826666685,p12v4m6-B-ppo-s1024,04a2b0275b05185e6210768e7f3a10c1f0aeb566ad45ed03a5213d2be183038a
22300,-0.012580533511936665,803628.4415261182,p12v4m6-B-ppo-s1024,04a2b0275b05185e6210768e7f3a10c1f0aeb566ad45ed03a5213d2be183038a
22400,0.0053126197308301926,716200.8665158456,p12v4m6-B-ppo-s1024,04a2b0275b05185e6210768e7f3a10c1f0aeb566ad45ed03a5213d2be183038a
22500,-0.0027072636876255274,721555.6251675019,p12v4m6-B-ppo-s1024,04a2b0275b05185e6210768e7f3a10c1f0aeb566ad45ed03a5213d2be183038a
22600,0.0033697437029331923,684815.462736756,p12v4m6-B-ppo-s1024,04a2b0275b05185e6210768e7f3a10c1f0aeb566ad45ed03a5213d2be183038a
22700,0.004022599663585424,635519.6178999752,p12v4m6-B-ppo-s1024,04a2b0275b05185e6210768e7f3a10c1f0aeb566ad45ed03a5213d2be183038a
22800,0.004143481142818928,1047199.9273234482,p12v4m6-B-ppo-s1024,04a2b0275b05185e6210768e7f3a10c1f0aeb566ad45ed03a5213d2be183038a
22900,0.0034277583472430706,1030952.1722269087,p12v4m6-B-ppo-s1024,04a2b0275b05185e6210768e7f3a10c1f0aeb566ad45ed03a5213d2be183038a
23000,0.0033645464573055506,914987.9481149864,p12v4m6-B-ppo-s1024,04a2b0275b05185e6210768e7f3a10c1f0aeb566ad45ed03a5213d2be183038a
23100,-0.005918898154050112,809196.2046810426,p12v4m6-B-ppo-s1024,04a2b0275b05185e6210768e7f3a10c1f0aeb566ad45ed03a5213d2be183038a
23200,0.0056982021778821945,729467.5499005644,p12v4m6-B-ppo-s1024,04a2b0275b05185e6210768e7f3a10c1f0aeb566ad45ed03a5213d2be183038a
23300,-0.0014902972616255283,743193.4447029599,p12v4m6-B-ppo-s1024,04a2b0275b05185e6210768e7f3a10c1f0aeb566ad45ed03a5213d2be183038a
23400,-0.005480787716805935,708609.902142491,p12v4m6-B-ppo-s1024,04a2b0275b05185e6210768e7f3a10c1f0aeb566ad45ed03a5213d2be183038a
23500,0.002543386537581682,1002876.7722095232,p12v4m6-B-ppo-s1024,04a2b0275b05185e6210768e7f3a10c1f0aeb566ad45ed03a5213d2be183038a
23600,-0.002719063078984618,1058919.1531533967,p12v4m6-B-ppo-s1024,04a2b0275b05185e6210768e7f3a10c1f0aeb566ad45ed03a5213d2be183038a
23700,-0.007319404743611813,984072.2603044613,p12v4m6-B-ppo-s1024,04a2b0275b05185e6210768e7f3a10c1f0aeb566ad45ed03a5213d2be183038a
23800,0.0027600284665822983,908758.8968968793,p12v4m6-B-ppo-s1024,04a2b0275b05185e6210768e7f3a10c1f0aeb566ad45ed03a5213d2be183038a
23900,0.00025730408378876746,807090.5680716627,p12v4m6-B-ppo-s1024,04a2b0275b05185e6210768e7f3a10c1f0aeb566ad45ed03a5213d2be183038a
24000,-0.0076572778634727,722881.9168808464,p12v4m6-B-ppo-s1024,04a2b0275b05185e6210768e7f3a10c1f0aeb566ad45ed03a5213d2be183038a
24100,-0.0028929708059877157,702137.4556154328,p12v4m6-B-ppo-s1024,04a2b0275b05185e6210768e7f3a10c1f0aeb566ad45ed03a5213d2be183038a
24200,0.0021012688521295786,663015.1748485874,p12v4m6-B-ppo-s1024,04a2b0275b05185e6210768e7f3a10c1f0aeb566ad45ed03a5213d2be183038a
24300,-0.001446296228095889,1037457.7817251398,p12v4m6-B-ppo-s1024,04a2b0275b05185e6210768e7f3a10c1f0aeb566ad45ed03a5213d2be183038a
24400,-0.001936051994562149,974849.9903943173,p12v4m6-B-ppo-s1024,04a2b0275b05185e6210768e7f3a10c1f0aeb566ad45ed03a5213d2be183038a
24500,-0.003174208104610443,936631.9505198745,p12v4m6-B-ppo-s1024,04a2b0275b05185e6210768e7f3a10c1f0aeb566ad45ed03a5213d2be183038a
24600,0.006680269725620747,852919.6090795309,p12v4m6-B-ppo-s1024,04a2b0275b05185e6210768e7f3a10c1f0aeb566ad45ed03a5213d2be183038a
24700,-0.003842465113848448,722056.1088220003,p12v4m6-B-ppo-s1024,04a2b0275b05185e6210768e7f3a10c1f0aeb566ad45ed03a5213d2be183038a
24800,-0.004171488340944052,761497.0237025099,p12v4m6-B-ppo-s1024,04a2b0275b05185e6210768e7f3a10c1f0aeb566ad45ed03a5213d2be183038a
24900,0.001554264104925096,742942.8739118433,p12v4m6-B-ppo-s1024,04a2b0275b05185e6210768e7f3a10c1f0aeb566ad45ed03a5213d2be183038a
25000,3.479229781078175e-05,708975.1633898481,p12v4m6-B-ppo-s1024,04a2b0275b05185e6210768e7f3a10c1f0aeb566ad45ed03a5213d2be183038a
25100,-0.0008183084428310394,1084197.3585811306,p12v4m6-B-ppo-s1024,04a2b0275b05185e6210768e7f3a10c1f0aeb566ad45ed03a5213d2be183038a
25200,-0.0028251612093299627,1007560.9572252642,p12v4m6-B-ppo-s1024,04a2b0275b05185e6210768e7f3a10c1f0aeb566ad45ed03a5213d2be183038a
25300,-0.017098180949687958,908166.2367410274,p12v4m6-B-ppo-s1024,04a2b0275b05185e6210768e7f3a10c1f0aeb566ad45ed03a5213d2be183038a
25400,0.0028212161269038916,842011.3231270767,p12v4m6-B-ppo-s1024,04a2b0275b05185e6210768e7f3a10c1f0aeb566ad45ed03a5213d2be183038a
25500,0.007851088419556618,791167.8189549105,p12v4m6-B-ppo-s1024,04a2b0275b05185e6210768e7f3a10c1f0aeb566ad45ed03a5213d2be183038a
25600,0.0007801449974067509,753162.5834077442,p12v4m6-B-ppo-s1024,04a2b0275b05185e6210768e7f3a10c1f0aeb566ad45ed03a5213d2be183038a
25700,-0.007295459974557161,714253.1051502959,p12v4m6-B-ppo-s1024,04a2b0275b05185e6210768e7f3a10c1f0aeb566ad45ed03a5213d2be183038a
25800,0.01053072139620781,1062691.7691146052,p12v4m6-B-ppo-s1024,04a2b0275b05185e6210768e7f3a10c1f0aeb566ad45ed03a5213d2be183038a
25900,0.005126085132360458,1004880.0081720146,p12v4m6-B-ppo-s1024,04a2b0275b05185e6210768e7f3a10c1f0aeb566ad45ed03a5213d2be183038a
26000,0.002434628549963236,946099.4928877442,p12v4m6-B-ppo-s1024,04a2b0275b05185e6210768e7f3a10c1f0aeb566ad45ed03a5213d2be183038a
26100,-0.006438216660171747,796172.2155623706,p12v4m6-B-ppo-s1024,04a2b0275b05185e6210768e7f3a10c1f0aeb566ad45ed03a5213d2be183038a
26200,0.0007985396077856421,714188.38954905,p12v4m6-B-ppo-s1024,04a2b0275b05185e6210768e7f3a10c1f0aeb566ad45ed03a5213d2be183038a
26300,-0.0032864257227629423,724060.053141787,p12v4m6-B-ppo-s1024,04a2b0275b05185e6210768e7f3a10c1f0aeb566ad45ed03a5213d2be183038a
26400,-0.00010433080024085939,698738.8959701265,p12v4m6-B-ppo-s1024,04a2b0275b05185e6210768e7f3a10c1f0aeb566ad45ed03a5213d2be183038a
26500,0.00622048182412982,657806.3453995967,p12v4m6-B-ppo-s1024,04a2b0275b05185e6210768e7f3a10c1f0aeb566ad45ed03a5213d2be183038a
26600,0.0078055826015770435,1050944.5156689426,p12v4m6-B-ppo-s1024,04a2b0275b05185e6210768e7f3a10c1f0aeb566ad45ed03a5213d2be183038a
26700,-0.007271820213645697,964919.6252027684,p12v4m6-B-ppo-s1024,04a2b0275b05185e6210768e7f3a10c1f0aeb566ad45ed03a5213d2be183038a
26800,-0.0013849935494363308,896780.8826094224,p12v4m6-B-ppo-s1024,04a2b0275b05185e6210768e7f3a10c1f0aeb566ad45ed03a5213d2be183038a
26900,0.003117620712146163,800259.6565711322,p12v4m6-B-ppo-s1024,04a2b0275b05185e6210768e7f3a10c1f0aeb566ad45ed03a5213d2be183038a
27000,-0.004693898372352123,734638.8335543475,p12v4m6-B-ppo-s1024,04a2b0275b05185e6210768e7f3a10c1f0aeb566ad45ed03a5213d2be183038a
27100,0.0006341558182612062,737835.0509391659,p12v4m6-B-ppo-s1024,04a2b0275b05185e6210768e7f3a10c1f0aeb566ad45ed03a5213d2be183038a
27200,0.006636528763920069,705793.7762732824,p12v4m6-B-ppo-s1024,04a2b0275b05185e6210768e7f3a10c1f0aeb566ad45ed03a5213d2be183038a
27300,0.001857116469182074,1043362.8764115303,p12v4m6-B-ppo-s1024,04a2b0275b05185e6210768e7f3a10c1f0aeb566ad45ed03a5213d2be183038a
27400,-0.0012811475899070501,1028572.0501872066,p12v4m6-B-ppo-s1024,04a2b0275b05185e6210768e7f3a10c1f0aeb566ad45ed03a5213d2be183038a
27500,0.0018381874542683363,985788.9790162701,p12v4m6-B-ppo-s1024,04a2b0275b05185e6210768e7f3a10c1f0aeb566ad45ed03a5213d2be183038a
27600,-0.0035330657847225666,891539.3546401232,p12v4m6-B-ppo-s1024,04a2b0275b05185e6210768e7f3a10c1f0aeb566ad45ed03a5213d2be183038a
27700,-0.004925692453980446,794942.4989941675,p12v4m6-B-ppo-s1024,04a2b0275b05185e6210768e7f3a10c1f0aeb566ad45ed03a5213d2be183038a
27800,-0.006173073314130306,762821.9390614886,p12v4m6-B-ppo-s1024,04a2b0275b05185e6210768e7f3a10c1f0aeb566ad45ed03a5213d2be183038a
27900,-0.005538472440093756,753399.2776412782,p12v4m6-B-ppo-s1024,04a2b0275b05185e6210768e7f3a10c1f0aeb566ad45ed03a5213d2be183038a
28000,-0.00463484413921833,695269.5649933855,p12v4m6-B-ppo-s1024,04a2b0275b05185e6210768e7f3a10c1f0aeb566ad45ed03a5213d2be183038a
28100,0.004253587685525417,1054313.0852204775,p12v4m6-B-ppo-s1024,04a2b0275b05185e6210768e7f3a10c1f0aeb566ad45ed03a5213d2be183038a
28200,0.005999985616654158,1046649.3303447576,p12v4m6-B-ppo-s1024,04a2b0275b05185e6210768e7f3a10c1f0aeb566ad45ed03a5213d2be183038a
28300,-0.003533017123118043,981567.8509382239,p12v4m6-B-ppo-s1024,04a2b0275b05185e6210768e7f3a10c1f0aeb566ad45ed03a5213d2be183038a
28400,-0.005570399109274149,885047.4710987404,p12v4m6-B-ppo-s1024,04a2b0275b05185e6210768e7f3a10c1f0aeb566ad45ed03a5213d2be183038a
28500,-0.010794563218951225,758253.7338343046,p12v4m6-B-ppo-s1024,04a2b0275b05185e6210768e7f3a10c1f0aeb566ad45ed03a5213d2be183038a
28600,-0.00536044966429472,776945.4025753886,p12v4m6-B-ppo-s1024,04a2b0275b05185e6210768e7f3a10c1f0aeb566ad45ed03a5213d2be183038a
28700,0.0032207679469138384,761935.7736145296,p12v4m6-B-ppo-s1024,04a2b0275b05185e6210768e7f3a10c1f0aeb566ad45ed03a5213d2be183038a
28800,-0.002431366126984358,736304.8597536235,p12v4m6-B-ppo-s1024,04a2b0275b05185e6210768e7f3a10c1f0aeb566ad45ed03a5213d2be183038a
28900,-0.009713037870824337,1023506.4595675156,p12v4m6-B-ppo-s1024,04a2b0275b05185e6210768e7f3a10c1f0aeb566ad45ed03a5213d2be183038a
29000,-0.004006099421530962,932554.1711991024,p12v4m6-B-ppo-s1024,04a2b0275b05185e6210768e7f3a10c1f0aeb566ad45ed03a5213d2be183038a
29100,0.0005552175571210682,863030.859236036,p12v4m6-B-ppo-s1024,04a2b0275b05185e6210768e7f3a10c1f0aeb566ad45ed03a5213d2be183038a
29200,-0.005768359173089266,770100.9929357836,p12v4m6-B-ppo-s1024,04a2b0275b05185e6210768e7f3a10c1f0aeb566ad45ed03a5213d2be183038a
29300,0.0014595944667235017,706311.6647458379,p12v4m6-B-ppo-s1024,04a2b0275b05185e6210768e7f3a10c1f0aeb566ad45ed03a5213d2be183038a
29400,0.0019517275504767895,688094.7616496981,p12v4m6-B-ppo-s1024,04a2b0275b05185e6210768e7f3a10c1f0aeb566ad45ed03a5213d2be183038a
29500,-0.003237440949305892,635712.4976152633,p12v4m6-B-ppo-s1024,04a2b0275b05185e6210768e7f3a10c1f0aeb566ad45ed03a5213d2be183038a
29600,0.004393070936203003,1038246.902064396,p12v4m6-B-ppo-s1024,04a2b0275b05185e6210768e7f3a10c1f0aeb566ad45ed03a5213d2be183038a
29700,0.00015033979434520006,965398.7890334337,p12v4m6-B-ppo-s1024,04a2b0275b05185e6210768e7f3a10c1f0aeb566ad45ed03a5213d2be183038a
29800,0.0035487946588546038,929371.9454876248,p12v4m6-B-ppo-s1024,04a2b0275b05185e6210768e7f3a10c1f0aeb566ad45ed03a5213d2be183038a
29900,-0.0002964131999760866,804784.4912646321,p12v4m6-B-ppo-s1024,04a2b0275b05185e6210768e7f3a10c1f0aeb566ad45ed03a5213d2be183038a
30000,-0.002877121791243553,695437.8915107605,p12v4m6-B-ppo-s1024,04a2b0275b05185e6210768e7f3a10c1f0aeb566ad45ed03a5213d2be183038a
30100,-0.004041914362460375,707118.6699134645,p12v4m6-B-ppo-s1024,04a2b0275b05185e6210768e7f3a10c1f0aeb566ad45ed03a5213d2be183038a
30200,-0.001308285747654736,691097.0790057159,p12v4m6-B-ppo-s1024,04a2b0275b05185e6210768e7f3a10c1f0aeb566ad45ed03a5213d2be183038a
30300,0.006811186671257019,673010.1313169325,p12v4m6-B-ppo-s1024,04a2b0275b05185e6210768e7f3a10c1f0aeb566ad45ed03a5213d2be183038a
30400,0.004937251564115286,1022300.5367272317,p12v4m6-B-ppo-s1024,04a2b0275b05185e6210768e7f3a10c1f0aeb566ad45ed03a5213d2be183038a
30500,-0.0037186089903116226,960919.4194976691,p12v4m6-B-ppo-s1024,04a2b0275b05185e6210768e7f3a10c1f0aeb566ad45ed03a5213d2be183038a
30600,-0.00043876227573491633,912120.0655826344,p12v4m6-B-ppo-s1024,04a2b0275b05185e6210768e7f3a10c1f0aeb566ad45ed03a5213d2be183038a
30700,0.0030225112568587065,784494.9927257829,p12v4m6-B-ppo-s1024,04a2b0275b05185e6210768e7f3a10c1f0aeb566ad45ed03a5213d2be183038a
30800,-0.0011481466935947537,747207.4122780622,p12v4m6-B-ppo-s1024,04a2b0275b05185e6210768e7f3a10c1f0aeb566ad45ed03a5213d2be183038a
30900,-0.0046597872860729694,717012.0786670597,p12v4m6-B-ppo-s1024,04a2b0275b05185e6210768e7f3a10c1f0aeb566ad45ed03a5213d2be183038a
31000,-0.0009670045110397041,685193.3502975408,p12v4m6-B-ppo-s1024,04a2b0275b05185e6210768e7f3a10c1f0aeb566ad45ed03a5213d2be183038a
31100,0.004465760663151741,1046997.5663454568,p12v4m6-B-ppo-s1024,04a2b0275b05185e6210768e7f3a10c1f0aeb566ad45ed03a5213d2be183038a
31200,0.003422546898946166,1016287.8926884168,p12v4m6-B-ppo-s1024,04a2b0275b05185e6210768e7f3a10c1f0aeb566ad45ed03a5213d2be183038a
31300,-0.0008932207711040974,982085.4613129881,p12v4m6-B-ppo-s1024,04a2b0275b05185e6210768e7f3a10c1f0aeb566ad45ed03a5213d2be183038a
31400,0.002629691967740655,858192.4827511719,p12v4m6-B-ppo-s1024,04a2b0275b05185e6210768e7f3a10c1f0aeb566ad45ed03a5213d2be183038a
31500,-0.010392346419394016,819856.1877613927,p12v4m6-B-ppo-s1024,04a2b0275b05185e6210768e7f3a10c1f0aeb566ad45ed03a5213d2be183038a
31600,0.0010317997075617313,831390.805602235,p12v4m6-B-ppo-s1024,04a2b0275b05185e6210768e7f3a10c1f0aeb566ad45ed03a5213d2be183038a
31700,0.0008478870149701834,794406.8435305691,p12v4m6-B-ppo-s1024,04a2b0275b05185e6210768e7f3a10c1f0aeb566ad45ed03a5213d2be183038a
31800,-7.834981806809083e-05,756900.9608333464,p12v4m6-B-ppo-s1024,04a2b0275b05185e6210768e7f3a10c1f0aeb566ad45ed03a5213d2be183038a
31900,-0.002956970827654004,1052371.37354604,p12v4m6-B-ppo-s1024,04a2b0275b05185e6210768e7f3a10c1f0aeb566ad45ed03a5213d2be183038a
32000,-0.0020457077771425247,1037100.8407773532,p12v4m6-B-ppo-s1024,04a2b0275b05185e6210768e7f3a10c1f0aeb566ad45ed03a5213d2be183038a
32100,0.0005666529177688062,941061.5403500233,p12v4m6-B-ppo-s1024,04a2b0275b05185e6210768e7f3a10c1f0aeb566ad45ed03a5213d2be183038a
32200,0.0024757811333984137,829999.7884055284,p12v4m6-B-ppo-s1024,04a2b0275b05185e6210768e7f3a10c1f0aeb566ad45ed03a5213d2be183038a
32300,0.018600186333060265,780197.723154493,p12v4m6-B-ppo-s1024,04a2b0275b05185e6210768e7f3a10c1f0aeb566ad45ed03a5213d2be183038a
32400,0.004076741170138121,776528.09511334,p12v4m6-B-ppo-s1024,04a2b0275b05185e6210768e7f3a10c1f0aeb566ad45ed03a5213d2be183038a
32500,-0.0006241519004106522,732685.9178202583,p12v4m6-B-ppo-s1024,04a2b0275b05185e6210768e7f3a10c1f0aeb566ad45ed03a5213d2be183038a
32600,0.004431910812854767,1018607.2092635183,p12v4m6-B-ppo-s1024,04a2b0275b05185e6210768e7f3a10c1f0aeb566ad45ed03a5213d2be183038a
32700,-0.005267977714538574,985026.7205197661,p12v4m6-B-ppo-s1024,04a2b0275b05185e6210768e7f3a10c1f0aeb566ad45ed03a5213d2be183038a
32800,-0.0023018536157906055,918845.0603077683,p12v4m6-B-ppo-s1024,04a2b0275b05185e6210768e7f3a10c1f0aeb566ad45ed03a5213d2be183038a
32900,-0.007621480617672205,853826.8779478263,p12v4m6-B-ppo-s1024,04a2b0275b05185e6210768e7f3a10c1f0aeb566ad45ed03a5213d2be183038a
33000,-0.0034733309876173735,742830.5028351224,p12v4m6-B-ppo-s1024,04a2b0275b05185e6210768e7f3a10c1f0aeb566ad45ed03a5213d2be183038a
33100,0.0033810134045779705,686384.7559605082,p12v4m6-B-ppo-s1024,04a2b0275b05185e6210768e7f3a10c1f0aeb566ad45ed03a5213d2be183038a
33200,-0.004413883201777935,654915.4499401868,p12v4m6-B-ppo-s1024,04a2b0275b05185e6210768e7f3a10c1f0aeb566ad45ed03a5213d2be183038a
33300,-0.007574054412543774,609897.9683403601,p12v4m6-B-ppo-s1024,04a2b0275b05185e6210768e7f3a10c1f0aeb566ad45ed03a5213d2be183038a
33400,-0.008803033269941807,1044215.3808326921,p12v4m6-B-ppo-s1024,04a2b0275b05185e6210768e7f3a10c1f0aeb566ad45ed03a5213d2be183038a
33500,-0.0006437138072215021,991354.4845695558,p12v4m6-B-ppo-s1024,04a2b0275b05185e6210768e7f3a10c1f0aeb566ad45ed03a5213d2be183038a
33600,-0.0039044709410518408,948772.2532887955,p12v4m6-B-ppo-s1024,04a2b0275b05185e6210768e7f3a10c1f0aeb566ad45ed03a5213d2be183038a
33700,0.0016930358251556754,841109.5957903108,p12v4m6-B-ppo-s1024,04a2b0275b05185e6210768e7f3a10c1f0aeb566ad45ed03a5213d2be183038a
33800,-0.0036133083049207926,734650.4140690867,p12v4m6-B-ppo-s1024,04a2b0275b05185e6210768e7f3a10c1f0aeb566ad45ed03a5213d2be183038a
33900,-0.012702529318630695,756354.0295118034,p12v4m6-B-ppo-s1024,04a2b0275b05185e6210768e7f3a10c1f0aeb566ad45ed03a5213d2be183038a
34000,0.0011643398320302367,760746.2856838325,p12v4m6-B-ppo-s1024,04a2b0275b05185e6210768e7f3a10c1f0aeb566ad45ed03a5213d2be183038a
34100,-0.0010859757894650102,713943.6789858978,p12v4m6-B-ppo-s1024,04a2b0275b05185e6210768e7f3a10c1f0aeb566ad45ed03a5213d2be183038a
34200,-0.0037428655195981264,1085871.4240177325,p12v4m6-B-ppo-s1024,04a2b0275b05185e6210768e7f3a10c1f0aeb566ad45ed03a5213d2be183038a
34300,-0.005224253516644239,1006908.8873449235,p12v4m6-B-ppo-s1024,04a2b0275b05185e6210768e7f3a10c1f0aeb566ad45ed03a5213d2be183038a
34400,-0.011319929733872414,907225.8558118303,p12v4m6-B-ppo-s1024,04a2b0275b05185e6210768e7f3a10c1f0aeb566ad45ed03a5213d2be183038a
34500,-0.0031572114676237106,833884.6500990094,p12v4m6-B-ppo-s1024,04a2b0275b05185e6210768e7f3a10c1f0aeb566ad45ed03a5213d2be183038a
34600,-0.007275681011378765,749726.0777437089,p12v4m6-B-ppo-s1024,04a2b0275b05185e6210768e7f3a10c1f0aeb566ad45ed03a5213d2be183038a
34700,-0.004577354062348604,734728.8923735503,p12v4m6-B-ppo-s1024,04a2b0275b05185e6210768e7f3a10c1f0aeb566ad45ed03a5213d2be183038a
34800,-0.0048493798822164536,687661.5100954634,p12v4m6-B-ppo-s1024,04a2b0275b05185e6210768e7f3a10c1f0aeb566ad45ed03a5213d2be183038a
34900,-0.004097675438970327,1053770.817252101,p12v4m6-B-ppo-s1024,04a2b0275b05185e6210768e7f3a10c1f0aeb566ad45ed03a5213d2be183038a
35000,-0.0019777484703809023,982315.4412736325,p12v4m6-B-ppo-s1024,04a2b0275b05185e6210768e7f3a10c1f0aeb566ad45ed03a5213d2be183038a
35100,0.0019042066996917129,942421.053948142,p12v4m6-B-ppo-s1024,04a2b0275b05185e6210768e7f3a10c1f0aeb566ad45ed03a5213d2be183038a
35200,-0.005491286516189575,801815.1036321358,p12v4m6-B-ppo-s1024,04a2b0275b05185e6210768e7f3a10c1f0aeb566ad45ed03a5213d2be183038a
35300,-0.0049090394750237465,704316.2529151337,p12v4m6-B-ppo-s1024,04a2b0275b05185e6210768e7f3a10c1f0aeb566ad45ed03a5213d2be183038a
35400,-0.006360380444675684,740080.3348970577,p12v4m6-B-ppo-s1024,04a2b0275b05185e6210768e7f3a10c1f0aeb566ad45ed03a5213d2be183038a
35500,-0.0002962652943097055,702710.5016052118,p12v4m6-B-ppo-s1024,04a2b0275b05185e6210768e7f3a10c1f0aeb566ad45ed03a5213d2be183038a
35600,-5.019893796998076e-05,682450.391717756,p12v4m6-B-ppo-s1024,04a2b0275b05185e6210768e7f3a10c1f0aeb566ad45ed03a5213d2be183038a
35700,0.011585159227252007,1089438.886925995,p12v4m6-B-ppo-s1024,04a2b0275b05185e6210768e7f3a10c1f0aeb566ad45ed03a5213d2be183038a
35800,0.00014563680451828986,997473.1736579001,p12v4m6-B-ppo-s1024,04a2b0275b05185e6210768e7f3a10c1f0aeb566ad45ed03a5213d2be183038a
35900,-0.0014159232378005981,949251.4189824548,p12v4m6-B-ppo-s1024,04a2b0275b05185e6210768e7f3a10c1f0aeb566ad45ed03a5213d2be183038a
36000,-0.0002524152514524758,818103.8992879282,p12v4m6-B-ppo-s1024,04a2b0275b05185e6210768e7f3a10c1f0aeb566ad45ed03a5213d2be183038a
36100,-0.003606310812756419,773136.5195456098,p12v4m6-B-ppo-s1024,04a2b0275b05185e6210768e7f3a10c1f0aeb566ad45ed03a5213d2be183038a
36200,0.00033043348230421543,750888.5610045663,p12v4m6-B-ppo-s1024,04a2b0275b05185e6210768e7f3a10c1f0aeb566ad45ed03a5213d2be183038a
36300,0.0016126760747283697,728676.8303650772,p12v4m6-B-ppo-s1024,04a2b0275b05185e6210768e7f3a10c1f0aeb566ad45ed03a5213d2be183038a
36400,0.002714351052418351,1056826.1165789478,p12v4m6-B-ppo-s1024,04a2b0275b05185e6210768e7f3a10c1f0aeb566ad45ed03a5213d2be183038a
36500,0.0021433753427118063,1021864.1825819773,p12v4m6-B-ppo-s1024,04a2b0275b05185e6210768e7f3a10c1f0aeb566ad45ed03a5213d2be183038a
36600,-0.005461435299366713,925014.7840720249,p12v4m6-B-ppo-s1024,04a2b0275b05185e6210768e7f3a10c1f0aeb566ad45ed03a5213d2be183038a
36700,-0.0020494069904088974,862216.5521585953,p12v4m6-B-ppo-s1024,04a2b0275b05185e6210768e7f3a10c1f0aeb566ad45ed03a5213d2be183038a
36800,-0.0051070451736450195,729649.7214164562,p12v4m6-B-ppo-s1024,04a2b0275b05185e6210768e7f3a10c1f0aeb566ad45ed03a5213d2be183038a
36900,0.0019875476136803627,700113.1151801628,p12v4m6-B-ppo-s1024,04a2b0275b05185e6210768e7f3a10c1f0aeb566ad45ed03a5213d2be183038a
37000,-0.002030756324529648,673222.9941408377,p12v4m6-B-ppo-s1024,04a2b0275b05185e6210768e7f3a10c1f0aeb566ad45ed03a5213d2be183038a
37100,0.004283341113477945,620507.6939049634,p12v4m6-B-ppo-s1024,04a2b0275b05185e6210768e7f3a10c1f0aeb566ad45ed03a5213d2be183038a
37200,0.00028777591069228947,1065255.129056063,p12v4m6-B-ppo-s1024,04a2b0275b05185e6210768e7f3a10c1f0aeb566ad45ed03a5213d2be183038a
37300,-0.0030747526325285435,1048976.9138814416,p12v4m6-B-ppo-s1024,04a2b0275b05185e6210768e7f3a10c1f0aeb566ad45ed03a5213d2be183038a
37400,-0.01569002866744995,952334.7296952291,p12v4m6-B-ppo-s1024,04a2b0275b05185e6210768e7f3a10c1f0aeb566ad45ed03a5213d2be183038a
37500,-0.0031944250222295523,851726.9024809932,p12v4m6-B-ppo-s1024,04a2b0275b05185e6210768e7f3a10c1f0aeb566ad45ed03a5213d2be183038a
37600,-0.005428605247288942,751237.654626169,p12v4m6-B-ppo-s1024,04a2b0275b05185e6210768e7f3a10c1f0aeb566ad45ed03a5213d2be183038a
37700,0.0027375626377761364,777866.3289667576,p12v4m6-B-ppo-s1024,04a2b0275b05185e6210768e7f3a10c1f0aeb566ad45ed03a5213d2be183038a
37800,-0.007864152081310749,760819.1108424121,p12v4m6-B-ppo-s1024,04a2b0275b05185e6210768e7f3a10c1f0aeb566ad45ed03a5213d2be183038a
37900,0.0016359105939045548,714839.3326338404,p12v4m6-B-ppo-s1024,04a2b0275b05185e6210768e7f3a10c1f0aeb566ad45ed03a5213d2be183038a
38000,-0.0010260898852720857,1048901.6467366791,p12v4m6-B-ppo-s1024,04a2b0275b05185e6210768e7f3a10c1f0aeb566ad45ed03a5213d2be183038a
38100,0.00407737772911787,983749.0422410804,p12v4m6-B-ppo-s1024,04a2b0275b05185e6210768e7f3a10c1f0aeb566ad45ed03a5213d2be183038a
38200,-0.0036362912505865097,881388.5389793605,p12v4m6-B-ppo-s1024,04a2b0275b05185e6210768e7f3a10c1f0aeb566ad45ed03a5213d2be183038a
38300,-0.0005872956826351583,794009.5569216923,p12v4m6-B-ppo-s1024,04a2b0275b05185e6210768e7f3a10c1f0aeb566ad45ed03a5213d2be183038a
38400,0.0022922842763364315,725436.2484101683,p12v4m6-B-ppo-s1024,04a2b0275b05185e6210768e7f3a10c1f0aeb566ad45ed03a5213d2be183038a
38500,-0.01061639841645956,732459.4566810288,p12v4m6-B-ppo-s1024,04a2b0275b05185e6210768e7f3a10c1f0aeb566ad45ed03a5213d2be183038a
38600,0.004934876225888729,695489.8197836934,p12v4m6-B-ppo-s1024,04a2b0275b05185e6210768e7f3a10c1f0aeb566ad45ed03a5213d2be183038a
38700,-0.01114077027887106,1040838.981347535,p12v4m6-B-ppo-s1024,04a2b0275b05185e6210768e7f3a10c1f0aeb566ad45ed03a5213d2be183038a
38800,-0.0019513496663421392,986932.5954111987,p12v4m6-B-ppo-s1024,04a2b0275b05185e6210768e7f3a10c1f0aeb566ad45ed03a5213d2be183038a
38900,0.002415973227471113,959851.2478819517,p12v4m6-B-ppo-s1024,04a2b0275b05185e6210768e7f3a10c1f0aeb566ad45ed03a5213d2be183038a
39000,0.011311814188957214,821916.3109056707,p12v4m6-B-ppo-s1024,04a2b0275b05185e6210768e7f3a10c1f0aeb566ad45ed03a5213d2be183038a
39100,0.0012406163150444627,690068.9818141286,p12v4m6-B-ppo-s1024,04a2b0275b05185e6210768e7f3a10c1f0aeb566ad45ed03a5213d2be183038a
39200,-0.0016268150648102164,736746.8769196285,p12v4m6-B-ppo-s1024,04a2b0275b05185e6210768e7f3a10c1f0aeb566ad45ed03a5213d2be183038a
39300,-0.0011949463514611125,723291.5705991928,p12v4m6-B-ppo-s1024,04a2b0275b05185e6210768e7f3a10c1f0aeb566ad45ed03a5213d2be183038a
39400,0.0025769034400582314,668594.4395424915,p12v4m6-B-ppo-s1024,04a2b0275b05185e6210768e7f3a10c1f0aeb566ad45ed03a5213d2be183038a
39500,-0.001925565768033266,1070779.6463266003,p12v4m6-B-ppo-s1024,04a2b0275b05185e6210768e7f3a10c1f0aeb566ad45ed03a5213d2be183038a
39600,-0.0038876300677657127,978470.0598754045,p12v4m6-B-ppo-s1024,04a2b0275b05185e6210768e7f3a10c1f0aeb566ad45ed03a5213d2be183038a
39700,-0.007924589328467846,903652.8753451944,p12v4m6-B-ppo-s1024,04a2b0275b05185e6210768e7f3a10c1f0aeb566ad45ed03a5213d2be183038a
39800,0.004313966259360313,786988.4955338975,p12v4m6-B-ppo-s1024,04a2b0275b05185e6210768e7f3a10c1f0aeb566ad45ed03a5213d2be183038a
39900,0.00290204887278378,747530.2840681435,p12v4m6-B-ppo-s1024,04a2b0275b05185e6210768e7f3a10c1f0aeb566ad45ed03a5213d2be183038a
40000,0.0017983922734856606,715494.3379068504,p12v4m6-B-ppo-s1024,04a2b0275b05185e6210768e7f3a10c1f0aeb566ad45ed03a5213d2be183038a
40100,-0.0005431943573057652,679588.1954116493,p12v4m6-B-ppo-s1024,04a2b0275b05185e6210768e7f3a10c1f0aeb566ad45ed03a5213d2be183038a
40200,-2.20036854443606e-05,1042223.8415015031,p12v4m6-B-ppo-s1024,04a2b0275b05185e6210768e7f3a10c1f0aeb566ad45ed03a5213d2be183038a
40300,-0.006789491046220064,986056.0852321312,p12v4m6-B-ppo-s1024,04a2b0275b05185e6210768e7f3a10c1f0aeb566ad45ed03a5213d2be183038a
40400,-0.006878742948174477,928836.2684860607,p12v4m6-B-ppo-s1024,04a2b0275b05185e6210768e7f3a10c1f0aeb566ad45ed03a5213d2be183038a
40500,-0.0010575993219390512,809565.4619361659,p12v4m6-B-ppo-s1024,04a2b0275b05185e6210768e7f3a10c1f0aeb566ad45ed03a5213d2be183038a
40600,0.0009914678521454334,709587.8644752933,p12v4m6-B-ppo-s1024,04a2b0275b05185e6210768e7f3a10c1f0aeb566ad45ed03a5213d2be183038a
40700,-0.0014056353829801083,716406.4833227878,p12v4m6-B-ppo-s1024,04a2b0275b05185e6210768e7f3a10c1f0aeb566ad45ed03a5213d2be183038a
40800,0.0005880981334485114,670962.3923516895,p12v4m6-B-ppo-s1024,04a2b0275b05185e6210768e7f3a10c1f0aeb566ad45ed03a5213d2be183038a
40900,0.005678113084286451,634934.7602117123,p12v4m6-B-ppo-s1024,04a2b0275b05185e6210768e7f3a10c1f0aeb566ad45ed03a5213d2be183038a
41000,0.005884020123630762,1056256.9989665023,p12v4m6-B-ppo-s1024,04a2b0275b05185e6210768e7f3a10c1f0aeb566ad45ed03a5213d2be183038a
41100,0.010716806165874004,993452.6991647284,p12v4m6-B-ppo-s1024,04a2b0275b05185e6210768e7f3a10c1f0aeb566ad45ed03a5213d2be183038a
41200,0.002631158335134387,947416.5788390061,p12v4m6-B-ppo-s1024,04a2b0275b05185e6210768e7f3a10c1f0aeb566ad45ed03a5213d2be183038a
41300,-0.0019526795949786901,809707.7197101027,p12v4m6-B-ppo-s1024,04a2b0275b05185e6210768e7f3a10c1f0aeb566ad45ed03a5213d2be183038a
41400,-0.003506288630887866,750885.0683011978,p12v4m6-B-ppo-s1024,04a2b0275b05185e6210768e7f3a10c1f0aeb566ad45ed03a5213d2be183038a
41500,-0.0011067078448832035,729776.2659457152,p12v4m6-B-ppo-s1024,04a2b0275b05185e6210768e7f3a10c1f0aeb566ad45ed03a5213d2be183038a
41600,-0.005188004579395056,689818.3284532635,p12v4m6-B-ppo-s1024,04a2b0275b05185e6210768e7f3a10c1f0aeb566ad45ed03a5213d2be183038a
41700,-0.001248965854756534,1029056.0713058014,p12v4m6-B-ppo-s1024,04a2b0275b05185e6210768e7f3a10c1f0aeb566ad45ed03a5213d2be183038a
41800,-0.0011615848634392023,1037898.7013328361,p12v4m6-B-ppo-s1024,04a2b0275b05185e6210768e7f3a10c1f0aeb566ad45ed03a5213d2be183038a
41900,-4.741554948850535e-05,964978.116151244,p12v4m6-B-ppo-s1024,04a2b0275b05185e6210768e7f3a10c1f0aeb566ad45ed03a5213d2be183038a
42000,-0.008889874443411827,887806.6390406096,p12v4m6-B-ppo-s1024,04a2b0275b05185e6210768e7f3a10c1f0aeb566ad45ed03a5213d2be183038a
42100,-0.008193700574338436,789640.3467951246,p12v4m6-B-ppo-s1024,04a2b0275b05185e6210768e7f3a10c1f0aeb566ad45ed03a5213d2be183038a
42200,-0.0012261485680937767,758319.4923901759,p12v4m6-B-ppo-s1024,04a2b0275b05185e6210768e7f3a10c1f0aeb566ad45ed03a5213d2be183038a
42300,-0.002958734752610326,734251.121058891,p12v4m6-B-ppo-s1024,04a2b0275b05185e6210768e7f3a10c1f0aeb566ad45ed03a5213d2be183038a
42400,0.004232166800647974,666556.3965002048,p12v4m6-B-ppo-s1024,04a2b0275b05185e6210768e7f3a10c1f0aeb566ad45ed03a5213d2be183038a
42500,-0.0021697315387427807,1034827.3013323108,p12v4m6-B-ppo-s1024,04a2b0275b05185e6210768e7f3a10c1f0aeb566ad45ed03a5213d2be183038a
42600,0.0016978270141407847,989086.1854306445,p12v4m6-B-ppo-s1024,04a2b0275b05185e6210768e7f3a10c1f0aeb566ad45ed03a5213d2be183038a
42700,-0.0046344054862856865,932782.3226694362,p12v4m6-B-ppo-s1024,04a2b0275b05185e6210768e7f3a10c1f0aeb566ad45ed03a5213d2be183038a
42800,-0.0014205827610567212,806214.8974419289,p12v4m6-B-ppo-s1024,04a2b0275b05185e6210768e7f3a10c1f0aeb566ad45ed03a5213d2be183038a
42900,0.008560189045965672,678016.7538702167,p12v4m6-B-ppo-s1024,04a2b0275b05185e6210768e7f3a10c1f0aeb566ad45ed03a5213d2be183038a
43000,-0.003196404781192541,712055.6062682372,p12v4m6-B-ppo-s1024,04a2b0275b05185e6210768e7f3a10c1f0aeb566ad45ed03a5213d2be183038a
43100,-0.004843994043767452,680916.2100616626,p12v4m6-B-ppo-s1024,04a2b0275b05185e6210768e7f3a10c1f0aeb566ad45ed03a5213d2be183038a
43200,0.001111031393520534,638918.2044117689,p12v4m6-B-ppo-s1024,04a2b0275b05185e6210768e7f3a10c1f0aeb566ad45ed03a5213d2be183038a
43300,-0.005197045858949423,1063071.1549528583,p12v4m6-B-ppo-s1024,04a2b0275b05185e6210768e7f3a10c1f0aeb566ad45ed03a5213d2be183038a
43400,0.0016079451888799667,964248.1028880519,p12v4m6-B-ppo-s1024,04a2b0275b05185e6210768e7f3a10c1f0aeb566ad45ed03a5213d2be183038a
43500,0.0023693430703133345,900886.7881171315,p12v4m6-B-ppo-s1024,04a2b0275b05185e6210768e7f3a10c1f0aeb566ad45ed03a5213d2be183038a
43600,0.00383544503711164,815321.6976653369,p12v4m6-B-ppo-s1024,04a2b0275b05185e6210768e7f3a10c1f0aeb566ad45ed03a5213d2be183038a
43700,-0.0011870760936290026,739081.02120308,p12v4m6-B-ppo-s1024,04a2b0275b05185e6210768e7f3a10c1f0aeb566ad45ed03a5213d2be183038a
43800,-0.001577676273882389,731287.9720081842,p12v4m6-B-ppo-s1024,04a2b0275b05185e6210768e7f3a10c1f0aeb566ad45ed03a5213d2be183038a
43900,-0.003461160697042942,690808.9820946206,p12v4m6-B-ppo-s1024,04a2b0275b05185e6210768e7f3a10c1f0aeb566ad45ed03a5213d2be183038a
44000,-0.010547437705099583,1049825.4593356487,p12v4m6-B-ppo-s1024,04a2b0275b05185e6210768e7f3a10c1f0aeb566ad45ed03a5213d2be183038a
44100,-0.00026469334261491895,985559.6327789851,p12v4m6-B-ppo-s1024,04a2b0275b05185e6210768e7f3a10c1f0aeb566ad45ed03a5213d2be183038a
44200,-0.0004738973220810294,934104.9327241253,p12v4m6-B-ppo-s1024,04a2b0275b05185e6210768e7f3a10c1f0aeb566ad45ed03a5213d2be183038a
44300,0.002316931961104274,798981.8010774313,p12v4m6-B-ppo-s1024,04a2b0275b05185e6210768e7f3a10c1f0aeb566ad45ed03a5213d2be183038a
44400,0.009046670980751514,695406.4699001706,p12v4m6-B-ppo-s1024,04a2b0275b05185e6210768e7f3a10c1f0aeb566ad45ed03a5213d2be183038a
44500,-0.006044719833880663,741189.0999570114,p12v4m6-B-ppo-s1024,04a2b0275b05185e6210768e7f3a10c1f0aeb566ad45ed03a5213d2be183038a
44600,-0.001868735533207655,709406.9679201915,p12v4m6-B-ppo-s1024,04a2b0275b05185e6210768e7f3a10c1f0aeb566ad45ed03a5213d2be183038a
44700,-0.004304952919483185,678052.8305921957,p12v4m6-B-ppo-s1024,04a2b0275b05185e6210768e7f3a10c1f0aeb566ad45ed03a5213d2be183038a
44800,-0.0017393432790413499,1051513.2213076227,p12v4m6-B-ppo-s1024,04a2b0275b05185e6210768e7f3a10c1f0aeb566ad45ed03a5213d2be183038a
44900,-0.00041386112570762634,965920.1623592689,p12v4m6-B-ppo-s1024,04a2b0275b05185e6210768e7f3a10c1f0aeb566ad45ed03a5213d2be183038a
45000,-0.011703530326485634,877294.8745354833,p12v4m6-B-ppo-s1024,04a2b0275b05185e6210768e7f3a10c1f0aeb566ad45ed03a5213d2be183038a
