group,method,metric,n,mean,std,median,ci95_low,ci95_high,best,worst
A,cash_holdings_nav,absolute_error,1,0.0,0.0,0.0,0.0,0.0,0.0,0.0
A,cash_holdings_nav,passed,1,1.0,0.0,1.0,1.0,1.0,1.0,1.0
A,fx_conversion,absolute_error,1,0.0,0.0,0.0,0.0,0.0,0.0,0.0
A,fx_conversion,passed,1,1.0,0.0,1.0,1.0,1.0,1.0,1.0
A,market_holiday,absolute_error,1,0.0,0.0,0.0,0.0,0.0,0.0,0.0
A,market_holiday,passed,1,1.0,0.0,1.0,1.0,1.0,1.0,1.0
A,minimum_lot,absolute_error,1,0.0,0.0,0.0,0.0,0.0,0.0,0.0
A,minimum_lot,passed,1,1.0,0.0,1.0,1.0,1.0,1.0,1.0
A,price_limits,absolute_error,1,0.0,0.0,0.0,0.0,0.0,0.0,0.0
A,price_limits,passed,1,1.0,0.0,1.0,1.0,1.0,1.0,1.0
A,slippage,absolute_error,1,0.0,0.0,0.0,0.0,0.0,0.0,0.0
A,slippage,passed,1,1.0,0.0,1.0,1.0,1.0,1.0,1.0
A,suspension,absolute_error,1,0.0,0.0,0.0,0.0,0.0,0.0,0.0
A,suspension,passed,1,1.0,0.0,1.0,1.0,1.0,1.0,1.0
A,t_plus_one,absolute_error,1,0.0,0.0,0.0,0.0,0.0,0.0,0.0
A,t_plus_one,passed,1,1.0,0.0,1.0,1.0,1.0,1.0,1.0
A,transaction_cost,absolute_error,1,0.0,0.0,0.0,0.0,0.0,0.0,0.0
A,transaction_cost,passed,1,1.0,0.0,1.0,1.0,1.0,1.0,1.0
A,weight_projection,absolute_error,1,0.0,0.0,0.0,0.0,0.0,0.0,0.0
A,weight_projection,passed,1,1.0,0.0,1.0,1.0,1.0,1.0,1.0
B,PPO,max_drawdown,5,0.10063234959067983,0.016323435788287818,0.0944094692471188,0.08036412704537194,0.12090057213598773,0.12532123217236335,0.08626622385422411
B,PPO,mean_return,5,0.12116755905364363,0.03080047755331252,0.10996737305377358,0.08292371494821224,0.159411403159075,0.17376508706039795,0.09630426511474344
B,PPO,mean_reward,5,0.012238554598080303,0.025273852828192736,0.01799306965667049,-0.01914307855458706,0.04362018775074766,0.03997633181930904,-0.027846748802343124
B,PPO,mean_turnover,5,0.012474671674014845,0.002050580549294299,0.01194293913475577,0.009928539630539211,0.01502080371749048,0.015134720973216081,0.009698913476611285
B,PPO,runtime_seconds,5,213.452585756802,20.958519600033174,211.05911614303477,187.4291465137928,239.4760249998112,241.59179045504425,184.49484470800962
B,PPO,sharpe,5,1.6897124716568084,0.30431166914227403,1.8162359424632966,1.3118596278495507,2.067565315464066,1.9140809752146968,1.1699071756177353
B,PPO,std_return,5,0.0,0.0,0.0,0.0,0.0,0.0,0.0
B,PPO,total_cost,5,18460.50674022606,3135.280806905562,17766.91084583045,14567.54143803217,22353.47204241995,22694.796808253348,14226.567176499262
B,PPO,trade_count,5,970.0,0.0,970.0,970.0,970.0,970.0,970.0
B,SAC,max_drawdown,5,0.10066498152888574,0.010504851646261556,0.09635240219333985,0.0876214854332512,0.11370847762452028,0.11938116516038255,0.09473257027840487
B,SAC,mean_return,5,0.13828401193880507,0.014693254297175488,0.14839162343338996,0.12003992706154948,0.15652809681606067,0.14887782606406819,0.11704784026776527
B,SAC,mean_reward,5,0.025621446118494973,0.01771470003425417,0.031361567903071985,0.0036257408469825454,0.0476171513900074,0.04711925497876615,0.0009156114145446694
B,SAC,mean_turnover,5,0.013307367611353097,0.0015420852507658995,0.013446758948605154,0.011392615873316053,0.015222119349390141,0.015104460511425085,0.010930190920189358
B,SAC,runtime_seconds,5,1241.0035291947656,274.71253062250145,1356.7310365389567,899.902870065356,1582.1041883241753,1481.6264177379198,861.9375997489551
B,SAC,sharpe,5,1.8017140427030527,0.28729465373427177,1.8726316460577335,1.4449906142847901,2.1584374711213155,2.1800451802983356,1.411720484250714
B,SAC,std_return,5,0.0,0.0,0.0,0.0,0.0,0.0,0.0
B,SAC,total_cost,5,19894.215478572085,2264.459530050611,19928.57440201376,17082.51760471882,22705.91335242535,22701.492071477318,16525.71264845401
B,SAC,trade_count,5,970.0,0.0,970.0,970.0,970.0,970.0,970.0
B,TD3,max_drawdown,5,0.10085368905464438,0.015220336702782554,0.10294006477389062,0.08195514493025986,0.1197522331790289,0.11945043158171686,0.08132543444655693
B,TD3,mean_return,5,0.13215466353530264,0.030769704683062872,0.11995450765486226,0.09394902899498164,0.17036029807562364,0.16874499855606095,0.09456657247212696
B,TD3,mean_reward,5,0.021527832014018367,0.02036688546766693,0.010134989896572851,-0.003760996426723142,0.04681666045475988,0.05346077382245579,0.006817944018333404
B,TD3,mean_turnover,5,0.014412453254819052,0.00493927686561234,0.012848258085328863,0.008279530993627465,0.020545375516010638,0.02313012692661781,0.010920923087487124
B,TD3,runtime_seconds,5,556.1893430826021,34.65044615524763,570.4824753790163,513.165131569933,599.2135545952713,575.671505756909,494.5525738960132
B,TD3,sharpe,5,1.730241768193189,0.20102216065277484,1.656019997094423,1.4806397884695048,1.9798437479168731,2.0536755805520444,1.5411644298385612
B,TD3,std_return,5,0.0,0.0,0.0,0.0,0.0,0.0,0.0
B,TD3,total_cost,5,21504.969440239296,7580.2373643373585,18993.415070546296,12092.86160710259,30917.077273376002,34893.48776833984,16113.74911862379
B,TD3,trade_count,5,970.0,0.0,970.0,970.0,970.0,970.0,970.0
B,buy_and_hold,max_drawdown,5,0.0658927028785029,0.0,0.0658927028785029,0.0658927028785029,0.0658927028785029,0.0658927028785029,0.0658927028785029
B,buy_and_hold,mean_return,5,0.07329416803889144,0.0,0.07329416803889144,0.07329416803889144,0.07329416803889144,0.07329416803889144,0.07329416803889144
B,buy_and_hold,mean_reward,5,-0.0011873707909897408,0.0,-0.0011873707909897408,-0.0011873707909897408,-0.0011873707909897408,-0.0011873707909897408,-0.0011873707909897408
B,buy_and_hold,mean_turnover,5,0.004529567520392462,0.0,0.004529567520392462,0.004529567520392462,0.004529567520392462,0.004529567520392462,0.004529567520392462
B,buy_and_hold,runtime_seconds,5,10.25115055940114,0.16410787954832637,10.342853811918758,10.047383713544422,10.454917405257858,10.384561715065502,10.002499649999663
B,buy_and_hold,sharpe,5,1.5580479894866965,0.0,1.5580479894866965,1.5580479894866965,1.5580479894866965,1.5580479894866965,1.5580479894866965
B,buy_and_hold,std_return,5,0.0,0.0,0.0,0.0,0.0,0.0,0.0
B,buy_and_hold,total_cost,5,6620.032090480384,1.016845989170083e-12,6620.032090480385,6620.032090480383,6620.032090480385,6620.032090480385,6620.032090480385
B,buy_and_hold,trade_count,5,970.0,0.0,970.0,970.0,970.0,970.0,970.0
B,cash,max_drawdown,5,0.0,0.0,0.0,0.0,0.0,0.0,0.0
B,cash,mean_return,5,0.0,0.0,0.0,0.0,0.0,0.0,0.0
B,cash,mean_reward,5,0.0,0.0,0.0,0.0,0.0,0.0,0.0
B,cash,mean_turnover,5,0.0,0.0,0.0,0.0,0.0,0.0,0.0
B,cash,runtime_seconds,5,9.777013309206813,0.16453637912410124,9.744269882910885,9.57271441085361,9.981312207560016,10.014032328035682,9.594285304076038
B,cash,sharpe,5,0.0,0.0,0.0,0.0,0.0,0.0,0.0
B,cash,std_return,5,0.0,0.0,0.0,0.0,0.0,0.0,0.0
B,cash,total_cost,5,0.0,0.0,0.0,0.0,0.0,0.0,0.0
B,cash,trade_count,5,0.0,0.0,0.0,0.0,0.0,0.0,0.0
B,equal_weight,max_drawdown,5,0.11185152949294119,0.0,0.11185152949294119,0.11185152949294119,0.11185152949294119,0.11185152949294119,0.11185152949294119
B,equal_weight,mean_return,5,0.1497271012088348,0.0,0.1497271012088348,0.1497271012088348,0.1497271012088348,0.1497271012088348,0.1497271012088348
B,equal_weight,mean_reward,5,0.023539357437511114,0.0,0.023539357437511114,0.023539357437511114,0.023539357437511114,0.023539357437511114,0.023539357437511114
B,equal_weight,mean_turnover,5,0.11081890697172984,0.0,0.11081890697172984,0.11081890697172984,0.11081890697172984,0.11081890697172984,0.11081890697172984
B,equal_weight,runtime_seconds,5,10.407589329173788,0.040282943894457766,10.381905532907695,10.357571447998378,10.457607210349199,10.466748551931232,10.376613555010408
B,equal_weight,sharpe,5,1.7660093692296832,0.0,1.7660093692296832,1.7660093692296832,1.7660093692296832,1.7660093692296832,1.7660093692296832
B,equal_weight,std_return,5,0.0,0.0,0.0,0.0,0.0,0.0,0.0
B,equal_weight,total_cost,5,166560.66736305764,0.0,166560.66736305764,166560.66736305764,166560.66736305764,166560.66736305764,166560.66736305764
B,equal_weight,trade_count,5,970.0,0.0,970.0,970.0,970.0,970.0,970.0
B,mean_variance,max_drawdown,5,0.14862488488836834,0.0,0.14862488488836834,0.14862488488836834,0.14862488488836834,0.14862488488836834,0.14862488488836834
B,mean_variance,mean_return,5,0.08779897747770016,0.0,0.08779897747770016,0.08779897747770016,0.08779897747770016,0.08779897747770016,0.08779897747770016
B,mean_variance,mean_reward,5,-0.04947761956392692,0.0,-0.04947761956392692,-0.04947761956392692,-0.04947761956392692,-0.04947761956392692,-0.04947761956392692
B,mean_variance,mean_turnover,5,0.32647953226008514,0.0,0.32647953226008514,0.32647953226008514,0.32647953226008514,0.32647953226008514,0.32647953226008514
B,mean_variance,runtime_seconds,5,395.16317950161175,212.99712090600133,459.3756315910723,130.6923227515751,659.6340362516485,519.8918322719401,18.021395093062893
B,mean_variance,sharpe,5,1.00782521305288,0.0,1.00782521305288,1.00782521305288,1.00782521305288,1.00782521305288,1.00782521305288
B,mean_variance,std_return,5,0.0,0.0,0.0,0.0,0.0,0.0,0.0
B,mean_variance,total_cost,5,467452.99899312353,6.507814330688532e-11,467452.9989931235,467452.9989931235,467452.9989931236,467452.9989931235,467452.9989931235
B,mean_variance,trade_count,5,970.0,0.0,970.0,970.0,970.0,970.0,970.0
B,risk_parity,max_drawdown,5,0.09618570963702011,0.0,0.09618570963702011,0.09618570963702011,0.09618570963702011,0.09618570963702011,0.09618570963702011
B,risk_parity,mean_return,5,0.12839260674683617,0.0,0.12839260674683617,0.12839260674683617,0.12839260674683617,0.12839260674683617,0.12839260674683617
B,risk_parity,mean_reward,5,0.019142982424761996,0.0,0.019142982424761996,0.019142982424761996,0.019142982424761996,0.019142982424761996,0.019142982424761996
B,risk_parity,mean_turnover,5,0.13782824603802882,0.0,0.13782824603802882,0.13782824603802882,0.13782824603802882,0.13782824603802882,0.13782824603802882
B,risk_parity,runtime_seconds,5,11.466963364579716,0.21268262540084718,11.52519230695907,11.202883005576025,11.731043723583406,11.690632906975225,11.135805433965288
B,risk_parity,sharpe,5,1.7562095943824427,0.0,1.7562095943824427,1.7562095943824427,1.7562095943824427,1.7562095943824427,1.7562095943824427
B,risk_parity,std_return,5,0.0,0.0,0.0,0.0,0.0,0.0,0.0
B,risk_parity,total_cost,5,207960.8963307967,0.0,207960.8963307967,207960.8963307967,207960.8963307967,207960.8963307967,207960.8963307967
B,risk_parity,trade_count,5,970.0,0.0,970.0,970.0,970.0,970.0,970.0
C,CN+HK+JP_to_US,max_drawdown,5,0.046724331824781126,0.018518192780143473,0.039058067980307865,0.02373095853788006,0.0697177051116822,0.0791491693213443,0.03380248332263569
C,CN+HK+JP_to_US,mean_return,5,0.04853966086653427,0.015377608018484564,0.05159887990466694,0.02944583861149243,0.06763348312157612,0.06570640504849146,0.029659410078290316
C,CN+HK+JP_to_US,mean_reward,5,-0.010497919756088357,0.011544296899435487,-0.010791355213183841,-0.024832057600692767,0.0038362180885160545,0.005158981195866894,-0.027166534871078545
C,CN+HK+JP_to_US,mean_turnover,5,0.025538309777504403,0.011212419928640895,0.023413895915037022,0.011616251619368561,0.03946036793564024,0.03908556253758915,0.012371469543909793
C,CN+HK+JP_to_US,sharpe,5,1.2425590865916107,0.20995110781264054,1.2000030790791802,0.9818703546376575,1.503247818545564,1.604519318968066,1.0641767957862442
C,CN+HK+JP_to_US,std_return,5,0.0,0.0,0.0,0.0,0.0,0.0,0.0
C,CN+HK+JP_to_US,total_cost,5,37765.68460851859,16577.311033154067,34530.887233858106,17182.2343116251,58349.13490541208,58171.48626843451,18213.880184869766
C,CN+HK+JP_to_US,trade_count,5,930.0,0.0,930.0,930.0,930.0,930.0,930.0
C,CN+HK+US_to_JP,max_drawdown,5,0.02604664465055311,0.008682444187462049,0.02496883337587108,0.01526596628656793,0.03682732301453829,0.03909076591722005,0.016118104961517554
C,CN+HK+US_to_JP,mean_return,5,0.025264719025204774,0.028001552425429427,0.019202844800095598,-0.009503800515266302,0.06003323856567585,0.06957846822978642,-0.007844009496603355
C,CN+HK+US_to_JP,mean_reward,5,-0.008638368736117244,0.015677787465261377,-0.010375438803735731,-0.028104913003222577,0.01082817553098809,0.015539324825696055,-0.02730507824928986
C,CN+HK+US_to_JP,mean_turnover,5,0.01643570791205099,0.017117154176120693,0.010276768569586332,-0.004818046180141328,0.03768946200424331,0.046869733747494015,0.006750680557829699
C,CN+HK+US_to_JP,sharpe,5,0.7989666521965131,0.8339619117570498,0.9359491738829747,-0.23653382950540203,1.8344671338984282,1.7373610897615084,-0.5449879363841437
C,CN+HK+US_to_JP,std_return,5,0.0,0.0,0.0,0.0,0.0,0.0,0.0
C,CN+HK+US_to_JP,total_cost,5,24347.160457761176,25769.882341182198,15030.284006293929,-7650.374683231748,56344.6955987541,70175.04135457664,9886.969797138145
C,CN+HK+US_to_JP,trade_count,5,905.0,0.0,905.0,905.0,905.0,905.0,905.0
C,CN+JP+US_to_HK,max_drawdown,5,0.006235853844264838,0.004962050327189722,0.004251865587434733,7.465459571813927e-05,0.012397053092811538,0.011668094663777495,0.0014565093642245897
C,CN+JP+US_to_HK,mean_return,5,0.006255950498642138,0.007408404133386036,0.002035751139725317,-0.0029427981979272787,0.015454699195211554,0.014679444980840506,0.0001186024142940667
C,CN+JP+US_to_HK,mean_reward,5,-0.001543746945945212,0.0012467797622398116,-0.0011553967920849982,-0.003091828490407438,4.33459851701388e-06,-0.0004541672562370344,-0.003522649027080395
C,CN+JP+US_to_HK,mean_turnover,5,0.0016328994937078913,0.001090319735262433,0.0015944763249471103,0.00027908873190146655,0.0029867102555143164,0.0029170796180068197,0.0004335947681146295
C,CN+JP+US_to_HK,sharpe,5,0.9872311110657856,0.5465219789475685,1.2875032158355706,0.30863444557951303,1.6658277765520584,1.5288350805585256,0.363563545437875
C,CN+JP+US_to_HK,std_return,5,0.0,0.0,0.0,0.0,0.0,0.0,0.0
C,CN+JP+US_to_HK,total_cost,5,2376.2360995480126,1587.057611284933,2320.716668742745,405.6438005402438,4346.828398555781,4239.263740105835,630.3581791729705
C,CN+JP+US_to_HK,trade_count,5,632.0,390.0737109829372,900.0,147.6595164267457,1116.3404835732542,925.0,190.0
C,HK+JP+US_to_CN,max_drawdown,5,0.04013077373164666,0.017727927513372703,0.03405233889576875,0.018118644375525756,0.06214290308776757,0.06617060503571848,0.023918881858220553
C,HK+JP+US_to_CN,mean_return,5,0.040845015742099686,0.035965466144728245,0.025980319862578094,-0.0038120087484257922,0.08550204023262517,0.08260169998840938,0.007573049136511134
C,HK+JP+US_to_CN,mean_reward,5,-0.01662874889804427,0.03317493299637877,-0.024674596981780553,-0.057820868842469994,0.024563371046381455,0.03376883483427486,-0.05157370217501792
C,HK+JP+US_to_CN,mean_turnover,5,0.0136618065036203,0.0035392299820194016,0.013428261912715303,0.009267272053583447,0.018056340953657154,0.01832878406168461,0.009961545586740617
C,HK+JP+US_to_CN,sharpe,5,1.1486521935216794,0.8626284067342812,0.7198274115885636,0.07755755705184675,2.2197468299915117,2.558675454211244,0.474305361269485
C,HK+JP+US_to_CN,std_return,5,0.0,0.0,0.0,0.0,0.0,0.0,0.0
C,HK+JP+US_to_CN,total_cost,5,19921.391685400806,5072.871199492454,19805.27657955203,13622.590149466268,26220.193221335343,26528.71826096312,14412.716408594708
C,HK+JP+US_to_CN,trade_count,5,915.0,0.0,915.0,915.0,915.0,915.0,915.0
C,joint_market,max_drawdown,5,0.09371203848648228,0.023685221660432767,0.10753766641774187,0.06430295146124688,0.12312112551171768,0.1148888680949216,0.05885363932796672
C,joint_market,mean_return,5,0.11938512433446027,0.040065539456471906,0.11198158708335781,0.0696371864227466,0.16913306224617394,0.17708010919767658,0.06642804430485105
C,joint_market,mean_reward,5,0.024192617378425076,0.03687002359046501,0.024561559652333458,-0.021587563526778895,0.06997279828362904,0.06976237817548282,-0.030568530021931196
C,joint_market,mean_turnover,5,0.01063464197665356,0.0018542921035332395,0.010325199033255269,0.008332234229542806,0.012937049723764315,0.01340070126120999,0.008343840263250718
C,joint_market,sharpe,5,1.8940495059685105,0.5323509354707434,1.7971619101800222,1.233048514984392,2.555050496952629,2.4156696875776515,1.1452706379401154
C,joint_market,std_return,5,0.0,0.0,0.0,0.0,0.0,0.0,0.0
C,joint_market,total_cost,5,15753.917318479183,2785.03911336708,14971.83188941592,12295.834517821942,19212.000119136424,19896.347777951414,12385.525047412713
C,joint_market,trade_count,5,970.0,0.0,970.0,970.0,970.0,970.0,970.0
C,leave_one_market_out,max_drawdown,5,0.029784401012811434,0.008263720542427631,0.025936727049436947,0.019523636724062144,0.04004516530156073,0.04322107304727285,0.023326690674447148
C,leave_one_market_out,mean_return,5,0.030226336533120218,0.013750379086153714,0.02991384882417225,0.013152985860189145,0.047299687206051294,0.04416890673284318,0.015759323112521595
C,leave_one_market_out,mean_reward,5,-0.00932719608404877,0.012803287807787313,-0.015386419212772352,-0.025224577613619504,0.006570185445521962,0.008105485644587629,-0.022440379747605963
C,leave_one_market_out,mean_turnover,5,0.014317180921720896,0.0038417772932033563,0.01629128231385079,0.009546984367633574,0.01908737747580822,0.018275764993058434,0.009252737066941696
C,leave_one_market_out,sharpe,5,1.044352260843897,0.38608811721242603,1.0337984350721958,0.5649605455669517,1.5237439761208424,1.6314939276572864,0.6748328692935575
C,leave_one_market_out,std_return,5,0.0,0.0,0.0,0.0,0.0,0.0,0.0
C,leave_one_market_out,total_cost,5,21102.618212807145,5693.912277944395,24001.656110035037,14032.692328353192,28172.544097261096,27206.13907454285,13709.627915780164
C,leave_one_market_out,trade_count,5,845.5,97.5184277457343,912.5,724.4148791066864,966.5851208933136,918.75,735.0
C,market_rule_sensitivity,max_drawdown,5,0.09371203848648228,0.023685221660432767,0.10753766641774187,0.06430295146124688,0.12312112551171768,0.1148888680949216,0.05885363932796672
C,market_rule_sensitivity,mean_return,5,0.11938512433446027,0.040065539456471906,0.11198158708335781,0.0696371864227466,0.16913306224617394,0.17708010919767658,0.06642804430485105
C,market_rule_sensitivity,mean_reward,5,0.024192617378425076,0.03687002359046501,0.024561559652333458,-0.021587563526778895,0.06997279828362904,0.06976237817548282,-0.030568530021931196
C,market_rule_sensitivity,mean_turnover,5,0.01063464197665356,0.0018542921035332395,0.010325199033255269,0.008332234229542806,0.012937049723764315,0.01340070126120999,0.008343840263250718
C,market_rule_sensitivity,sharpe,5,1.8940495059685105,0.5323509354707434,1.7971619101800222,1.233048514984392,2.555050496952629,2.4156696875776515,1.1452706379401154
C,market_rule_sensitivity,std_return,5,0.0,0.0,0.0,0.0,0.0,0.0,0.0
C,market_rule_sensitivity,total_cost,5,15753.917318479183,2785.03911336708,14971.83188941592,12295.834517821942,19212.000119136424,19896.347777951414,12385.525047412713
C,market_rule_sensitivity,trade_count,5,970.0,0.0,970.0,970.0,970.0,970.0,970.0
C,single_market,max_drawdown,5,0.026058590275756778,0.0028128637170186455,0.026504577036961963,0.0225659586664811,0.029551221885032456,0.02960904049572327,0.021822208846864033
C,single_market,mean_return,5,0.023957806608308894,0.011636014525828292,0.02895855809889475,0.009509786289011833,0.038405826927605954,0.03480306027642999,0.0073068297459366605
C,single_market,mean_reward,5,-0.009123056017330818,0.009170731135212449,-0.009792630532971733,-0.02051002270513047,0.002263910670468836,0.0020808789254064724,-0.019724060378624213
C,single_market,mean_turnover,5,0.002779519126273681,0.0006037534350914682,0.0025176285890501004,0.0020298602221287504,0.0035291780304186116,0.003591363922312673,0.0022301581120856826
C,single_market,sharpe,5,1.0347772381010567,0.3805136491752337,1.0008860045742625,0.5623071390950307,1.5072473371070827,1.5244604506197155,0.5850033114924132
C,single_market,std_return,5,0.0,0.0,0.0,0.0,0.0,0.0,0.0
C,single_market,total_cost,5,4054.4553757488757,869.4853547833336,3700.7845418534916,2974.8467137489815,5134.06403774877,5204.464315317696,3232.1335923568654
C,single_market,trade_count,5,828.75,108.64218793820382,901.25,693.8529065510448,963.6470934489552,912.5,687.5
C,unseen_stock,max_drawdown,5,0.01612248276232453,0.004784740957141054,0.01433599669933272,0.010181442175111452,0.02206352334953761,0.023193411698495203,0.01170135918918036
C,unseen_stock,mean_return,5,0.005365448680664642,0.00977527840508712,0.0035516612163715156,-0.0067721625873507696,0.017503059948680053,0.015456302457375948,-0.00650787414811127
C,unseen_stock,mean_reward,5,-0.019542490218453303,0.010386518942200907,-0.0163497728149788,-0.03243905685564564,-0.00664592358126097,-0.007966558576579347,-0.03611497740456801
C,unseen_stock,mean_turnover,5,0.01754453817758738,0.00734617701676751,0.019884552695388608,0.008423054651435216,0.026666021703739544,0.026074729626025674,0.006235407345298041
C,unseen_stock,sharpe,5,0.40597799179170496,0.4695501874948662,0.44085938690943866,-0.17704557137049876,0.9890015549539086,1.0664630868318183,-0.12166733332825307
C,unseen_stock,std_return,5,0.0,0.0,0.0,0.0,0.0,0.0,0.0
C,unseen_stock,total_cost,5,25468.30238369924,10716.804256251356,28810.432883124,12161.63236291504,38774.972404483444,38037.04159125675,9074.935550175001
C,unseen_stock,trade_count,5,970.0,0.0,970.0,970.0,970.0,970.0,970.0
D,minimum_deterministic_risk_projection,delta_invalid_order_count,5,375.0,0.0,375.0,375.0,375.0,375.0,375.0
D,minimum_deterministic_risk_projection,delta_max_drawdown,5,0.005299418036937675,0.0,0.005299418036937675,0.005299418036937675,0.005299418036937675,0.005299418036937675,0.005299418036937675
D,minimum_deterministic_risk_projection,delta_mean_return,5,0.011408908541844287,0.0,0.011408908541844287,0.011408908541844287,0.011408908541844287,0.011408908541844287,0.011408908541844287
D,minimum_deterministic_risk_projection,delta_mean_reward,5,-0.0009524733422099987,0.0,-0.0009524733422099987,-0.0009524733422099987,-0.0009524733422099987,-0.0009524733422099987,-0.0009524733422099987
D,minimum_deterministic_risk_projection,delta_mean_turnover,5,0.051247176903067036,7.757919228897728e-18,0.05124717690306704,0.05124717690306703,0.05124717690306704,0.05124717690306704,0.05124717690306704
D,minimum_deterministic_risk_projection,delta_sharpe,5,0.02780987771750043,0.0,0.02780987771750043,0.02780987771750043,0.02780987771750043,0.02780987771750043,0.02780987771750043
D,minimum_deterministic_risk_projection,delta_std_return,5,0.0,0.0,0.0,0.0,0.0,0.0,0.0
D,minimum_deterministic_risk_projection,delta_total_cost,5,77440.89987907241,0.0,77440.89987907241,77440.89987907241,77440.89987907241,77440.89987907241,77440.89987907241
D,minimum_deterministic_risk_projection,delta_trade_count,5,0.0,0.0,0.0,0.0,0.0,0.0,0.0
D,minimum_deterministic_risk_projection,invalid_order_count,5,43515.0,0.0,43515.0,43515.0,43515.0,43515.0,43515.0
D,minimum_deterministic_risk_projection,max_drawdown,5,0.13122015720437408,0.0,0.13122015720437408,0.13122015720437408,0.13122015720437408,0.13122015720437408,0.13122015720437408
D,minimum_deterministic_risk_projection,mean_return,5,0.17551562681574584,0.0,0.17551562681574584,0.17551562681574584,0.17551562681574584,0.17551562681574584,0.17551562681574584
D,minimum_deterministic_risk_projection,mean_reward,5,0.025297218667652437,0.0,0.025297218667652437,0.025297218667652437,0.025297218667652437,0.025297218667652437,0.025297218667652437
D,minimum_deterministic_risk_projection,mean_turnover,5,0.16533512737428124,0.0,0.16533512737428124,0.16533512737428124,0.16533512737428124,0.16533512737428124,0.16533512737428124
D,minimum_deterministic_risk_projection,runtime_seconds,5,2.150437487405725,0.08530147720041636,2.1834857219364494,2.0445217141723684,2.2563532606390813,2.2554318560287356,2.0451322400476784
D,minimum_deterministic_risk_projection,sharpe,5,1.794063592362079,0.0,1.794063592362079,1.794063592362079,1.794063592362079,1.794063592362079,1.794063592362079
D,minimum_deterministic_risk_projection,std_return,5,0.0,0.0,0.0,0.0,0.0,0.0,0.0
D,minimum_deterministic_risk_projection,total_cost,5,249804.40177029837,0.0,249804.40177029837,249804.40177029837,249804.40177029837,249804.40177029837,249804.40177029837
D,minimum_deterministic_risk_projection,trade_count,5,970.0,0.0,970.0,970.0,970.0,970.0,970.0
D,no_fx_variation,delta_invalid_order_count,5,295.0,0.0,295.0,295.0,295.0,295.0,295.0
D,no_fx_variation,delta_max_drawdown,5,0.010392773946241163,0.0,0.010392773946241163,0.010392773946241163,0.010392773946241163,0.010392773946241163,0.010392773946241163
D,no_fx_variation,delta_mean_return,5,-0.030644320261822067,0.0,-0.030644320261822067,-0.030644320261822067,-0.030644320261822067,-0.030644320261822067,-0.030644320261822067
D,no_fx_variation,delta_mean_reward,5,-0.02229679978244683,0.0,-0.02229679978244683,-0.02229679978244683,-0.02229679978244683,-0.02229679978244683,-0.02229679978244683
D,no_fx_variation,delta_mean_turnover,5,-0.0001025942727221757,0.0,-0.0001025942727221757,-0.0001025942727221757,-0.0001025942727221757,-0.0001025942727221757,-0.0001025942727221757
D,no_fx_variation,delta_sharpe,5,-0.25574884583473056,0.0,-0.25574884583473056,-0.25574884583473056,-0.25574884583473056,-0.25574884583473056,-0.25574884583473056
D,no_fx_variation,delta_std_return,5,0.0,0.0,0.0,0.0,0.0,0.0,0.0
D,no_fx_variation,delta_total_cost,5,-3836.7245712103904,0.0,-3836.7245712103904,-3836.7245712103904,-3836.7245712103904,-3836.7245712103904,-3836.7245712103904
D,no_fx_variation,delta_trade_count,5,0.0,0.0,0.0,0.0,0.0,0.0,0.0
D,no_fx_variation,invalid_order_count,5,43435.0,0.0,43435.0,43435.0,43435.0,43435.0,43435.0
D,no_fx_variation,max_drawdown,5,0.13631351311367756,0.0,0.13631351311367756,0.13631351311367756,0.13631351311367756,0.13631351311367756,0.13631351311367756
D,no_fx_variation,mean_return,5,0.1334623980120795,0.0,0.1334623980120795,0.1334623980120795,0.1334623980120795,0.1334623980120795,0.1334623980120795
D,no_fx_variation,mean_reward,5,0.0039528922274156076,0.0,0.0039528922274156076,0.0039528922274156076,0.0039528922274156076,0.0039528922274156076,0.0039528922274156076
D,no_fx_variation,mean_turnover,5,0.11398535619849201,1.5515838457795457e-17,0.11398535619849202,0.113985356198492,0.11398535619849202,0.11398535619849202,0.11398535619849202
D,no_fx_variation,runtime_seconds,5,2.075516879023053,0.08434523489727278,2.046293507097289,1.9707884374310694,2.1802453206150365,2.198464495013468,1.992875121999532
D,no_fx_variation,sharpe,5,1.510504868809848,0.0,1.510504868809848,1.510504868809848,1.510504868809848,1.510504868809848,1.510504868809848
D,no_fx_variation,std_return,5,0.0,0.0,0.0,0.0,0.0,0.0,0.0
D,no_fx_variation,total_cost,5,168526.77732001556,0.0,168526.77732001556,168526.77732001556,168526.77732001556,168526.77732001556,168526.77732001556
D,no_fx_variation,trade_count,5,970.0,0.0,970.0,970.0,970.0,970.0,970.0
D,no_price_limits,delta_invalid_order_count,5,0.0,0.0,0.0,0.0,0.0,0.0,0.0
D,no_price_limits,delta_max_drawdown,5,0.0,0.0,0.0,0.0,0.0,0.0,0.0
D,no_price_limits,delta_mean_return,5,0.0,0.0,0.0,0.0,0.0,0.0,0.0
D,no_price_limits,delta_mean_reward,5,0.0,0.0,0.0,0.0,0.0,0.0,0.0
D,no_price_limits,delta_mean_turnover,5,0.0,0.0,0.0,0.0,0.0,0.0,0.0
D,no_price_limits,delta_sharpe,5,0.0,0.0,0.0,0.0,0.0,0.0,0.0
D,no_price_limits,delta_std_return,5,0.0,0.0,0.0,0.0,0.0,0.0,0.0
D,no_price_limits,delta_total_cost,5,0.0,0.0,0.0,0.0,0.0,0.0,0.0
D,no_price_limits,delta_trade_count,5,0.0,0.0,0.0,0.0,0.0,0.0,0.0
D,no_price_limits,invalid_order_count,5,43140.0,0.0,43140.0,43140.0,43140.0,43140.0,43140.0
D,no_price_limits,max_drawdown,5,0.1259207391674364,0.0,0.1259207391674364,0.1259207391674364,0.1259207391674364,0.1259207391674364,0.1259207391674364
D,no_price_limits,mean_return,5,0.16410671827390155,0.0,0.16410671827390155,0.16410671827390155,0.16410671827390155,0.16410671827390155,0.16410671827390155
D,no_price_limits,mean_reward,5,0.026249692009862435,0.0,0.026249692009862435,0.026249692009862435,0.026249692009862435,0.026249692009862435,0.026249692009862435
D,no_price_limits,mean_turnover,5,0.1140879504712142,0.0,0.1140879504712142,0.1140879504712142,0.1140879504712142,0.1140879504712142,0.1140879504712142
D,no_price_limits,runtime_seconds,5,2.174054840998724,0.09050856105138523,2.141820458928123,2.0616736192119913,2.2864360627854565,2.321019071037881,2.10032519698143
D,no_price_limits,sharpe,5,1.7662537146445785,0.0,1.7662537146445785,1.7662537146445785,1.7662537146445785,1.7662537146445785,1.7662537146445785
D,no_price_limits,std_return,5,0.0,0.0,0.0,0.0,0.0,0.0,0.0
D,no_price_limits,total_cost,5,172363.50189122595,0.0,172363.50189122595,172363.50189122595,172363.50189122595,172363.50189122595,172363.50189122595
D,no_price_limits,trade_count,5,970.0,0.0,970.0,970.0,970.0,970.0,970.0
D,no_slippage,delta_invalid_order_count,5,170.0,0.0,170.0,170.0,170.0,170.0,170.0
D,no_slippage,delta_max_drawdown,5,-0.0014601802914707696,0.0,-0.0014601802914707696,-0.0014601802914707696,-0.0014601802914707696,-0.0014601802914707696,-0.0014601802914707696
D,no_slippage,delta_mean_return,5,0.012921664288141788,0.0,0.012921664288141788,0.012921664288141788,0.012921664288141788,0.012921664288141788,0.012921664288141788
D,no_slippage,delta_mean_reward,5,0.01105693458065913,0.0,0.01105693458065913,0.01105693458065913,0.01105693458065913,0.01105693458065913,0.01105693458065913
D,no_slippage,delta_mean_turnover,5,2.151920684106967e-05,0.0,2.151920684106967e-05,2.151920684106967e-05,2.151920684106967e-05,2.151920684106967e-05,2.151920684106967e-05
D,no_slippage,delta_sharpe,5,0.11727869133968882,0.0,0.11727869133968882,0.11727869133968882,0.11727869133968882,0.11727869133968882,0.11727869133968882
D,no_slippage,delta_std_return,5,0.0,0.0,0.0,0.0,0.0,0.0,0.0
D,no_slippage,delta_total_cost,5,-56782.307268641795,8.134767913360665e-12,-56782.3072686418,-56782.3072686418,-56782.30726864179,-56782.3072686418,-56782.3072686418
D,no_slippage,delta_trade_count,5,0.0,0.0,0.0,0.0,0.0,0.0,0.0
D,no_slippage,invalid_order_count,5,43310.0,0.0,43310.0,43310.0,43310.0,43310.0,43310.0
D,no_slippage,max_drawdown,5,0.12446055887596563,0.0,0.12446055887596563,0.12446055887596563,0.12446055887596563,0.12446055887596563,0.12446055887596563
D,no_slippage,mean_return,5,0.17702838256204334,0.0,0.17702838256204334,0.17702838256204334,0.17702838256204334,0.17702838256204334,0.17702838256204334
D,no_slippage,mean_reward,5,0.037306626590521565,0.0,0.037306626590521565,0.037306626590521565,0.037306626590521565,0.037306626590521565,0.037306626590521565
D,no_slippage,mean_turnover,5,0.11410946967805527,0.0,0.11410946967805527,0.11410946967805527,0.11410946967805527,0.11410946967805527,0.11410946967805527
D,no_slippage,runtime_seconds,5,2.151729536592029,0.06688878421213063,2.1459345140028745,2.068676141352206,2.234782931831852,2.23334292601794,2.0743667059578
D,no_slippage,sharpe,5,1.8835324059842673,0.0,1.8835324059842673,1.8835324059842673,1.8835324059842673,1.8835324059842673,1.8835324059842673
D,no_slippage,std_return,5,0.0,0.0,0.0,0.0,0.0,0.0,0.0
D,no_slippage,total_cost,5,115581.19462258415,0.0,115581.19462258415,115581.19462258415,115581.19462258415,115581.19462258415,115581.19462258415
D,no_slippage,trade_count,5,970.0,0.0,970.0,970.0,970.0,970.0,970.0
D,no_suspension,delta_invalid_order_count,5,0.0,0.0,0.0,0.0,0.0,0.0,0.0
D,no_suspension,delta_max_drawdown,5,0.0,0.0,0.0,0.0,0.0,0.0,0.0
D,no_suspension,delta_mean_return,5,0.0,0.0,0.0,0.0,0.0,0.0,0.0
D,no_suspension,delta_mean_reward,5,0.0,0.0,0.0,0.0,0.0,0.0,0.0
D,no_suspension,delta_mean_turnover,5,0.0,0.0,0.0,0.0,0.0,0.0,0.0
D,no_suspension,delta_sharpe,5,0.0,0.0,0.0,0.0,0.0,0.0,0.0
D,no_suspension,delta_std_return,5,0.0,0.0,0.0,0.0,0.0,0.0,0.0
D,no_suspension,delta_total_cost,5,0.0,0.0,0.0,0.0,0.0,0.0,0.0
D,no_suspension,delta_trade_count,5,0.0,0.0,0.0,0.0,0.0,0.0,0.0
D,no_suspension,invalid_order_count,5,43140.0,0.0,43140.0,43140.0,43140.0,43140.0,43140.0
D,no_suspension,max_drawdown,5,0.1259207391674364,0.0,0.1259207391674364,0.1259207391674364,0.1259207391674364,0.1259207391674364,0.1259207391674364
D,no_suspension,mean_return,5,0.16410671827390155,0.0,0.16410671827390155,0.16410671827390155,0.16410671827390155,0.16410671827390155,0.16410671827390155
D,no_suspension,mean_reward,5,0.026249692009862435,0.0,0.026249692009862435,0.026249692009862435,0.026249692009862435,0.026249692009862435,0.026249692009862435
D,no_suspension,mean_turnover,5,0.1140879504712142,0.0,0.1140879504712142,0.1140879504712142,0.1140879504712142,0.1140879504712142,0.1140879504712142
D,no_suspension,runtime_seconds,5,2.0995084336027503,0.04908097934575909,2.1106260679662228,2.0385663485525387,2.160450518652962,2.164155567996204,2.0378393119899556
D,no_suspension,sharpe,5,1.7662537146445785,0.0,1.7662537146445785,1.7662537146445785,1.7662537146445785,1.7662537146445785,1.7662537146445785
D,no_suspension,std_return,5,0.0,0.0,0.0,0.0,0.0,0.0,0.0
D,no_suspension,total_cost,5,172363.50189122595,0.0,172363.50189122595,172363.50189122595,172363.50189122595,172363.50189122595,172363.50189122595
D,no_suspension,trade_count,5,970.0,0.0,970.0,970.0,970.0,970.0,970.0
D,no_t_plus_one,delta_invalid_order_count,5,0.0,0.0,0.0,0.0,0.0,0.0,0.0
D,no_t_plus_one,delta_max_drawdown,5,0.0,0.0,0.0,0.0,0.0,0.0,0.0
D,no_t_plus_one,delta_mean_return,5,0.0,0.0,0.0,0.0,0.0,0.0,0.0
D,no_t_plus_one,delta_mean_reward,5,0.0,0.0,0.0,0.0,0.0,0.0,0.0
D,no_t_plus_one,delta_mean_turnover,5,0.0,0.0,0.0,0.0,0.0,0.0,0.0
D,no_t_plus_one,delta_sharpe,5,0.0,0.0,0.0,0.0,0.0,0.0,0.0
D,no_t_plus_one,delta_std_return,5,0.0,0.0,0.0,0.0,0.0,0.0,0.0
D,no_t_plus_one,delta_total_cost,5,0.0,0.0,0.0,0.0,0.0,0.0,0.0
D,no_t_plus_one,delta_trade_count,5,0.0,0.0,0.0,0.0,0.0,0.0,0.0
D,no_t_plus_one,invalid_order_count,5,43140.0,0.0,43140.0,43140.0,43140.0,43140.0,43140.0
D,no_t_plus_one,max_drawdown,5,0.1259207391674364,0.0,0.1259207391674364,0.1259207391674364,0.1259207391674364,0.1259207391674364,0.1259207391674364
D,no_t_plus_one,mean_return,5,0.16410671827390155,0.0,0.16410671827390155,0.16410671827390155,0.16410671827390155,0.16410671827390155,0.16410671827390155
D,no_t_plus_one,mean_reward,5,0.026249692009862435,0.0,0.026249692009862435,0.026249692009862435,0.026249692009862435,0.026249692009862435,0.026249692009862435
D,no_t_plus_one,mean_turnover,5,0.1140879504712142,0.0,0.1140879504712142,0.1140879504712142,0.1140879504712142,0.1140879504712142,0.1140879504712142
D,no_t_plus_one,runtime_seconds,5,2.1718115576310084,0.15998822861108142,2.103728772024624,1.9731599340282349,2.370463181233782,2.449347869027406,2.0470699430443347
D,no_t_plus_one,sharpe,5,1.7662537146445785,0.0,1.7662537146445785,1.7662537146445785,1.7662537146445785,1.7662537146445785,1.7662537146445785
D,no_t_plus_one,std_return,5,0.0,0.0,0.0,0.0,0.0,0.0,0.0
D,no_t_plus_one,total_cost,5,172363.50189122595,0.0,172363.50189122595,172363.50189122595,172363.50189122595,172363.50189122595,172363.50189122595
D,no_t_plus_one,trade_count,5,970.0,0.0,970.0,970.0,970.0,970.0,970.0
D,no_transaction_cost,delta_invalid_order_count,5,130.0,0.0,130.0,130.0,130.0,130.0,130.0
D,no_transaction_cost,delta_max_drawdown,5,-0.002996308486434174,0.0,-0.002996308486434174,-0.002996308486434174,-0.002996308486434174,-0.002996308486434174,-0.002996308486434174
D,no_transaction_cost,delta_mean_return,5,0.026134889709633846,0.0,0.026134889709633846,0.026134889709633846,0.026134889709633846,0.026134889709633846,0.026134889709633846
D,no_transaction_cost,delta_mean_reward,5,0.02224105506394035,0.0,0.02224105506394035,0.02224105506394035,0.02224105506394035,0.02224105506394035,0.02224105506394035
D,no_transaction_cost,delta_mean_turnover,5,1.1939873191091355e-05,0.0,1.1939873191091355e-05,1.1939873191091355e-05,1.1939873191091355e-05,1.1939873191091355e-05,1.1939873191091355e-05
D,no_transaction_cost,delta_sharpe,5,0.23613409025051268,0.0,0.23613409025051268,0.23613409025051268,0.23613409025051268,0.23613409025051268,0.23613409025051268
D,no_transaction_cost,delta_std_return,5,0.0,0.0,0.0,0.0,0.0,0.0,0.0
D,no_transaction_cost,delta_total_cost,5,-114252.73945215573,1.626953582672133e-11,-114252.73945215571,-114252.73945215574,-114252.73945215571,-114252.73945215571,-114252.73945215571
D,no_transaction_cost,delta_trade_count,5,0.0,0.0,0.0,0.0,0.0,0.0,0.0
D,no_transaction_cost,invalid_order_count,5,43270.0,0.0,43270.0,43270.0,43270.0,43270.0,43270.0
D,no_transaction_cost,max_drawdown,5,0.12292443068100223,0.0,0.12292443068100223,0.12292443068100223,0.12292443068100223,0.12292443068100223,0.12292443068100223
D,no_transaction_cost,mean_return,5,0.1902416079835354,0.0,0.1902416079835354,0.1902416079835354,0.1902416079835354,0.1902416079835354,0.1902416079835354
D,no_transaction_cost,mean_reward,5,0.048490747073802784,0.0,0.048490747073802784,0.048490747073802784,0.048490747073802784,0.048490747073802784,0.048490747073802784
D,no_transaction_cost,mean_turnover,5,0.11409989034440529,0.0,0.11409989034440529,0.11409989034440529,0.11409989034440529,0.11409989034440529,0.11409989034440529
D,no_transaction_cost,runtime_seconds,5,2.191303393174894,0.09026339684709309,2.2401834510965273,2.0792265829542793,2.3033802033955086,2.271663944935426,2.0534638799726963
D,no_transaction_cost,sharpe,5,2.002387804895091,0.0,2.002387804895091,2.002387804895091,2.002387804895091,2.002387804895091,2.002387804895091
D,no_transaction_cost,std_return,5,0.0,0.0,0.0,0.0,0.0,0.0,0.0
D,no_transaction_cost,total_cost,5,58110.76243907025,0.0,58110.76243907025,58110.76243907025,58110.76243907025,58110.76243907025,58110.76243907025
D,no_transaction_cost,trade_count,5,970.0,0.0,970.0,970.0,970.0,970.0,970.0
D,no_turnover_cap,delta_invalid_order_count,5,375.0,0.0,375.0,375.0,375.0,375.0,375.0
D,no_turnover_cap,delta_max_drawdown,5,8.904139174625847e-05,0.0,8.904139174625847e-05,8.904139174625847e-05,8.904139174625847e-05,8.904139174625847e-05,8.904139174625847e-05
D,no_turnover_cap,delta_mean_return,5,-0.005004366836371954,0.0,-0.005004366836371954,-0.005004366836371954,-0.005004366836371954,-0.005004366836371954,-0.005004366836371954
D,no_turnover_cap,delta_mean_reward,5,-0.004465528427501756,0.0,-0.004465528427501756,-0.004465528427501756,-0.004465528427501756,-0.004465528427501756,-0.004465528427501756
D,no_turnover_cap,delta_mean_turnover,5,0.002272473224149238,0.0,0.002272473224149238,0.002272473224149238,0.002272473224149238,0.002272473224149238,0.002272473224149238
D,no_turnover_cap,delta_sharpe,5,-0.009854192470220013,0.0,-0.009854192470220013,-0.009854192470220013,-0.009854192470220013,-0.009854192470220013,-0.009854192470220013
D,no_turnover_cap,delta_std_return,5,0.0,0.0,0.0,0.0,0.0,0.0,0.0
D,no_turnover_cap,delta_total_cost,5,2777.1154757118493,0.0,2777.1154757118493,2777.1154757118493,2777.1154757118493,2777.1154757118493,2777.1154757118493
D,no_turnover_cap,delta_trade_count,5,0.0,0.0,0.0,0.0,0.0,0.0,0.0
D,no_turnover_cap,invalid_order_count,5,43515.0,0.0,43515.0,43515.0,43515.0,43515.0,43515.0
D,no_turnover_cap,max_drawdown,5,0.12600978055918266,0.0,0.12600978055918266,0.12600978055918266,0.12600978055918266,0.12600978055918266,0.12600978055918266
D,no_turnover_cap,mean_return,5,0.1591023514375296,0.0,0.1591023514375296,0.1591023514375296,0.1591023514375296,0.1591023514375296,0.1591023514375296
D,no_turnover_cap,mean_reward,5,0.02178416358236068,0.0,0.02178416358236068,0.02178416358236068,0.02178416358236068,0.02178416358236068,0.02178416358236068
D,no_turnover_cap,mean_turnover,5,0.11636042369536344,0.0,0.11636042369536344,0.11636042369536344,0.11636042369536344,0.11636042369536344,0.11636042369536344
D,no_turnover_cap,runtime_seconds,5,2.21753767398186,0.022453954090745923,2.2102550069103017,2.1896574075700608,2.2454179403936596,2.242824526038021,2.187931561958976
D,no_turnover_cap,sharpe,5,1.7563995221743585,0.0,1.7563995221743585,1.7563995221743585,1.7563995221743585,1.7563995221743585,1.7563995221743585
D,no_turnover_cap,std_return,5,0.0,0.0,0.0,0.0,0.0,0.0,0.0
D,no_turnover_cap,total_cost,5,175140.6173669378,0.0,175140.6173669378,175140.6173669378,175140.6173669378,175140.6173669378,175140.6173669378
D,no_turnover_cap,trade_count,5,970.0,0.0,970.0,970.0,970.0,970.0,970.0
D,synchronous_calendar,delta_invalid_order_count,5,485.0,0.0,485.0,485.0,485.0,485.0,485.0
D,synchronous_calendar,delta_max_drawdown,5,0.006616811296455416,0.0,0.006616811296455416,0.006616811296455416,0.006616811296455416,0.006616811296455416,0.006616811296455416
D,synchronous_calendar,delta_mean_return,5,-0.05792457890645619,0.0,-0.05792457890645619,-0.05792457890645619,-0.05792457890645619,-0.05792457890645619,-0.05792457890645619
D,synchronous_calendar,delta_mean_reward,5,-0.04045406947168409,0.0,-0.04045406947168409,-0.04045406947168409,-0.04045406947168409,-0.04045406947168409,-0.04045406947168409
D,synchronous_calendar,delta_mean_turnover,5,0.009693033875265378,0.0,0.009693033875265378,0.009693033875265378,0.009693033875265378,0.009693033875265378,0.009693033875265378
D,synchronous_calendar,delta_sharpe,5,-0.5966202644105543,0.0,-0.5966202644105543,-0.5966202644105543,-0.5966202644105543,-0.5966202644105543,-0.5966202644105543
D,synchronous_calendar,delta_std_return,5,0.0,0.0,0.0,0.0,0.0,0.0,0.0
D,synchronous_calendar,delta_total_cost,5,11491.211351836595,0.0,11491.211351836595,11491.211351836595,11491.211351836595,11491.211351836595,11491.211351836595
D,synchronous_calendar,delta_trade_count,5,-170.0,0.0,-170.0,-170.0,-170.0,-170.0,-170.0
D,synchronous_calendar,invalid_order_count,5,43625.0,0.0,43625.0,43625.0,43625.0,43625.0,43625.0
D,synchronous_calendar,max_drawdown,5,0.13253755046389182,0.0,0.13253755046389182,0.13253755046389182,0.13253755046389182,0.13253755046389182,0.13253755046389182
D,synchronous_calendar,mean_return,5,0.10618213936744536,0.0,0.10618213936744536,0.10618213936744536,0.10618213936744536,0.10618213936744536,0.10618213936744536
D,synchronous_calendar,mean_reward,5,-0.014204377461821651,0.0,-0.014204377461821651,-0.014204377461821651,-0.014204377461821651,-0.014204377461821651,-0.014204377461821651
D,synchronous_calendar,mean_turnover,5,0.12378098434647958,0.0,0.12378098434647958,0.12378098434647958,0.12378098434647958,0.12378098434647958,0.12378098434647958
D,synchronous_calendar,runtime_seconds,5,2.127501993230544,0.04389669406143932,2.1225029290653765,2.07299704857429,2.1820069378867983,2.1857792480150238,2.064821204985492
D,synchronous_calendar,sharpe,5,1.1696334502340242,0.0,1.1696334502340242,1.1696334502340242,1.1696334502340242,1.1696334502340242,1.1696334502340242
D,synchronous_calendar,std_return,5,0.0,0.0,0.0,0.0,0.0,0.0,0.0
D,synchronous_calendar,total_cost,5,183854.71324306255,0.0,183854.71324306255,183854.71324306255,183854.71324306255,183854.71324306255,183854.71324306255
D,synchronous_calendar,trade_count,5,800.0,0.0,800.0,800.0,800.0,800.0,800.0
E,custom_multi_agent_committee,additional_runtime_seconds,5,87.28945560813881,17.772578598075967,82.68213553191163,65.22188460766111,109.35702660861651,106.2981909919763,62.411872447934
E,custom_multi_agent_committee,config_validity_rate,5,1.0,0.0,1.0,1.0,1.0,1.0,1.0
E,custom_multi_agent_committee,conflict_resolution_rate,5,1.0,0.0,1.0,1.0,1.0,1.0,1.0
E,custom_multi_agent_committee,invalid_order_count,5,34315.0,0.0,34315.0,34315.0,34315.0,34315.0,34315.0
E,custom_multi_agent_committee,leakage_violation_rate,5,0.0,0.0,0.0,0.0,0.0,0.0,0.0
E,custom_multi_agent_committee,max_drawdown,5,0.0,0.0,0.0,0.0,0.0,0.0,0.0
E,custom_multi_agent_committee,mean_return,5,0.0,0.0,0.0,0.0,0.0,0.0,0.0
E,custom_multi_agent_committee,mean_reward,5,0.0,0.0,0.0,0.0,0.0,0.0,0.0
E,custom_multi_agent_committee,mean_turnover,5,0.0,0.0,0.0,0.0,0.0,0.0,0.0
E,custom_multi_agent_committee,report_completeness_rate,5,1.0,0.0,1.0,1.0,1.0,1.0,1.0
E,custom_multi_agent_committee,risk_directive_validity_rate,5,1.0,0.0,1.0,1.0,1.0,1.0,1.0
E,custom_multi_agent_committee,sharpe,5,0.0,0.0,0.0,0.0,0.0,0.0,0.0
E,custom_multi_agent_committee,std_return,5,0.0,0.0,0.0,0.0,0.0,0.0,0.0
E,custom_multi_agent_committee,task_success_rate,5,1.0,0.0,1.0,1.0,1.0,1.0,1.0
E,custom_multi_agent_committee,tool_call_accuracy,5,1.0,0.0,1.0,1.0,1.0,1.0,1.0
E,custom_multi_agent_committee,total_cost,5,0.0,0.0,0.0,0.0,0.0,0.0,0.0
E,custom_multi_agent_committee,trade_count,5,0.0,0.0,0.0,0.0,0.0,0.0,0.0
E,full_stack_single_agent,additional_runtime_seconds,5,66.5206599927973,20.320203743405074,56.36452284397092,41.28979456844582,91.7515254171488,90.91525299695786,46.93205271894112
E,full_stack_single_agent,config_validity_rate,5,1.0,0.0,1.0,1.0,1.0,1.0,1.0
E,full_stack_single_agent,conflict_resolution_rate,5,0.8,0.4472135954999579,1.0,0.24471097896044036,1.3552890210395598,1.0,0.0
E,full_stack_single_agent,invalid_order_count,5,34315.0,0.0,34315.0,34315.0,34315.0,34315.0,34315.0
E,full_stack_single_agent,leakage_violation_rate,5,0.0,0.0,0.0,0.0,0.0,0.0,0.0
E,full_stack_single_agent,max_drawdown,5,0.0,0.0,0.0,0.0,0.0,0.0,0.0
E,full_stack_single_agent,mean_return,5,0.0,0.0,0.0,0.0,0.0,0.0,0.0
E,full_stack_single_agent,mean_reward,5,0.0,0.0,0.0,0.0,0.0,0.0,0.0
E,full_stack_single_agent,mean_turnover,5,0.0,0.0,0.0,0.0,0.0,0.0,0.0
E,full_stack_single_agent,report_completeness_rate,5,1.0,0.0,1.0,1.0,1.0,1.0,1.0
E,full_stack_single_agent,risk_directive_validity_rate,5,1.0,0.0,1.0,1.0,1.0,1.0,1.0
E,full_stack_single_agent,sharpe,5,0.0,0.0,0.0,0.0,0.0,0.0,0.0
E,full_stack_single_agent,std_return,5,0.0,0.0,0.0,0.0,0.0,0.0,0.0
E,full_stack_single_agent,task_success_rate,5,0.9333333333333333,0.14907119849998599,1.0,0.7482369929868135,1.1184296736798534,1.0,0.6666666666666666
E,full_stack_single_agent,tool_call_accuracy,5,0.8,0.4472135954999579,1.0,0.24471097896044036,1.3552890210395598,1.0,0.0
E,full_stack_single_agent,total_cost,5,0.0,0.0,0.0,0.0,0.0,0.0,0.0
E,full_stack_single_agent,trade_count,5,0.0,0.0,0.0,0.0,0.0,0.0,0.0
E,hierarchical_only,additional_runtime_seconds,5,15.334891164395959,5.908276765280728,13.385073015931994,7.998796613523073,22.670985715268845,22.267872955068015,8.957183602964506
E,hierarchical_only,config_validity_rate,5,1.0,0.0,1.0,1.0,1.0,1.0,1.0
E,hierarchical_only,conflict_resolution_rate,5,1.0,0.0,1.0,1.0,1.0,1.0,1.0
E,hierarchical_only,invalid_order_count,5,41948.0,338.31568098449117,41860.0,41527.925598893766,42368.074401106234,42275.0,41470.0
E,hierarchical_only,leakage_violation_rate,5,0.0,0.0,0.0,0.0,0.0,0.0,0.0
E,hierarchical_only,max_drawdown,5,0.034714608401892735,0.008981991323130325,0.032590452638345146,0.023561993143783197,0.045867223660002274,0.04329153792782303,0.021809060877127306
E,hierarchical_only,mean_return,5,0.04675498416661257,0.012407780313684537,0.04374070403993269,0.031348690053489045,0.062161278279736096,0.058643149291226715,0.029007214170744033
E,hierarchical_only,mean_reward,5,0.012316304313777204,0.0032383348346934444,0.011530604661676795,0.008295380535409208,0.0163372280921452,0.015418524254761845,0.007683263736008738
E,hierarchical_only,mean_turnover,5,0.003822176664367899,0.0010970429757726427,0.0035509600605684553,0.002460017896868682,0.005184335431867116,0.004875610059489042,0.0022577430817245017
E,hierarchical_only,report_completeness_rate,5,1.0,0.0,1.0,1.0,1.0,1.0,1.0
E,hierarchical_only,risk_directive_validity_rate,5,1.0,0.0,1.0,1.0,1.0,1.0,1.0
E,hierarchical_only,sharpe,5,1.9523525943138722,0.000589610371800913,1.9521223539469879,1.9516204963422394,1.953084692285505,1.9529558766336255,1.9516065104081344
E,hierarchical_only,std_return,5,0.0,0.0,0.0,0.0,0.0,0.0,0.0
E,hierarchical_only,task_success_rate,5,1.0,0.0,1.0,1.0,1.0,1.0,1.0
E,hierarchical_only,tool_call_accuracy,5,1.0,0.0,1.0,1.0,1.0,1.0,1.0
E,hierarchical_only,total_cost,5,5610.18571475371,1621.6278070616677,5206.084462486332,3596.6688482391137,7623.702581268307,7168.926232338659,3300.9071841185646
E,hierarchical_only,trade_count,5,970.0,0.0,970.0,970.0,970.0,970.0,970.0
E,no_llm,additional_runtime_seconds,5,0.030345791415311397,0.004819729395275011,0.02964362793136388,0.024361306944114005,0.036330275886508785,0.03860909503418952,0.026780616957694292
E,no_llm,config_validity_rate,5,1.0,0.0,1.0,1.0,1.0,1.0,1.0
E,no_llm,conflict_resolution_rate,5,1.0,0.0,1.0,1.0,1.0,1.0,1.0
E,no_llm,invalid_order_count,5,42275.0,0.0,42275.0,42275.0,42275.0,42275.0,42275.0
E,no_llm,leakage_violation_rate,5,0.0,0.0,0.0,0.0,0.0,0.0,0.0
E,no_llm,max_drawdown,5,0.04329153792782303,0.0,0.04329153792782303,0.04329153792782303,0.04329153792782303,0.04329153792782303,0.04329153792782303
E,no_llm,mean_return,5,0.058643149291226715,0.0,0.058643149291226715,0.058643149291226715,0.058643149291226715,0.058643149291226715,0.058643149291226715
E,no_llm,mean_reward,5,0.015418524254761845,0.0,0.015418524254761845,0.015418524254761845,0.015418524254761845,0.015418524254761845,0.015418524254761845
E,no_llm,mean_turnover,5,0.004875610059489042,0.0,0.004875610059489042,0.004875610059489042,0.004875610059489042,0.004875610059489042,0.004875610059489042
E,no_llm,report_completeness_rate,5,1.0,0.0,1.0,1.0,1.0,1.0,1.0
E,no_llm,risk_directive_validity_rate,5,1.0,0.0,1.0,1.0,1.0,1.0,1.0
E,no_llm,sharpe,5,1.9529558766336255,0.0,1.9529558766336255,1.9529558766336255,1.9529558766336255,1.9529558766336255,1.9529558766336255
E,no_llm,std_return,5,0.0,0.0,0.0,0.0,0.0,0.0,0.0
E,no_llm,task_success_rate,5,1.0,0.0,1.0,1.0,1.0,1.0,1.0
E,no_llm,tool_call_accuracy,5,1.0,0.0,1.0,1.0,1.0,1.0,1.0
E,no_llm,total_cost,5,7168.926232338659,0.0,7168.926232338659,7168.926232338659,7168.926232338659,7168.926232338659,7168.926232338659
E,no_llm,trade_count,5,970.0,0.0,970.0,970.0,970.0,970.0,970.0
E,research_only,additional_runtime_seconds,5,39.55303890721407,19.450149849713622,30.50564728991594,15.40248807915626,63.703589735271876,61.40155348402914,22.639861796051264
E,research_only,config_validity_rate,5,1.0,0.0,1.0,1.0,1.0,1.0,1.0
E,research_only,conflict_resolution_rate,5,0.8,0.4472135954999579,1.0,0.24471097896044036,1.3552890210395598,1.0,0.0
E,research_only,invalid_order_count,5,42275.0,0.0,42275.0,42275.0,42275.0,42275.0,42275.0
E,research_only,leakage_violation_rate,5,0.0,0.0,0.0,0.0,0.0,0.0,0.0
E,research_only,max_drawdown,5,0.04329153792782303,0.0,0.04329153792782303,0.04329153792782303,0.04329153792782303,0.04329153792782303,0.04329153792782303
E,research_only,mean_return,5,0.058643149291226715,0.0,0.058643149291226715,0.058643149291226715,0.058643149291226715,0.058643149291226715,0.058643149291226715
E,research_only,mean_reward,5,0.015418524254761845,0.0,0.015418524254761845,0.015418524254761845,0.015418524254761845,0.015418524254761845,0.015418524254761845
E,research_only,mean_turnover,5,0.004875610059489042,0.0,0.004875610059489042,0.004875610059489042,0.004875610059489042,0.004875610059489042,0.004875610059489042
E,research_only,report_completeness_rate,5,1.0,0.0,1.0,1.0,1.0,1.0,1.0
E,research_only,risk_directive_validity_rate,5,1.0,0.0,1.0,1.0,1.0,1.0,1.0
E,research_only,sharpe,5,1.9529558766336255,0.0,1.9529558766336255,1.9529558766336255,1.9529558766336255,1.9529558766336255,1.9529558766336255
E,research_only,std_return,5,0.0,0.0,0.0,0.0,0.0,0.0,0.0
E,research_only,task_success_rate,5,0.8,0.4472135954999579,1.0,0.24471097896044036,1.3552890210395598,1.0,0.0
E,research_only,tool_call_accuracy,5,0.8,0.4472135954999579,1.0,0.24471097896044036,1.3552890210395598,1.0,0.0
E,research_only,total_cost,5,7168.926232338659,0.0,7168.926232338659,7168.926232338659,7168.926232338659,7168.926232338659,7168.926232338659
E,research_only,trade_count,5,970.0,0.0,970.0,970.0,970.0,970.0,970.0
E,research_risk,additional_runtime_seconds,5,49.116599938017316,25.248397342072508,41.35383325605653,17.766573946022216,80.46662593001241,79.76368294004351,24.891277545015328
E,research_risk,config_validity_rate,5,1.0,0.0,1.0,1.0,1.0,1.0,1.0
E,research_risk,conflict_resolution_rate,5,0.8,0.4472135954999579,1.0,0.24471097896044036,1.3552890210395598,1.0,0.0
E,research_risk,invalid_order_count,5,35542.0,2657.8553384260777,34315.0,32241.83671384265,38842.163286157345,40295.0,34315.0
E,research_risk,leakage_violation_rate,5,0.0,0.0,0.0,0.0,0.0,0.0,0.0
E,research_risk,max_drawdown,5,0.002383072483604898,0.004804690135394567,0.0,-0.0035827382800393153,0.008348883247249111,0.010945036756933924,0.0
E,research_risk,mean_return,5,0.0031833393349833374,0.006333772334928848,0.0,-0.0046810777461168225,0.011047756416083496,0.014456975809873152,0.0
E,research_risk,mean_reward,5,0.0008704976050103617,0.0016958878749951073,0.0,-0.0012352253143613524,0.002976220524382076,0.003882247695956257,0.0
E,research_risk,mean_turnover,5,0.0002219695746102173,0.00045795244182697786,0.0,-0.00034665348529584587,0.0007905926345162805,0.00103935817639013,0.0
E,research_risk,report_completeness_rate,5,1.0,0.0,1.0,1.0,1.0,1.0,1.0
E,research_risk,risk_directive_validity_rate,5,1.0,0.0,1.0,1.0,1.0,1.0,1.0
E,research_risk,sharpe,5,0.81563430555085,1.1183546157230277,0.0,-0.5729863580174414,2.2042549691191415,2.1210103728184375,0.0
E,research_risk,std_return,5,0.0,0.0,0.0,0.0,0.0,0.0,0.0
E,research_risk,task_success_rate,5,0.9,0.22360679774997896,1.0,0.6223554894802201,1.17764451051978,1.0,0.5
E,research_risk,tool_call_accuracy,5,0.8,0.4472135954999579,1.0,0.24471097896044036,1.3552890210395598,1.0,0.0
E,research_risk,total_cost,5,323.62034768306603,667.7710351098185,0.0,-505.52690565605894,1152.767601022191,1515.5197823835174,0.0
E,research_risk,trade_count,5,380.0,520.5285775055967,0.0,-266.3215947249183,1026.3215947249182,970.0,0.0
E,risk_only,additional_runtime_seconds,5,29.54561312436126,14.508016265064144,23.649251042981632,11.531531642676441,47.55969460604608,55.44359366898425,21.56931483990047
E,risk_only,config_validity_rate,5,1.0,0.0,1.0,1.0,1.0,1.0,1.0
E,risk_only,conflict_resolution_rate,5,1.0,0.0,1.0,1.0,1.0,1.0,1.0
E,risk_only,invalid_order_count,5,35284.0,2166.7498701972963,34315.0,32593.624693063335,37974.375306936665,39160.0,34315.0
E,risk_only,leakage_violation_rate,5,0.0,0.0,0.0,0.0,0.0,0.0,0.0
E,risk_only,max_drawdown,5,0.0032720325174253385,0.007316487133552822,0.0,-0.005812586149628273,0.01235665118447895,0.016360162587126692,0.0
E,risk_only,mean_return,5,0.004341344826333771,0.009707542145449331,0.0,-0.007712160766716415,0.016394850419383957,0.021706724131668853,0.0
E,risk_only,mean_reward,5,0.0011541364230781958,0.002580727497311303,0.0,-0.0020502599995077565,0.004358532845664148,0.005770682115390979,0.0
E,risk_only,mean_turnover,5,0.0003330621977100394,0.0007447497148151228,0.0,-0.0005916667108484208,0.0012577911062684995,0.001665310988550197,0.0
E,risk_only,report_completeness_rate,5,1.0,0.0,1.0,1.0,1.0,1.0,1.0
E,risk_only,risk_directive_validity_rate,5,1.0,0.0,1.0,1.0,1.0,1.0,1.0
E,risk_only,sharpe,5,0.39082221512122606,0.8739050401281077,0.0,-0.6942742110546632,1.4759186412971155,1.9541110756061304,0.0
E,risk_only,std_return,5,0.0,0.0,0.0,0.0,0.0,0.0,0.0
E,risk_only,task_success_rate,5,1.0,0.0,1.0,1.0,1.0,1.0,1.0
E,risk_only,tool_call_accuracy,5,1.0,0.0,1.0,1.0,1.0,1.0,1.0
E,risk_only,total_cost,5,486.3017041490931,1087.4036680513639,0.0,-863.8882819850047,1836.491690283191,2431.5085207454654,0.0
E,risk_only,trade_count,5,194.0,433.7971876349592,0.0,-344.6303504083729,732.6303504083729,970.0,0.0
F,cma_es,locked_test_score,5,1.7597622557980668,0.5030157238852906,1.728446556041565,1.1351857409192951,2.3843387706768384,2.2961193922519465,0.9999260224917301
F,cma_es,runtime_seconds,5,6047.296407483215,470.9785726612047,6097.309793037013,5462.499269884401,6632.09354508203,6512.708083927049,5348.240762640024
F,cma_es,stability,5,0.0,0.0,0.0,0.0,0.0,0.0,0.0
F,cma_es,tuning_overfit_gap,5,0.01524404057557045,0.5388899846332341,0.32295980606387853,-0.6538762523360974,0.6843643334872384,0.4195996001663411,-0.7989629904450224
F,cma_es,validation_score,5,1.741372145625253,0.3032202073909899,1.819376590202859,1.3648745305799812,2.117869760670525,2.0315343762596183,1.3755708047598467
F,default,locked_test_score,5,1.5692396390601029,0.6370237836686292,1.5960705651391636,0.7782701408792215,2.360209137240984,2.3824711904604436,0.9316998064514742
F,default,runtime_seconds,5,6295.644224097557,550.889814231556,6305.29569784191,5611.624174789073,6979.664273406041,6989.240765345981,5483.828717372962
F,default,stability,5,0.0,0.0,0.0,0.0,0.0,0.0,0.0
F,default,tuning_overfit_gap,5,-0.41569355278076925,0.7706294174083287,0.028733381078395848,-1.3725563563334338,0.5411692507718953,0.22751038218728858,-1.3837468072114922
F,default,validation_score,5,1.1166139783214692,0.3743745571500015,1.1511015834976908,0.6517665688648339,1.5814613877781047,1.5987116726282533,0.5588737680106971
F,differential_evolution,locked_test_score,5,1.6083414081819307,0.4245505371981351,1.6469759235084478,1.0811922907249374,2.1354905256389243,2.1344812399829602,0.9720163911793344
F,differential_evolution,runtime_seconds,5,6415.546181421773,537.7770053342833,6529.9517185459845,5747.807834836359,7083.284528007188,7017.406377203064,5544.976279153023
F,differential_evolution,stability,5,0.0,0.0,0.0,0.0,0.0,0.0,0.0
F,differential_evolution,tuning_overfit_gap,5,0.2272678946677175,0.49141340453611176,0.4829630631814269,-0.38290243797951595,0.8374382273149509,0.729170546231336,-0.4067486566828371
F,differential_evolution,validation_score,5,1.8016536352678174,0.3454500250284352,1.6926669350943138,1.3727207760114193,2.2305864945242155,2.205059709930797,1.414561652724742
F,genetic,locked_test_score,5,1.64395590019696,0.6247637168433395,1.5114751023809019,0.8682092856086131,2.419702514785307,2.630827116092357,1.0873415326830012
F,genetic,runtime_seconds,5,6483.05246526422,447.80711970761564,6496.199777393951,5927.026486583949,7039.078443944491,7102.057603754103,5846.24438319914
F,genetic,stability,5,0.0,0.0,0.0,0.0,0.0,0.0,0.0
F,genetic,tuning_overfit_gap,5,0.13872604415576376,0.48474297235042446,0.26087546725258126,-0.4631618529940421,0.7406139413055696,0.729170546231336,-0.5136983008744718
F,genetic,validation_score,5,1.7512457386137747,0.37281309198808926,1.6338826003040559,1.2883371442331353,2.214154332994414,2.205059709930797,1.3956004310661312
F,nsga_ii,locked_test_score,5,1.61468952395437,0.5723211229810875,1.5114751023809019,0.9040589901372034,2.3253200577715365,2.4951189012552044,0.902449638331403
F,nsga_ii,runtime_seconds,5,6010.043427744182,386.7792151190266,6153.935218208004,5529.7936010773765,6490.293254410987,6473.9388773289975,5527.5976072130725
F,nsga_ii,stability,5,0.0,0.0,0.0,0.0,0.0,0.0,0.0
F,nsga_ii,tuning_overfit_gap,5,-0.34819643175781173,0.7457977869022756,-0.6849688091727384,-1.274226693694412,0.5778338301787884,0.729170546231336,-1.113780524040137
F,nsga_ii,validation_score,5,1.266493092196558,0.5918318981934211,0.9935329548811568,0.5316367312211904,2.0013494531719256,2.240645648612238,0.7331120919828042
F,pso,locked_test_score,5,1.2043705265258025,0.4040353561174515,1.2193873109742144,0.7026943708333251,1.7060466822182798,1.687430348596511,0.7801652213485087
F,pso,runtime_seconds,5,6175.518373843608,432.70069470582814,6381.59613012895,5638.249499229622,6712.787248457594,6607.071174568031,5521.531377130072
F,pso,stability,5,0.0,0.0,0.0,0.0,0.0,0.0,0.0
F,pso,tuning_overfit_gap,5,0.5871502483274944,0.41198461237303924,0.6467940203612368,0.07560378732995754,1.0986967093250313,1.1427120069772256,0.03554341310641007
F,pso,validation_score,5,1.7609394840991819,0.502311649438511,1.6954749470884063,1.1372371931130316,2.384641775085332,2.3231814997123212,1.1339989982040628
F,random,locked_test_score,5,1.8794611968355148,0.35058769632217723,1.7542940663803455,1.4441490760990723,2.3147733175719574,2.3500796519249194,1.5114751023809019
F,random,runtime_seconds,5,6115.388610212412,411.7325610181578,6114.950067107915,5604.15511230793,6626.622108116893,6491.937908870052,5450.3974610660225
F,random,stability,5,0.0,0.0,0.0,0.0,0.0,0.0,0.0
F,random,tuning_overfit_gap,5,0.02573049078530487,0.5672996249241951,-0.14794356196602942,-0.6786650296775683,0.730126011248178,0.729170546231336,-0.557026356644791
F,random,validation_score,5,1.8700874318059468,0.2777783544954275,1.7634794639110518,1.5251800495486911,2.2149948140632025,2.205059709930797,1.5686663429021184
F,tpe,locked_test_score,5,1.5576285869119086,0.6490669753600344,1.7069869944549314,0.7517054911843427,2.3635516826394745,2.211167355203099,0.5614646258314409
F,tpe,runtime_seconds,5,6138.485076459008,227.11516227760492,6113.652537112008,5856.4843560127,6420.485796905316,6491.3505861450685,5879.804415866965
F,tpe,stability,5,0.0,0.0,0.0,0.0,0.0,0.0,0.0
F,tpe,tuning_overfit_gap,5,0.27834227952660606,0.3003008364857183,0.1783142455465243,-0.09453045776818642,0.6512150168213986,0.8065271741626177,0.06011754187964957
F,tpe,validation_score,5,1.8013199828352662,0.4405992734283346,1.7364153291860818,1.2542437273845657,2.3483962382859667,2.3892446906963203,1.3308847091122562
