run_id,group,method,category,artifact_path,sha256,size_bytes,payload_in_benchmark
p12v4m6-B-cash-s1024,B,cash,weights,test/weights.json,ac18cbdf662b9bd6668b2cf7e7f6fb7bd23ff828bad7e68c2c82eec0928eb5af,1933642,False
p12v4m6-B-cash-s1024,B,cash,weights,validation/weights.json,901c62144e46d99f085bdc783aedd11a873b4017ad3672b26249eeba13c59956,2601632,False
p12v4m6-B-cash-s2048,B,cash,weights,test/weights.json,ac18cbdf662b9bd6668b2cf7e7f6fb7bd23ff828bad7e68c2c82eec0928eb5af,1933642,False
p12v4m6-B-cash-s2048,B,cash,weights,validation/weights.json,901c62144e46d99f085bdc783aedd11a873b4017ad3672b26249eeba13c59956,2601632,False
p12v4m6-B-cash-s4096,B,cash,weights,test/weights.json,ac18cbdf662b9bd6668b2cf7e7f6fb7bd23ff828bad7e68c2c82eec0928eb5af,1933642,False
p12v4m6-B-cash-s4096,B,cash,weights,validation/weights.json,901c62144e46d99f085bdc783aedd11a873b4017ad3672b26249eeba13c59956,2601632,False
p12v4m6-B-cash-s8192,B,cash,weights,test/weights.json,ac18cbdf662b9bd6668b2cf7e7f6fb7bd23ff828bad7e68c2c82eec0928eb5af,1933642,False
p12v4m6-B-cash-s8192,B,cash,weights,validation/weights.json,901c62144e46d99f085bdc783aedd11a873b4017ad3672b26249eeba13c59956,2601632,False
p12v4m6-B-cash-s16384,B,cash,weights,test/weights.json,ac18cbdf662b9bd6668b2cf7e7f6fb7bd23ff828bad7e68c2c82eec0928eb5af,1933642,False
p12v4m6-B-cash-s16384,B,cash,weights,validation/weights.json,901c62144e46d99f085bdc783aedd11a873b4017ad3672b26249eeba13c59956,2601632,False
p12v4m6-B-buy_and_hold-s1024,B,buy_and_hold,weights,test/weights.json,cf08ccd160be2885df6344051ffd8b6aa77e6a1f5ea5867809742c248ea0c9dd,3320672,False
p12v4m6-B-buy_and_hold-s1024,B,buy_and_hold,weights,validation/weights.json,44e647b0800da08a7775948c2045388b59336be4f5e4eb689dae9a7c063a4895,4512737,False
p12v4m6-B-buy_and_hold-s2048,B,buy_and_hold,weights,test/weights.json,cf08ccd160be2885df6344051ffd8b6aa77e6a1f5ea5867809742c248ea0c9dd,3320672,False
p12v4m6-B-buy_and_hold-s2048,B,buy_and_hold,weights,validation/weights.json,44e647b0800da08a7775948c2045388b59336be4f5e4eb689dae9a7c063a4895,4512737,False
p12v4m6-B-buy_and_hold-s4096,B,buy_and_hold,weights,test/weights.json,cf08ccd160be2885df6344051ffd8b6aa77e6a1f5ea5867809742c248ea0c9dd,3320672,False
p12v4m6-B-buy_and_hold-s4096,B,buy_and_hold,weights,validation/weights.json,44e647b0800da08a7775948c2045388b59336be4f5e4eb689dae9a7c063a4895,4512737,False
p12v4m6-B-buy_and_hold-s8192,B,buy_and_hold,weights,test/weights.json,cf08ccd160be2885df6344051ffd8b6aa77e6a1f5ea5867809742c248ea0c9dd,3320672,False
p12v4m6-B-buy_and_hold-s8192,B,buy_and_hold,weights,validation/weights.json,44e647b0800da08a7775948c2045388b59336be4f5e4eb689dae9a7c063a4895,4512737,False
p12v4m6-B-buy_and_hold-s16384,B,buy_and_hold,weights,test/weights.json,cf08ccd160be2885df6344051ffd8b6aa77e6a1f5ea5867809742c248ea0c9dd,3320672,False
p12v4m6-B-buy_and_hold-s16384,B,buy_and_hold,weights,validation/weights.json,44e647b0800da08a7775948c2045388b59336be4f5e4eb689dae9a7c063a4895,4512737,False
p12v4m6-B-equal_weight-s1024,B,equal_weight,weights,test/weights.json,0a1794d3720e2e7ceb7c792e285a055693751e56c4f2a66e89d1082aa7aa34f3,3841877,False
p12v4m6-B-equal_weight-s1024,B,equal_weight,weights,validation/weights.json,1db8cd8952560f5af4599842874fae9f80f2627a6b6e0c6d369d5522f58ebdab,5247877,False
p12v4m6-B-equal_weight-s2048,B,equal_weight,weights,test/weights.json,0a1794d3720e2e7ceb7c792e285a055693751e56c4f2a66e89d1082aa7aa34f3,3841877,False
p12v4m6-B-equal_weight-s2048,B,equal_weight,weights,validation/weights.json,1db8cd8952560f5af4599842874fae9f80f2627a6b6e0c6d369d5522f58ebdab,5247877,False
p12v4m6-B-equal_weight-s4096,B,equal_weight,weights,test/weights.json,0a1794d3720e2e7ceb7c792e285a055693751e56c4f2a66e89d1082aa7aa34f3,3841877,False
p12v4m6-B-equal_weight-s4096,B,equal_weight,weights,validation/weights.json,1db8cd8952560f5af4599842874fae9f80f2627a6b6e0c6d369d5522f58ebdab,5247877,False
p12v4m6-B-equal_weight-s8192,B,equal_weight,weights,test/weights.json,0a1794d3720e2e7ceb7c792e285a055693751e56c4f2a66e89d1082aa7aa34f3,3841877,False
p12v4m6-B-equal_weight-s8192,B,equal_weight,weights,validation/weights.json,1db8cd8952560f5af4599842874fae9f80f2627a6b6e0c6d369d5522f58ebdab,5247877,False
p12v4m6-B-equal_weight-s16384,B,equal_weight,weights,test/weights.json,0a1794d3720e2e7ceb7c792e285a055693751e56c4f2a66e89d1082aa7aa34f3,3841877,False
p12v4m6-B-equal_weight-s16384,B,equal_weight,weights,validation/weights.json,1db8cd8952560f5af4599842874fae9f80f2627a6b6e0c6d369d5522f58ebdab,5247877,False
p12v4m6-B-risk_parity-s1024,B,risk_parity,weights,test/weights.json,2e2a9c371ec8b944e965975a212ad76c8767f4158193095d21508d6f24e2dea0,3875867,False
p12v4m6-B-risk_parity-s1024,B,risk_parity,weights,validation/weights.json,1c45a15c121f616b7226eecc83f5b90ccd9d9b25cb03044a03b5251e44838abf,5271332,False
p12v4m6-B-risk_parity-s2048,B,risk_parity,weights,test/weights.json,2e2a9c371ec8b944e965975a212ad76c8767f4158193095d21508d6f24e2dea0,3875867,False
p12v4m6-B-risk_parity-s2048,B,risk_parity,weights,validation/weights.json,1c45a15c121f616b7226eecc83f5b90ccd9d9b25cb03044a03b5251e44838abf,5271332,False
p12v4m6-B-risk_parity-s4096,B,risk_parity,weights,test/weights.json,2e2a9c371ec8b944e965975a212ad76c8767f4158193095d21508d6f24e2dea0,3875867,False
p12v4m6-B-risk_parity-s4096,B,risk_parity,weights,validation/weights.json,1c45a15c121f616b7226eecc83f5b90ccd9d9b25cb03044a03b5251e44838abf,5271332,False
p12v4m6-B-risk_parity-s8192,B,risk_parity,weights,test/weights.json,2e2a9c371ec8b944e965975a212ad76c8767f4158193095d21508d6f24e2dea0,3875867,False
p12v4m6-B-risk_parity-s8192,B,risk_parity,weights,validation/weights.json,1c45a15c121f616b7226eecc83f5b90ccd9d9b25cb03044a03b5251e44838abf,5271332,False
p12v4m6-B-risk_parity-s16384,B,risk_parity,weights,test/weights.json,2e2a9c371ec8b944e965975a212ad76c8767f4158193095d21508d6f24e2dea0,3875867,False
p12v4m6-B-risk_parity-s16384,B,risk_parity,weights,validation/weights.json,1c45a15c121f616b7226eecc83f5b90ccd9d9b25cb03044a03b5251e44838abf,5271332,False
p12v4m6-B-mean_variance-s1024,B,mean_variance,weights,test/weights.json,ac1c1041e3931770760f631e04d017c37234e259ce3807c6f4347cf13094ac96,3100382,False
p12v4m6-B-mean_variance-s1024,B,mean_variance,weights,validation/weights.json,3858ac7706e88fefc8fddb9488530e3fff09c933c718800d4e39afeb79f85492,4042457,False
p12v4m6-B-mean_variance-s2048,B,mean_variance,weights,test/weights.json,ac1c1041e3931770760f631e04d017c37234e259ce3807c6f4347cf13094ac96,3100382,False
p12v4m6-B-mean_variance-s2048,B,mean_variance,weights,validation/weights.json,3858ac7706e88fefc8fddb9488530e3fff09c933c718800d4e39afeb79f85492,4042457,False
p12v4m6-B-mean_variance-s4096,B,mean_variance,weights,test/weights.json,ac1c1041e3931770760f631e04d017c37234e259ce3807c6f4347cf13094ac96,3100382,False
p12v4m6-B-mean_variance-s4096,B,mean_variance,weights,validation/weights.json,3858ac7706e88fefc8fddb9488530e3fff09c933c718800d4e39afeb79f85492,4042457,False
p12v4m6-B-mean_variance-s8192,B,mean_variance,weights,test/weights.json,ac1c1041e3931770760f631e04d017c37234e259ce3807c6f4347cf13094ac96,3100382,False
p12v4m6-B-mean_variance-s8192,B,mean_variance,weights,validation/weights.json,3858ac7706e88fefc8fddb9488530e3fff09c933c718800d4e39afeb79f85492,4042457,False
p12v4m6-B-mean_variance-s16384,B,mean_variance,weights,test/weights.json,ac1c1041e3931770760f631e04d017c37234e259ce3807c6f4347cf13094ac96,3100382,False
p12v4m6-B-mean_variance-s16384,B,mean_variance,weights,validation/weights.json,3858ac7706e88fefc8fddb9488530e3fff09c933c718800d4e39afeb79f85492,4042457,False
p12v4m6-B-ppo-s1024,B,PPO,weights,model/training/test/weights.json,416ff1829ee756ca42b2b3f3ac00d97021798aea8df9b30d5433071d80bc8eae,3010267,False
p12v4m6-B-ppo-s1024,B,PPO,weights,model/training/validation/weights.json,1209a8191885d1c3615b5e84ffd2eba01960b96dd76b61cc98b47b6267af531a,4052397,False
p12v4m6-B-ppo-s2048,B,PPO,weights,model/training/test/weights.json,e5e71d859eb79d8686a16c92a113a825710a9a1d5feb97e0eb24a37f44750967,2984002,False
p12v4m6-B-ppo-s2048,B,PPO,weights,model/training/validation/weights.json,28daf1b8f2e22919737a0256c70d538e4846f2214d54b85c28efadba233a2776,4016592,False
p12v4m6-B-ppo-s4096,B,PPO,weights,model/training/test/weights.json,96cacdfa6fe87c0b8b7538b3850ca92a14ada6d82435af520b5ab3b626a89226,2981692,False
p12v4m6-B-ppo-s4096,B,PPO,weights,model/training/validation/weights.json,351a56d012beb33ad55e1a39e4e8820a4d28ea0f4628485f7ede049e18cfdec6,4013652,False
p12v4m6-B-ppo-s8192,B,PPO,weights,model/training/test/weights.json,3ed4031cfffa761e414ce977211992f363550dd7d04bc654544d8936346a21c8,2885547,False
p12v4m6-B-ppo-s8192,B,PPO,weights,model/training/validation/weights.json,c542233adcb0f6d5881c6c1a90e1fe180c346882579a243d5de58dc6558c0487,3880727,False
p12v4m6-B-ppo-s16384,B,PPO,weights,model/training/test/weights.json,e536338de3d0f6ac93b7cb7c2698df26dde81f47716a292474536f49dbd72fd8,2853377,False
p12v4m6-B-ppo-s16384,B,PPO,weights,model/training/validation/weights.json,84dd20c044eabe439db51d7ae44ed3f54910133b00fd1009284d7446c7f61b3a,3841067,False
p12v4m6-B-sac-s1024,B,SAC,weights,model/training/test/weights.json,0fcdd4bfc3e52229ba3f3f0569b34c8c17542ee99237ee1488c86d8fa1353f35,3050282,False
p12v4m6-B-sac-s1024,B,SAC,weights,model/training/validation/weights.json,07a978d277db0cd28fdc4781d2d2d928925b430f07b3d402f4cabf3d6b7a7ec8,4112822,False
p12v4m6-B-sac-s2048,B,SAC,weights,model/training/test/weights.json,50ceb9fe3e28d099b67a6f5a326f6d19a387d7b85dee1d99ecafc2ec86c71f68,2778722,False
p12v4m6-B-sac-s2048,B,SAC,weights,model/training/validation/weights.json,ca4e6f92037a04a7bb1be2d121c6b73a1a69229549d320555137ddbe0adb8197,3791662,False
p12v4m6-B-sac-s4096,B,SAC,weights,model/training/test/weights.json,12260ce196543c747827d72bcc34bf5501ba727533dd5bdd465a899ac189deba,2749177,False
p12v4m6-B-sac-s4096,B,SAC,weights,model/training/validation/weights.json,49cf26f99f32bc0ecdd88772bb6bf5d44fd04aa05165c953191504dad5c0e66b,3703617,False
p12v4m6-B-sac-s8192,B,SAC,weights,model/training/test/weights.json,8b03494e7e02993d0dc62f15c39635c428fa25a26efb8505079d88d476e1a455,2885022,False
p12v4m6-B-sac-s8192,B,SAC,weights,model/training/validation/weights.json,1f04024ebe99a4920a7360426e887e06333b175b86e5abe15ba161bb16b68a40,3884592,False
p12v4m6-B-sac-s16384,B,SAC,weights,model/training/test/weights.json,3076a2ddf8eb4ae225ed62ed34a5ea4f476d34214e95dc07ecb2cd0485909c6c,3018082,False
p12v4m6-B-sac-s16384,B,SAC,weights,model/training/validation/weights.json,b92fdfd617cdbab136cff29468bfe155bee10170bbe68e1c9437658d88471c94,4101477,False
p12v4m6-B-td3-s1024,B,TD3,weights,model/training/test/weights.json,3e5a565c1885a9a2423404e8144a8e3e3a0c35410e1197578f231d4129d9e95a,2852592,False
p12v4m6-B-td3-s1024,B,TD3,weights,model/training/validation/weights.json,0d7c332d6b93cc5cc7831d309727713a9f5090575beb88647b8efff0103438dd,3883942,False
p12v4m6-B-td3-s2048,B,TD3,weights,model/training/test/weights.json,d4885ad736f94ac65aef3f8c83f9e75f8f34d0053dd9d330d59a8e5a263b648e,2740102,False
p12v4m6-B-td3-s2048,B,TD3,weights,model/training/validation/weights.json,f6d42528a51f69bab519e7dbbb1c6d9395139dc1208caec89cf3ece671d5226e,3690012,False
p12v4m6-B-td3-s4096,B,TD3,weights,model/training/test/weights.json,bf2469b0610fad54905820c3ebc4fdaca5534a6c4c3c13b1c57bebc64121c8c5,2959572,False
p12v4m6-B-td3-s4096,B,TD3,weights,model/training/validation/weights.json,5a2e32885207486fcbcd144a38e500510fa19e62aad51b4deb9c8ee1fada899b,4027467,False
p12v4m6-B-td3-s8192,B,TD3,weights,model/training/test/weights.json,8edc726200ed02a914974894d66534cfc932f5b75465697ace525612a18ea374,2836832,False
p12v4m6-B-td3-s8192,B,TD3,weights,model/training/validation/weights.json,41ca2ed2b7c59f837f7e676938df32ace3059d198eac8693f44d7cbfce7154c5,3862827,False
p12v4m6-B-td3-s16384,B,TD3,weights,model/training/test/weights.json,b4f1b425ae3d08e539ac935091f60794d1af78ef1e7f20b5a93c931930a1f325,2981282,False
p12v4m6-B-td3-s16384,B,TD3,weights,model/training/validation/weights.json,dc3e1e9795ed4ba28697be7b348fa42d777712c5c1e83c76a9058aae63f0e8d6,4013397,False
p12v4m6-C-cn_hk_jp_to_us-s1024,C,CN+HK+JP_to_US,weights,target_US/test/weights.json,095b9d5a22ee675bafab3a6a70c46ea9cfa74810797eed7dad8baa25acf00c54,2339917,False
p12v4m6-C-cn_hk_jp_to_us-s1024,C,CN+HK+JP_to_US,weights,target_US/validation/weights.json,89373ee0ca8cd626034ed084bca6086e33f37cd333b11d67141a39864c8a4818,3240852,False
p12v4m6-C-cn_hk_jp_to_us-s2048,C,CN+HK+JP_to_US,weights,target_US/test/weights.json,bf7cd96d115f06b495c491bc8ed56fd2f391a79817626b473fc251cd5623ca1c,2272297,False
p12v4m6-C-cn_hk_jp_to_us-s2048,C,CN+HK+JP_to_US,weights,target_US/validation/weights.json,9e5f72e261bd8dbd8ef8fd9d5777cdad3bcc44d9bade034dcc93e5cec21f4255,3323222,False
p12v4m6-C-cn_hk_jp_to_us-s4096,C,CN+HK+JP_to_US,weights,target_US/test/weights.json,3d63243a97aeccf8801208a0bece99b1cf6bead586257feb9f42c586fc0f0a92,2201497,False
p12v4m6-C-cn_hk_jp_to_us-s4096,C,CN+HK+JP_to_US,weights,target_US/validation/weights.json,8a3803f0480024589ee7f362d9df7d648d580daf3d0de701dcc20584114e7417,3319612,False
p12v4m6-C-cn_hk_jp_to_us-s8192,C,CN+HK+JP_to_US,weights,target_US/test/weights.json,ded8214c999f1e80d7b6ef37b760b65c57d675351d03870dbda7a72bce85c30c,2310357,False
p12v4m6-C-cn_hk_jp_to_us-s8192,C,CN+HK+JP_to_US,weights,target_US/validation/weights.json,52cdb3a185953796128154a4b0d8527db83087f8740776ad7daadeead87ead3e,3454882,False
p12v4m6-C-cn_hk_jp_to_us-s16384,C,CN+HK+JP_to_US,weights,target_US/test/weights.json,1c8b8ac2159cc98e7e98e5c7f295ce9672b509b21b0b3a8ffc2d8879984508c2,2235437,False
p12v4m6-C-cn_hk_jp_to_us-s16384,C,CN+HK+JP_to_US,weights,target_US/validation/weights.json,1282665b6d91a17a85593741435a94347a808bc17af271a5c265c521fccb0bfd,3286047,False
p12v4m6-C-cn_hk_us_to_jp-s1024,C,CN+HK+US_to_JP,weights,target_JP/test/weights.json,58eef6586fb8e1ccd6bdd6e0197ac33cf343f869e848a9eafdcedde5086e1370,2239087,False
p12v4m6-C-cn_hk_us_to_jp-s1024,C,CN+HK+US_to_JP,weights,target_JP/validation/weights.json,1035a7ab04db8907132cf787bb40faa63cb89ba7edab1d6ac09f7c943cbc8a5e,3537712,False
p12v4m6-C-cn_hk_us_to_jp-s2048,C,CN+HK+US_to_JP,weights,target_JP/test/weights.json,a29056378f25b8483392ef627fbe95ff6f2601b114b0d9cd3eb6fd7116ad53ad,2176802,False
p12v4m6-C-cn_hk_us_to_jp-s2048,C,CN+HK+US_to_JP,weights,target_JP/validation/weights.json,074a567def32c365fb3cf6544794ac854623e0525e4288d78a8c43b091e0eaf0,3405847,False
p12v4m6-C-cn_hk_us_to_jp-s4096,C,CN+HK+US_to_JP,weights,target_JP/test/weights.json,0ef3461459826b28009faae8aa80cea4512ce677d185c377b7de0a530b423b28,2276232,False
p12v4m6-C-cn_hk_us_to_jp-s4096,C,CN+HK+US_to_JP,weights,target_JP/validation/weights.json,1494f8ecf743adc544be82bf7aacd0b3895f34c9d2481f6c53b665613006cca8,3507092,False
p12v4m6-C-cn_hk_us_to_jp-s8192,C,CN+HK+US_to_JP,weights,target_JP/test/weights.json,20951b6976c154a275d3a4012786395660b29f927be4b3a8c7d2d7a27c780a94,2246012,False
p12v4m6-C-cn_hk_us_to_jp-s8192,C,CN+HK+US_to_JP,weights,target_JP/validation/weights.json,9a59cdc2d5e8dc5affb89990144ae83ccd3ca4f9ece6d44c8dba1bf37ca39b0d,3456072,False
p12v4m6-C-cn_hk_us_to_jp-s16384,C,CN+HK+US_to_JP,weights,target_JP/test/weights.json,6826c324c50b8ee4632984068ae3ea508111d6f8fd0a8d8de0dbacd7ba54fac6,2139167,False
p12v4m6-C-cn_hk_us_to_jp-s16384,C,CN+HK+US_to_JP,weights,target_JP/validation/weights.json,1f72f3640ff8c2622f0856a11e0b716132f4fee2772e69b49ccdabd26e753934,3449717,False
p12v4m6-C-cn_jp_us_to_hk-s1024,C,CN+JP+US_to_HK,weights,target_HK/test/weights.json,b15626420f10678852f3340c264ecdb18c476540ceaa55c0a8052d6fd80e2322,2021532,False
p12v4m6-C-cn_jp_us_to_hk-s1024,C,CN+JP+US_to_HK,weights,target_HK/validation/weights.json,3662fbe1c1a08b5a2d72f27685aeb148a979eb5f9e9b7f78bcdf454fd3cb75ab,3707517,False
p12v4m6-C-cn_jp_us_to_hk-s2048,C,CN+JP+US_to_HK,weights,target_HK/test/weights.json,00933595f345c63ba636a0ff9d500c56d542306ecf4faab837b6bba3b5f3e033,2051622,False
p12v4m6-C-cn_jp_us_to_hk-s2048,C,CN+JP+US_to_HK,weights,target_HK/validation/weights.json,d63694fadf04ffabb1f76ad9e4aeef2b43c2229881031c7c051789f7987f13e2,3808412,False
p12v4m6-C-cn_jp_us_to_hk-s4096,C,CN+JP+US_to_HK,weights,target_HK/test/weights.json,1ac43fab652ba22d80e18d7290ccda80ae2e65bae7030bf246f36e86269f858f,2020587,False
p12v4m6-C-cn_jp_us_to_hk-s4096,C,CN+JP+US_to_HK,weights,target_HK/validation/weights.json,8b6e08e0caf4cd913eb2406a4dc64357bde9dd37e9152b14e19a0b9ce99f7729,3602577,False
p12v4m6-C-cn_jp_us_to_hk-s8192,C,CN+JP+US_to_HK,weights,target_HK/test/weights.json,0000a2ee3dc673b89ad47e9452611c3de2c4ebe2a897b18b782c1360dc3730a4,2049217,False
p12v4m6-C-cn_jp_us_to_hk-s8192,C,CN+JP+US_to_HK,weights,target_HK/validation/weights.json,a4f5389874a36cf9673082dc9aaad616123f5810d7e3363d864fb5923f57b899,3745227,False
p12v4m6-C-cn_jp_us_to_hk-s16384,C,CN+JP+US_to_HK,weights,target_HK/test/weights.json,1f4312b80f171ba5635b791f63776e5106fdf32c1a7f021880baae840672080e,2048687,False
p12v4m6-C-cn_jp_us_to_hk-s16384,C,CN+JP+US_to_HK,weights,target_HK/validation/weights.json,09ba69a1b4dd12f5221af280800d076ff3613ec6d793364f2aad821368733d54,3406067,False
p12v4m6-C-hk_jp_us_to_cn-s1024,C,HK+JP+US_to_CN,weights,target_CN/test/weights.json,6b4f814d1d5754d6ac58a121cd1bc646b026312deb49d417429c36068f70ac75,2276787,False
p12v4m6-C-hk_jp_us_to_cn-s1024,C,HK+JP+US_to_CN,weights,target_CN/validation/weights.json,4f77e883807b3fcfa61090b96ba4c830ad25e394d6b4dbb9280a8f9c56bec584,3454387,False
p12v4m6-C-hk_jp_us_to_cn-s2048,C,HK+JP+US_to_CN,weights,target_CN/test/weights.json,7349192fee63fd0129e8bf9ae9fb4f1d32c06174e88277380d9abeb21c258abb,2119747,False
p12v4m6-C-hk_jp_us_to_cn-s2048,C,HK+JP+US_to_CN,weights,target_CN/validation/weights.json,0f17195ad92f5bdcbf5ca274f4f255321f46f8e6e1657c67bb258d0eba9d9773,3584447,False
p12v4m6-C-hk_jp_us_to_cn-s4096,C,HK+JP+US_to_CN,weights,target_CN/test/weights.json,acb27278c084f266e09bb211db72db431247fe110c732ba770dca98835ebae48,2405577,False
p12v4m6-C-hk_jp_us_to_cn-s4096,C,HK+JP+US_to_CN,weights,target_CN/validation/weights.json,08994592b67d651881ebdbb5e21b6083436cf8daa25392037cbf431a5b7a153b,3457977,False
p12v4m6-C-hk_jp_us_to_cn-s8192,C,HK+JP+US_to_CN,weights,target_CN/test/weights.json,47836e42b263981bdf05a7e0bab6a8a9f0c26edd5d16a6e75bb492c7d2dce6d7,2266917,False
p12v4m6-C-hk_jp_us_to_cn-s8192,C,HK+JP+US_to_CN,weights,target_CN/validation/weights.json,fb8e051a60bbb561a568c692b1280068d4e5aef6c894b6c4d39c246710e988fa,3366502,False
p12v4m6-C-hk_jp_us_to_cn-s16384,C,HK+JP+US_to_CN,weights,target_CN/test/weights.json,9d324f9b13aaacaea1f39f427862015a477cf108093bb91b5929cfe6dc7e7a10,2259607,False
p12v4m6-C-hk_jp_us_to_cn-s16384,C,HK+JP+US_to_CN,weights,target_CN/validation/weights.json,89e6328a9550a3a915186967acc718c0b67e17fde81b45790695eb80024047ac,3167572,False
p12v4m6-C-single_market-s1024,C,single_market,weights,target_CN/test/weights.json,350c1f15eaac084063b41293fd8eb502f4f5bf502c2827aefaea4f8e6deffabf,2147912,False
p12v4m6-C-single_market-s1024,C,single_market,weights,target_CN/validation/weights.json,a32ee964520b617d889948cf21475108971a9a4fe6a491537a2c7932dd844955,2891402,False
p12v4m6-C-single_market-s1024,C,single_market,weights,target_HK/test/weights.json,97cc713a220b913948adcf02dc25fcb051ea543f0bd6b906909ddb54c8b5c9c6,2017457,False
p12v4m6-C-single_market-s1024,C,single_market,weights,target_HK/validation/weights.json,fc7c27c0a2a57f6bb3b5bc56509df16ad5764f40d2f63e07ae8fab797c57a390,2714677,False
p12v4m6-C-single_market-s1024,C,single_market,weights,target_JP/test/weights.json,57d3cff7c0951c5b36ee4cd9ff17dc6f0cf489a08ec7b15f973a21a5c30be147,2111727,False
p12v4m6-C-single_market-s1024,C,single_market,weights,target_JP/validation/weights.json,7c6bbceaf14540cd861b6c0dae7b989fab59182ea173fa5344171cd5b7e753d4,2839987,False
p12v4m6-C-single_market-s1024,C,single_market,weights,target_US/test/weights.json,4f0e05381ca1cab90c4119b7c20aaa6ce9bad9b9b5dcbc0e1f7e9bb884255757,2213582,False
p12v4m6-C-single_market-s1024,C,single_market,weights,target_US/validation/weights.json,12eb7bd8a46896f6174748eab755706f0e8b87e8e57a07bb208ca6c6fc7b9800,2979227,False
p12v4m6-C-single_market-s2048,C,single_market,weights,target_CN/test/weights.json,0c24cc060d38e1b68c2d431e0ad7b7b915a2bf76e938effa9e5aaaf20434257e,2085912,False
p12v4m6-C-single_market-s2048,C,single_market,weights,target_CN/validation/weights.json,93e47888bf1bb08eb5ecc73770e711e9a889535bb1dd1044b02ef11a458d8d4a,2808142,False
p12v4m6-C-single_market-s2048,C,single_market,weights,target_HK/test/weights.json,bbd1c847594fd985d57d7479d760937fd545ce65769c42c2c253731242d4ef23,2017512,False
p12v4m6-C-single_market-s2048,C,single_market,weights,target_HK/validation/weights.json,33f1a8b9b7ad626956d91699a4ea518197063ec3169f7a81b5c74784f108ffed,2757282,False
p12v4m6-C-single_market-s2048,C,single_market,weights,target_JP/test/weights.json,9b55b6f33469a8e2af5b8f814c369a62f8740ba9098e9d79b87259a64fc8270a,2299932,False
p12v4m6-C-single_market-s2048,C,single_market,weights,target_JP/validation/weights.json,e68f42723976aa0f5f334bb8e04844d6ce9ed927b2ad9c3da23a00b72d070ddc,3097092,False
p12v4m6-C-single_market-s2048,C,single_market,weights,target_US/test/weights.json,6b39936cbecdbd7b73bee18c07e990c69a2e4d1db19cc7ebcece1922b5c284f7,2214562,False
p12v4m6-C-single_market-s2048,C,single_market,weights,target_US/validation/weights.json,90b9aedc1590939306ed160a90963fef541efc7fbd8223d9218834d58559f05e,2980972,False
p12v4m6-C-single_market-s4096,C,single_market,weights,target_CN/test/weights.json,dab02054d52f82037c636f56852b7b3811fda6966236da4a123836314ef2eba2,2182522,False
p12v4m6-C-single_market-s4096,C,single_market,weights,target_CN/validation/weights.json,a1dab22bcafedf94a38c9370ccb832888d64fa13fe20c7b5377ed0759fa8a41a,2941702,False
p12v4m6-C-single_market-s4096,C,single_market,weights,target_HK/test/weights.json,f88bfd4da6b50dc650aceecb213838d00d69f73079da599ef9cfee2c55d63e86,2018567,False
p12v4m6-C-single_market-s4096,C,single_market,weights,target_HK/validation/weights.json,6417c75797c1770f77a2de2476509c19313cd0c2c1b0b948643c976c6a10b326,2715882,False
p12v4m6-C-single_market-s4096,C,single_market,weights,target_JP/test/weights.json,9937f8056c86dc0890ec302af9213486eb9f9855615b8e32db6ea0651cf6eb05,2282197,False
p12v4m6-C-single_market-s4096,C,single_market,weights,target_JP/validation/weights.json,c000851f73bd277d56bffcb274177305f1397f684e07d7e1fddde598b7a57a8a,3072817,False
p12v4m6-C-single_market-s4096,C,single_market,weights,target_US/test/weights.json,359c9ed33e0438c287bd31a21141cbff0fb325f146684dfebf34a9a98a24ce59,2279637,False
p12v4m6-C-single_market-s4096,C,single_market,weights,target_US/validation/weights.json,e9216615a9944a9704cc8052309339d6ba9e5ae399438f9b5a1d0ffad42213ed,3069012,False
p12v4m6-C-single_market-s8192,C,single_market,weights,target_CN/test/weights.json,0eda278b2d08619b864512e0685e9019f0e37150f5f4dff88f81ba9b66ddcb59,2149072,False
p12v4m6-C-single_market-s8192,C,single_market,weights,target_CN/validation/weights.json,b777aac5b3bef31da2700dc289fdceb51689d4a6aae210ac123db7d1189a4f51,2891017,False
p12v4m6-C-single_market-s8192,C,single_market,weights,target_HK/test/weights.json,ac18cbdf662b9bd6668b2cf7e7f6fb7bd23ff828bad7e68c2c82eec0928eb5af,1933642,False
p12v4m6-C-single_market-s8192,C,single_market,weights,target_HK/validation/weights.json,94faeb3ea9556ec1f3b9e6beeba690d828aefc4f2a5438f507f8db97e853039f,2716292,False
p12v4m6-C-single_market-s8192,C,single_market,weights,target_JP/test/weights.json,90f80af91ccac4bc96042a963ae25070c4e19a61a2d51954efb6a2b5e7219931,2238382,False
p12v4m6-C-single_market-s8192,C,single_market,weights,target_JP/validation/weights.json,a0da39dffa9f73d3fa00594bff04c417a6fbb4d824cde72a401d4a9d1fdd0a91,3013572,False
p12v4m6-C-single_market-s8192,C,single_market,weights,target_US/test/weights.json,650e162eec25157c9221e73a207db9b66a48b4d40713cc9a04a67f2d7e95b9d4,2141327,False
p12v4m6-C-single_market-s8192,C,single_market,weights,target_US/validation/weights.json,93add2579e51698048edafc154fce373f2faf082b01e1a626ba5a64a98d4cb33,2882902,False
p12v4m6-C-single_market-s16384,C,single_market,weights,target_CN/test/weights.json,36bc6d647b916ea3cc65551b43003306b9362ae6dadb17f81a211efc15b0e346,2117157,False
p12v4m6-C-single_market-s16384,C,single_market,weights,target_CN/validation/weights.json,049d2cbb42c283e8fbd6613ec4014deb416394d330662b3c607631a2fa66d8b4,2850042,False
p12v4m6-C-single_market-s16384,C,single_market,weights,target_HK/test/weights.json,b7ead7d670b43d05de647422a1920af15e8a064574af6875f7d49066be2e1f92,2019492,False
p12v4m6-C-single_market-s16384,C,single_market,weights,target_HK/validation/weights.json,a67f79a148f79b6a62d9b0955422dc5d1193f3c8c03bcdb89446dc541fec35a7,2715282,False
p12v4m6-C-single_market-s16384,C,single_market,weights,target_JP/test/weights.json,0bdbd0c085dd01fe59c7292e8112210a5a908dc37a1abf4567bc4c9f64354c39,2213377,False
p12v4m6-C-single_market-s16384,C,single_market,weights,target_JP/validation/weights.json,0f4145d117cd615040408e3a1e7a6a4d1aac8da2ab88eee083befeb156110a52,2978017,False
p12v4m6-C-single_market-s16384,C,single_market,weights,target_US/test/weights.json,02ddf0ff832434eec3ea79f72e35585478941adbd184c14bfef1811ff12be4d9,2213662,False
p12v4m6-C-single_market-s16384,C,single_market,weights,target_US/validation/weights.json,8420e79861d262e1c37ed27bfa37b5d05eeb36de55747e4b5f311fd1cb008d37,2979157,False
p12v4m6-C-joint_market-s1024,C,joint_market,weights,joint/test/weights.json,b99fec6252bb32449747c9eb4e439739172f718e63c98e380dde59a9944a720d,2727042,False
p12v4m6-C-joint_market-s1024,C,joint_market,weights,joint/validation/weights.json,5eb1dccbd2a107b637da7c5a77cff57ad804e052d806a1d8be00252ac5cd1f7e,3717197,False
p12v4m6-C-joint_market-s2048,C,joint_market,weights,joint/test/weights.json,ff5cf26fed42f1ddfa2854522a93be6c71666a3b9a5891e1998215737090b3a3,2883927,False
p12v4m6-C-joint_market-s2048,C,joint_market,weights,joint/validation/weights.json,2a125f7b2d26813f7cef1c3e142e244fde3b908f84da07fb9790210d684f271f,3928077,False
p12v4m6-C-joint_market-s4096,C,joint_market,weights,joint/test/weights.json,ab477db86ddef6239c815fe52bc09a27002f5a8d4b57941098f7d993be20f7a2,2757392,False
p12v4m6-C-joint_market-s4096,C,joint_market,weights,joint/validation/weights.json,f76bb735ea765699b86f8f356617a66ee25a1cf814e1f50b2d7dcb82029cd108,3710747,False
p12v4m6-C-joint_market-s8192,C,joint_market,weights,joint/test/weights.json,d6a12de29d8c430d0135b0ca0e5da0cbeffc5c7ea936b34e39d8c323df291c8c,2721312,False
p12v4m6-C-joint_market-s8192,C,joint_market,weights,joint/validation/weights.json,056e2b4e04bb802a064013c3ad74fe46a13237ce334cb161eb8fc11beb2c4170,3664442,False
p12v4m6-C-joint_market-s16384,C,joint_market,weights,joint/test/weights.json,fdc4100108140989969b90d90482e520e468fcf65c97826a874f6f477b6d58b8,2790712,False
p12v4m6-C-joint_market-s16384,C,joint_market,weights,joint/validation/weights.json,e0a8b31a3085375b6e9cd142bd2eab89b6adc17db7cd04b35fc76757eb02c5b7,3756012,False
p12v4m6-C-unseen_stock-s1024,C,unseen_stock,weights,held_out/test/weights.json,13e332bcefa3f7312231f4f8daf8a6fcd323131225cbf0ebf9989739b7e96458,2185442,False
p12v4m6-C-unseen_stock-s1024,C,unseen_stock,weights,held_out/validation/weights.json,5eb1dccbd2a107b637da7c5a77cff57ad804e052d806a1d8be00252ac5cd1f7e,3717197,False
p12v4m6-C-unseen_stock-s2048,C,unseen_stock,weights,held_out/test/weights.json,5fab828eaa2c7a3a5e9b38f8dea3fba21388c46781b28bb70c807bb7a2c62f48,2159372,False
p12v4m6-C-unseen_stock-s2048,C,unseen_stock,weights,held_out/validation/weights.json,2a125f7b2d26813f7cef1c3e142e244fde3b908f84da07fb9790210d684f271f,3928077,False
p12v4m6-C-unseen_stock-s4096,C,unseen_stock,weights,held_out/test/weights.json,282830f2030170f77f9270d43f17f6c718d71d98a64cc98ccfb2b364f2ecd6e7,2276477,False
p12v4m6-C-unseen_stock-s4096,C,unseen_stock,weights,held_out/validation/weights.json,f76bb735ea765699b86f8f356617a66ee25a1cf814e1f50b2d7dcb82029cd108,3710747,False
p12v4m6-C-unseen_stock-s8192,C,unseen_stock,weights,held_out/test/weights.json,a755518319c521afe0411ab5d49824f358ce2a5e315f8bb579c74767afb83a08,2083917,False
p12v4m6-C-unseen_stock-s8192,C,unseen_stock,weights,held_out/validation/weights.json,056e2b4e04bb802a064013c3ad74fe46a13237ce334cb161eb8fc11beb2c4170,3664442,False
p12v4m6-C-unseen_stock-s16384,C,unseen_stock,weights,held_out/test/weights.json,93f9890044233bda4841afac2aa8f097a2e6f1bb56bc179247b0fd8de0eb2c46,2213412,False
p12v4m6-C-unseen_stock-s16384,C,unseen_stock,weights,held_out/validation/weights.json,e0a8b31a3085375b6e9cd142bd2eab89b6adc17db7cd04b35fc76757eb02c5b7,3756012,False
p12v4m6-C-leave_one_market_out-s1024,C,leave_one_market_out,weights,target_CN/test/weights.json,6b4f814d1d5754d6ac58a121cd1bc646b026312deb49d417429c36068f70ac75,2276787,False
p12v4m6-C-leave_one_market_out-s1024,C,leave_one_market_out,weights,target_CN/validation/weights.json,4f77e883807b3fcfa61090b96ba4c830ad25e394d6b4dbb9280a8f9c56bec584,3454387,False
p12v4m6-C-leave_one_market_out-s1024,C,leave_one_market_out,weights,target_HK/test/weights.json,b15626420f10678852f3340c264ecdb18c476540ceaa55c0a8052d6fd80e2322,2021532,False
p12v4m6-C-leave_one_market_out-s1024,C,leave_one_market_out,weights,target_HK/validation/weights.json,3662fbe1c1a08b5a2d72f27685aeb148a979eb5f9e9b7f78bcdf454fd3cb75ab,3707517,False
p12v4m6-C-leave_one_market_out-s1024,C,leave_one_market_out,weights,target_JP/test/weights.json,58eef6586fb8e1ccd6bdd6e0197ac33cf343f869e848a9eafdcedde5086e1370,2239087,False
p12v4m6-C-leave_one_market_out-s1024,C,leave_one_market_out,weights,target_JP/validation/weights.json,1035a7ab04db8907132cf787bb40faa63cb89ba7edab1d6ac09f7c943cbc8a5e,3537712,False
p12v4m6-C-leave_one_market_out-s1024,C,leave_one_market_out,weights,target_US/test/weights.json,095b9d5a22ee675bafab3a6a70c46ea9cfa74810797eed7dad8baa25acf00c54,2339917,False
p12v4m6-C-leave_one_market_out-s1024,C,leave_one_market_out,weights,target_US/validation/weights.json,89373ee0ca8cd626034ed084bca6086e33f37cd333b11d67141a39864c8a4818,3240852,False
p12v4m6-C-leave_one_market_out-s2048,C,leave_one_market_out,weights,target_CN/test/weights.json,7349192fee63fd0129e8bf9ae9fb4f1d32c06174e88277380d9abeb21c258abb,2119747,False
p12v4m6-C-leave_one_market_out-s2048,C,leave_one_market_out,weights,target_CN/validation/weights.json,0f17195ad92f5bdcbf5ca274f4f255321f46f8e6e1657c67bb258d0eba9d9773,3584447,False
p12v4m6-C-leave_one_market_out-s2048,C,leave_one_market_out,weights,target_HK/test/weights.json,00933595f345c63ba636a0ff9d500c56d542306ecf4faab837b6bba3b5f3e033,2051622,False
p12v4m6-C-leave_one_market_out-s2048,C,leave_one_market_out,weights,target_HK/validation/weights.json,d63694fadf04ffabb1f76ad9e4aeef2b43c2229881031c7c051789f7987f13e2,3808412,False
p12v4m6-C-leave_one_market_out-s2048,C,leave_one_market_out,weights,target_JP/test/weights.json,a29056378f25b8483392ef627fbe95ff6f2601b114b0d9cd3eb6fd7116ad53ad,2176802,False
p12v4m6-C-leave_one_market_out-s2048,C,leave_one_market_out,weights,target_JP/validation/weights.json,074a567def32c365fb3cf6544794ac854623e0525e4288d78a8c43b091e0eaf0,3405847,False
p12v4m6-C-leave_one_market_out-s2048,C,leave_one_market_out,weights,target_US/test/weights.json,bf7cd96d115f06b495c491bc8ed56fd2f391a79817626b473fc251cd5623ca1c,2272297,False
p12v4m6-C-leave_one_market_out-s2048,C,leave_one_market_out,weights,target_US/validation/weights.json,9e5f72e261bd8dbd8ef8fd9d5777cdad3bcc44d9bade034dcc93e5cec21f4255,3323222,False
p12v4m6-C-leave_one_market_out-s4096,C,leave_one_market_out,weights,target_CN/test/weights.json,acb27278c084f266e09bb211db72db431247fe110c732ba770dca98835ebae48,2405577,False
p12v4m6-C-leave_one_market_out-s4096,C,leave_one_market_out,weights,target_CN/validation/weights.json,08994592b67d651881ebdbb5e21b6083436cf8daa25392037cbf431a5b7a153b,3457977,False
p12v4m6-C-leave_one_market_out-s4096,C,leave_one_market_out,weights,target_HK/test/weights.json,1ac43fab652ba22d80e18d7290ccda80ae2e65bae7030bf246f36e86269f858f,2020587,False
p12v4m6-C-leave_one_market_out-s4096,C,leave_one_market_out,weights,target_HK/validation/weights.json,8b6e08e0caf4cd913eb2406a4dc64357bde9dd37e9152b14e19a0b9ce99f7729,3602577,False
p12v4m6-C-leave_one_market_out-s4096,C,leave_one_market_out,weights,target_JP/test/weights.json,0ef3461459826b28009faae8aa80cea4512ce677d185c377b7de0a530b423b28,2276232,False
p12v4m6-C-leave_one_market_out-s4096,C,leave_one_market_out,weights,target_JP/validation/weights.json,1494f8ecf743adc544be82bf7aacd0b3895f34c9d2481f6c53b665613006cca8,3507092,False
p12v4m6-C-leave_one_market_out-s4096,C,leave_one_market_out,weights,target_US/test/weights.json,3d63243a97aeccf8801208a0bece99b1cf6bead586257feb9f42c586fc0f0a92,2201497,False
p12v4m6-C-leave_one_market_out-s4096,C,leave_one_market_out,weights,target_US/validation/weights.json,8a3803f0480024589ee7f362d9df7d648d580daf3d0de701dcc20584114e7417,3319612,False
p12v4m6-C-leave_one_market_out-s8192,C,leave_one_market_out,weights,target_CN/test/weights.json,47836e42b263981bdf05a7e0bab6a8a9f0c26edd5d16a6e75bb492c7d2dce6d7,2266917,False
p12v4m6-C-leave_one_market_out-s8192,C,leave_one_market_out,weights,target_CN/validation/weights.json,fb8e051a60bbb561a568c692b1280068d4e5aef6c894b6c4d39c246710e988fa,3366502,False
p12v4m6-C-leave_one_market_out-s8192,C,leave_one_market_out,weights,target_HK/test/weights.json,0000a2ee3dc673b89ad47e9452611c3de2c4ebe2a897b18b782c1360dc3730a4,2049217,False
p12v4m6-C-leave_one_market_out-s8192,C,leave_one_market_out,weights,target_HK/validation/weights.json,a4f5389874a36cf9673082dc9aaad616123f5810d7e3363d864fb5923f57b899,3745227,False
p12v4m6-C-leave_one_market_out-s8192,C,leave_one_market_out,weights,target_JP/test/weights.json,20951b6976c154a275d3a4012786395660b29f927be4b3a8c7d2d7a27c780a94,2246012,False
p12v4m6-C-leave_one_market_out-s8192,C,leave_one_market_out,weights,target_JP/validation/weights.json,9a59cdc2d5e8dc5affb89990144ae83ccd3ca4f9ece6d44c8dba1bf37ca39b0d,3456072,False
p12v4m6-C-leave_one_market_out-s8192,C,leave_one_market_out,weights,target_US/test/weights.json,ded8214c999f1e80d7b6ef37b760b65c57d675351d03870dbda7a72bce85c30c,2310357,False
p12v4m6-C-leave_one_market_out-s8192,C,leave_one_market_out,weights,target_US/validation/weights.json,52cdb3a185953796128154a4b0d8527db83087f8740776ad7daadeead87ead3e,3454882,False
p12v4m6-C-leave_one_market_out-s16384,C,leave_one_market_out,weights,target_CN/test/weights.json,9d324f9b13aaacaea1f39f427862015a477cf108093bb91b5929cfe6dc7e7a10,2259607,False
p12v4m6-C-leave_one_market_out-s16384,C,leave_one_market_out,weights,target_CN/validation/weights.json,89e6328a9550a3a915186967acc718c0b67e17fde81b45790695eb80024047ac,3167572,False
p12v4m6-C-leave_one_market_out-s16384,C,leave_one_market_out,weights,target_HK/test/weights.json,1f4312b80f171ba5635b791f63776e5106fdf32c1a7f021880baae840672080e,2048687,False
p12v4m6-C-leave_one_market_out-s16384,C,leave_one_market_out,weights,target_HK/validation/weights.json,09ba69a1b4dd12f5221af280800d076ff3613ec6d793364f2aad821368733d54,3406067,False
p12v4m6-C-leave_one_market_out-s16384,C,leave_one_market_out,weights,target_JP/test/weights.json,6826c324c50b8ee4632984068ae3ea508111d6f8fd0a8d8de0dbacd7ba54fac6,2139167,False
p12v4m6-C-leave_one_market_out-s16384,C,leave_one_market_out,weights,target_JP/validation/weights.json,1f72f3640ff8c2622f0856a11e0b716132f4fee2772e69b49ccdabd26e753934,3449717,False
p12v4m6-C-leave_one_market_out-s16384,C,leave_one_market_out,weights,target_US/test/weights.json,1c8b8ac2159cc98e7e98e5c7f295ce9672b509b21b0b3a8ffc2d8879984508c2,2235437,False
p12v4m6-C-leave_one_market_out-s16384,C,leave_one_market_out,weights,target_US/validation/weights.json,1282665b6d91a17a85593741435a94347a808bc17af271a5c265c521fccb0bfd,3286047,False
p12v4m6-C-market_rule_sensitivity-s1024,C,market_rule_sensitivity,weights,standardized_rules/test/weights.json,b99fec6252bb32449747c9eb4e439739172f718e63c98e380dde59a9944a720d,2727042,False
p12v4m6-C-market_rule_sensitivity-s1024,C,market_rule_sensitivity,weights,standardized_rules/validation/weights.json,5eb1dccbd2a107b637da7c5a77cff57ad804e052d806a1d8be00252ac5cd1f7e,3717197,False
p12v4m6-C-market_rule_sensitivity-s2048,C,market_rule_sensitivity,weights,standardized_rules/test/weights.json,ff5cf26fed42f1ddfa2854522a93be6c71666a3b9a5891e1998215737090b3a3,2883927,False
p12v4m6-C-market_rule_sensitivity-s2048,C,market_rule_sensitivity,weights,standardized_rules/validation/weights.json,2a125f7b2d26813f7cef1c3e142e244fde3b908f84da07fb9790210d684f271f,3928077,False
p12v4m6-C-market_rule_sensitivity-s4096,C,market_rule_sensitivity,weights,standardized_rules/test/weights.json,ab477db86ddef6239c815fe52bc09a27002f5a8d4b57941098f7d993be20f7a2,2757392,False
p12v4m6-C-market_rule_sensitivity-s4096,C,market_rule_sensitivity,weights,standardized_rules/validation/weights.json,f76bb735ea765699b86f8f356617a66ee25a1cf814e1f50b2d7dcb82029cd108,3710747,False
p12v4m6-C-market_rule_sensitivity-s8192,C,market_rule_sensitivity,weights,standardized_rules/test/weights.json,d6a12de29d8c430d0135b0ca0e5da0cbeffc5c7ea936b34e39d8c323df291c8c,2721312,False
p12v4m6-C-market_rule_sensitivity-s8192,C,market_rule_sensitivity,weights,standardized_rules/validation/weights.json,056e2b4e04bb802a064013c3ad74fe46a13237ce334cb161eb8fc11beb2c4170,3664442,False
p12v4m6-C-market_rule_sensitivity-s16384,C,market_rule_sensitivity,weights,standardized_rules/test/weights.json,fdc4100108140989969b90d90482e520e468fcf65c97826a874f6f477b6d58b8,2790712,False
p12v4m6-C-market_rule_sensitivity-s16384,C,market_rule_sensitivity,weights,standardized_rules/validation/weights.json,e0a8b31a3085375b6e9cd142bd2eab89b6adc17db7cd04b35fc76757eb02c5b7,3756012,False
p12v4m6-D-no_transaction_cost-s1024,D,no_transaction_cost,weights,base/test/weights.json,7f17f9c65646ab05f8f018347cb0c6f36322067774f0e48f492982bfd2f1deee,3461702,False
p12v4m6-D-no_transaction_cost-s1024,D,no_transaction_cost,weights,variant/test/weights.json,721c7c93f81b7e1cea7b6c15b12310a2e7a07175fabe19dcc4c74fdb6a380e36,3459252,False
p12v4m6-D-no_transaction_cost-s2048,D,no_transaction_cost,weights,base/test/weights.json,7f17f9c65646ab05f8f018347cb0c6f36322067774f0e48f492982bfd2f1deee,3461702,False
p12v4m6-D-no_transaction_cost-s2048,D,no_transaction_cost,weights,variant/test/weights.json,721c7c93f81b7e1cea7b6c15b12310a2e7a07175fabe19dcc4c74fdb6a380e36,3459252,False
p12v4m6-D-no_transaction_cost-s4096,D,no_transaction_cost,weights,base/test/weights.json,7f17f9c65646ab05f8f018347cb0c6f36322067774f0e48f492982bfd2f1deee,3461702,False
p12v4m6-D-no_transaction_cost-s4096,D,no_transaction_cost,weights,variant/test/weights.json,721c7c93f81b7e1cea7b6c15b12310a2e7a07175fabe19dcc4c74fdb6a380e36,3459252,False
p12v4m6-D-no_transaction_cost-s8192,D,no_transaction_cost,weights,base/test/weights.json,7f17f9c65646ab05f8f018347cb0c6f36322067774f0e48f492982bfd2f1deee,3461702,False
p12v4m6-D-no_transaction_cost-s8192,D,no_transaction_cost,weights,variant/test/weights.json,721c7c93f81b7e1cea7b6c15b12310a2e7a07175fabe19dcc4c74fdb6a380e36,3459252,False
p12v4m6-D-no_transaction_cost-s16384,D,no_transaction_cost,weights,base/test/weights.json,7f17f9c65646ab05f8f018347cb0c6f36322067774f0e48f492982bfd2f1deee,3461702,False
p12v4m6-D-no_transaction_cost-s16384,D,no_transaction_cost,weights,variant/test/weights.json,721c7c93f81b7e1cea7b6c15b12310a2e7a07175fabe19dcc4c74fdb6a380e36,3459252,False
p12v4m6-D-no_slippage-s1024,D,no_slippage,weights,base/test/weights.json,7f17f9c65646ab05f8f018347cb0c6f36322067774f0e48f492982bfd2f1deee,3461702,False
p12v4m6-D-no_slippage-s1024,D,no_slippage,weights,variant/test/weights.json,b7a26633b2f9de36ff64cb5d126a9914d84b3b0ded2085cb578b23df6c4f599d,3459947,False
p12v4m6-D-no_slippage-s2048,D,no_slippage,weights,base/test/weights.json,7f17f9c65646ab05f8f018347cb0c6f36322067774f0e48f492982bfd2f1deee,3461702,False
p12v4m6-D-no_slippage-s2048,D,no_slippage,weights,variant/test/weights.json,b7a26633b2f9de36ff64cb5d126a9914d84b3b0ded2085cb578b23df6c4f599d,3459947,False
p12v4m6-D-no_slippage-s4096,D,no_slippage,weights,base/test/weights.json,7f17f9c65646ab05f8f018347cb0c6f36322067774f0e48f492982bfd2f1deee,3461702,False
p12v4m6-D-no_slippage-s4096,D,no_slippage,weights,variant/test/weights.json,b7a26633b2f9de36ff64cb5d126a9914d84b3b0ded2085cb578b23df6c4f599d,3459947,False
p12v4m6-D-no_slippage-s8192,D,no_slippage,weights,base/test/weights.json,7f17f9c65646ab05f8f018347cb0c6f36322067774f0e48f492982bfd2f1deee,3461702,False
p12v4m6-D-no_slippage-s8192,D,no_slippage,weights,variant/test/weights.json,b7a26633b2f9de36ff64cb5d126a9914d84b3b0ded2085cb578b23df6c4f599d,3459947,False
p12v4m6-D-no_slippage-s16384,D,no_slippage,weights,base/test/weights.json,7f17f9c65646ab05f8f018347cb0c6f36322067774f0e48f492982bfd2f1deee,3461702,False
p12v4m6-D-no_slippage-s16384,D,no_slippage,weights,variant/test/weights.json,b7a26633b2f9de36ff64cb5d126a9914d84b3b0ded2085cb578b23df6c4f599d,3459947,False
p12v4m6-D-no_t_plus_one-s1024,D,no_t_plus_one,weights,base/test/weights.json,7f17f9c65646ab05f8f018347cb0c6f36322067774f0e48f492982bfd2f1deee,3461702,False
p12v4m6-D-no_t_plus_one-s1024,D,no_t_plus_one,weights,variant/test/weights.json,7f17f9c65646ab05f8f018347cb0c6f36322067774f0e48f492982bfd2f1deee,3461702,False
p12v4m6-D-no_t_plus_one-s2048,D,no_t_plus_one,weights,base/test/weights.json,7f17f9c65646ab05f8f018347cb0c6f36322067774f0e48f492982bfd2f1deee,3461702,False
p12v4m6-D-no_t_plus_one-s2048,D,no_t_plus_one,weights,variant/test/weights.json,7f17f9c65646ab05f8f018347cb0c6f36322067774f0e48f492982bfd2f1deee,3461702,False
p12v4m6-D-no_t_plus_one-s4096,D,no_t_plus_one,weights,base/test/weights.json,7f17f9c65646ab05f8f018347cb0c6f36322067774f0e48f492982bfd2f1deee,3461702,False
p12v4m6-D-no_t_plus_one-s4096,D,no_t_plus_one,weights,variant/test/weights.json,7f17f9c65646ab05f8f018347cb0c6f36322067774f0e48f492982bfd2f1deee,3461702,False
p12v4m6-D-no_t_plus_one-s8192,D,no_t_plus_one,weights,base/test/weights.json,7f17f9c65646ab05f8f018347cb0c6f36322067774f0e48f492982bfd2f1deee,3461702,False
p12v4m6-D-no_t_plus_one-s8192,D,no_t_plus_one,weights,variant/test/weights.json,7f17f9c65646ab05f8f018347cb0c6f36322067774f0e48f492982bfd2f1deee,3461702,False
p12v4m6-D-no_t_plus_one-s16384,D,no_t_plus_one,weights,base/test/weights.json,7f17f9c65646ab05f8f018347cb0c6f36322067774f0e48f492982bfd2f1deee,3461702,False
p12v4m6-D-no_t_plus_one-s16384,D,no_t_plus_one,weights,variant/test/weights.json,7f17f9c65646ab05f8f018347cb0c6f36322067774f0e48f492982bfd2f1deee,3461702,False
p12v4m6-D-no_price_limits-s1024,D,no_price_limits,weights,base/test/weights.json,7f17f9c65646ab05f8f018347cb0c6f36322067774f0e48f492982bfd2f1deee,3461702,False
p12v4m6-D-no_price_limits-s1024,D,no_price_limits,weights,variant/test/weights.json,7f17f9c65646ab05f8f018347cb0c6f36322067774f0e48f492982bfd2f1deee,3461702,False
p12v4m6-D-no_price_limits-s2048,D,no_price_limits,weights,base/test/weights.json,7f17f9c65646ab05f8f018347cb0c6f36322067774f0e48f492982bfd2f1deee,3461702,False
p12v4m6-D-no_price_limits-s2048,D,no_price_limits,weights,variant/test/weights.json,7f17f9c65646ab05f8f018347cb0c6f36322067774f0e48f492982bfd2f1deee,3461702,False
p12v4m6-D-no_price_limits-s4096,D,no_price_limits,weights,base/test/weights.json,7f17f9c65646ab05f8f018347cb0c6f36322067774f0e48f492982bfd2f1deee,3461702,False
p12v4m6-D-no_price_limits-s4096,D,no_price_limits,weights,variant/test/weights.json,7f17f9c65646ab05f8f018347cb0c6f36322067774f0e48f492982bfd2f1deee,3461702,False
p12v4m6-D-no_price_limits-s8192,D,no_price_limits,weights,base/test/weights.json,7f17f9c65646ab05f8f018347cb0c6f36322067774f0e48f492982bfd2f1deee,3461702,False
p12v4m6-D-no_price_limits-s8192,D,no_price_limits,weights,variant/test/weights.json,7f17f9c65646ab05f8f018347cb0c6f36322067774f0e48f492982bfd2f1deee,3461702,False
p12v4m6-D-no_price_limits-s16384,D,no_price_limits,weights,base/test/weights.json,7f17f9c65646ab05f8f018347cb0c6f36322067774f0e48f492982bfd2f1deee,3461702,False
p12v4m6-D-no_price_limits-s16384,D,no_price_limits,weights,variant/test/weights.json,7f17f9c65646ab05f8f018347cb0c6f36322067774f0e48f492982bfd2f1deee,3461702,False
p12v4m6-D-no_suspension-s1024,D,no_suspension,weights,base/test/weights.json,7f17f9c65646ab05f8f018347cb0c6f36322067774f0e48f492982bfd2f1deee,3461702,False
p12v4m6-D-no_suspension-s1024,D,no_suspension,weights,variant/test/weights.json,7f17f9c65646ab05f8f018347cb0c6f36322067774f0e48f492982bfd2f1deee,3461702,False
p12v4m6-D-no_suspension-s2048,D,no_suspension,weights,base/test/weights.json,7f17f9c65646ab05f8f018347cb0c6f36322067774f0e48f492982bfd2f1deee,3461702,False
p12v4m6-D-no_suspension-s2048,D,no_suspension,weights,variant/test/weights.json,7f17f9c65646ab05f8f018347cb0c6f36322067774f0e48f492982bfd2f1deee,3461702,False
p12v4m6-D-no_suspension-s4096,D,no_suspension,weights,base/test/weights.json,7f17f9c65646ab05f8f018347cb0c6f36322067774f0e48f492982bfd2f1deee,3461702,False
p12v4m6-D-no_suspension-s4096,D,no_suspension,weights,variant/test/weights.json,7f17f9c65646ab05f8f018347cb0c6f36322067774f0e48f492982bfd2f1deee,3461702,False
p12v4m6-D-no_suspension-s8192,D,no_suspension,weights,base/test/weights.json,7f17f9c65646ab05f8f018347cb0c6f36322067774f0e48f492982bfd2f1deee,3461702,False
p12v4m6-D-no_suspension-s8192,D,no_suspension,weights,variant/test/weights.json,7f17f9c65646ab05f8f018347cb0c6f36322067774f0e48f492982bfd2f1deee,3461702,False
p12v4m6-D-no_suspension-s16384,D,no_suspension,weights,base/test/weights.json,7f17f9c65646ab05f8f018347cb0c6f36322067774f0e48f492982bfd2f1deee,3461702,False
p12v4m6-D-no_suspension-s16384,D,no_suspension,weights,variant/test/weights.json,7f17f9c65646ab05f8f018347cb0c6f36322067774f0e48f492982bfd2f1deee,3461702,False
p12v4m6-D-no_fx_variation-s1024,D,no_fx_variation,weights,base/test/weights.json,7f17f9c65646ab05f8f018347cb0c6f36322067774f0e48f492982bfd2f1deee,3461702,False
p12v4m6-D-no_fx_variation-s1024,D,no_fx_variation,weights,variant/test/weights.json,14219c9b2807787fd8353d3fa8088214ecb28508da65ce606f7bd7103a9bd483,3462397,False
p12v4m6-D-no_fx_variation-s2048,D,no_fx_variation,weights,base/test/weights.json,7f17f9c65646ab05f8f018347cb0c6f36322067774f0e48f492982bfd2f1deee,3461702,False
p12v4m6-D-no_fx_variation-s2048,D,no_fx_variation,weights,variant/test/weights.json,14219c9b2807787fd8353d3fa8088214ecb28508da65ce606f7bd7103a9bd483,3462397,False
p12v4m6-D-no_fx_variation-s4096,D,no_fx_variation,weights,base/test/weights.json,7f17f9c65646ab05f8f018347cb0c6f36322067774f0e48f492982bfd2f1deee,3461702,False
p12v4m6-D-no_fx_variation-s4096,D,no_fx_variation,weights,variant/test/weights.json,14219c9b2807787fd8353d3fa8088214ecb28508da65ce606f7bd7103a9bd483,3462397,False
p12v4m6-D-no_fx_variation-s8192,D,no_fx_variation,weights,base/test/weights.json,7f17f9c65646ab05f8f018347cb0c6f36322067774f0e48f492982bfd2f1deee,3461702,False
p12v4m6-D-no_fx_variation-s8192,D,no_fx_variation,weights,variant/test/weights.json,14219c9b2807787fd8353d3fa8088214ecb28508da65ce606f7bd7103a9bd483,3462397,False
p12v4m6-D-no_fx_variation-s16384,D,no_fx_variation,weights,base/test/weights.json,7f17f9c65646ab05f8f018347cb0c6f36322067774f0e48f492982bfd2f1deee,3461702,False
p12v4m6-D-no_fx_variation-s16384,D,no_fx_variation,weights,variant/test/weights.json,14219c9b2807787fd8353d3fa8088214ecb28508da65ce606f7bd7103a9bd483,3462397,False
p12v4m6-D-synchronous_calendar-s1024,D,synchronous_calendar,weights,base/test/weights.json,7f17f9c65646ab05f8f018347cb0c6f36322067774f0e48f492982bfd2f1deee,3461702,False
p12v4m6-D-synchronous_calendar-s1024,D,synchronous_calendar,weights,variant/test/weights.json,2b8f6bb4231a52577dfd367284de0f1a3be55d14ae43b24bafcf47620ef5859e,3499617,False
p12v4m6-D-synchronous_calendar-s2048,D,synchronous_calendar,weights,base/test/weights.json,7f17f9c65646ab05f8f018347cb0c6f36322067774f0e48f492982bfd2f1deee,3461702,False
p12v4m6-D-synchronous_calendar-s2048,D,synchronous_calendar,weights,variant/test/weights.json,2b8f6bb4231a52577dfd367284de0f1a3be55d14ae43b24bafcf47620ef5859e,3499617,False
p12v4m6-D-synchronous_calendar-s4096,D,synchronous_calendar,weights,base/test/weights.json,7f17f9c65646ab05f8f018347cb0c6f36322067774f0e48f492982bfd2f1deee,3461702,False
p12v4m6-D-synchronous_calendar-s4096,D,synchronous_calendar,weights,variant/test/weights.json,2b8f6bb4231a52577dfd367284de0f1a3be55d14ae43b24bafcf47620ef5859e,3499617,False
p12v4m6-D-synchronous_calendar-s8192,D,synchronous_calendar,weights,base/test/weights.json,7f17f9c65646ab05f8f018347cb0c6f36322067774f0e48f492982bfd2f1deee,3461702,False
p12v4m6-D-synchronous_calendar-s8192,D,synchronous_calendar,weights,variant/test/weights.json,2b8f6bb4231a52577dfd367284de0f1a3be55d14ae43b24bafcf47620ef5859e,3499617,False
p12v4m6-D-synchronous_calendar-s16384,D,synchronous_calendar,weights,base/test/weights.json,7f17f9c65646ab05f8f018347cb0c6f36322067774f0e48f492982bfd2f1deee,3461702,False
p12v4m6-D-synchronous_calendar-s16384,D,synchronous_calendar,weights,variant/test/weights.json,2b8f6bb4231a52577dfd367284de0f1a3be55d14ae43b24bafcf47620ef5859e,3499617,False
p12v4m6-D-no_turnover_cap-s1024,D,no_turnover_cap,weights,base/test/weights.json,7f17f9c65646ab05f8f018347cb0c6f36322067774f0e48f492982bfd2f1deee,3461702,False
p12v4m6-D-no_turnover_cap-s1024,D,no_turnover_cap,weights,variant/test/weights.json,1552310a824f26f4be12a3b04d7e9f2f5de525df741b2bf766eecc18b109b7c7,3454237,False
p12v4m6-D-no_turnover_cap-s2048,D,no_turnover_cap,weights,base/test/weights.json,7f17f9c65646ab05f8f018347cb0c6f36322067774f0e48f492982bfd2f1deee,3461702,False
p12v4m6-D-no_turnover_cap-s2048,D,no_turnover_cap,weights,variant/test/weights.json,1552310a824f26f4be12a3b04d7e9f2f5de525df741b2bf766eecc18b109b7c7,3454237,False
p12v4m6-D-no_turnover_cap-s4096,D,no_turnover_cap,weights,base/test/weights.json,7f17f9c65646ab05f8f018347cb0c6f36322067774f0e48f492982bfd2f1deee,3461702,False
p12v4m6-D-no_turnover_cap-s4096,D,no_turnover_cap,weights,variant/test/weights.json,1552310a824f26f4be12a3b04d7e9f2f5de525df741b2bf766eecc18b109b7c7,3454237,False
p12v4m6-D-no_turnover_cap-s8192,D,no_turnover_cap,weights,base/test/weights.json,7f17f9c65646ab05f8f018347cb0c6f36322067774f0e48f492982bfd2f1deee,3461702,False
p12v4m6-D-no_turnover_cap-s8192,D,no_turnover_cap,weights,variant/test/weights.json,1552310a824f26f4be12a3b04d7e9f2f5de525df741b2bf766eecc18b109b7c7,3454237,False
p12v4m6-D-no_turnover_cap-s16384,D,no_turnover_cap,weights,base/test/weights.json,7f17f9c65646ab05f8f018347cb0c6f36322067774f0e48f492982bfd2f1deee,3461702,False
p12v4m6-D-no_turnover_cap-s16384,D,no_turnover_cap,weights,variant/test/weights.json,1552310a824f26f4be12a3b04d7e9f2f5de525df741b2bf766eecc18b109b7c7,3454237,False
p12v4m6-D-minimum_deterministic_risk_projection-s1024,D,minimum_deterministic_risk_projection,weights,base/test/weights.json,7f17f9c65646ab05f8f018347cb0c6f36322067774f0e48f492982bfd2f1deee,3461702,False
p12v4m6-D-minimum_deterministic_risk_projection-s1024,D,minimum_deterministic_risk_projection,weights,variant/test/weights.json,c12065346b15adb7801c98bd0d6ab5717fbeb3a2b3f57e58a151abbb8faaa606,3463057,False
p12v4m6-D-minimum_deterministic_risk_projection-s2048,D,minimum_deterministic_risk_projection,weights,base/test/weights.json,7f17f9c65646ab05f8f018347cb0c6f36322067774f0e48f492982bfd2f1deee,3461702,False
p12v4m6-D-minimum_deterministic_risk_projection-s2048,D,minimum_deterministic_risk_projection,weights,variant/test/weights.json,c12065346b15adb7801c98bd0d6ab5717fbeb3a2b3f57e58a151abbb8faaa606,3463057,False
p12v4m6-D-minimum_deterministic_risk_projection-s4096,D,minimum_deterministic_risk_projection,weights,base/test/weights.json,7f17f9c65646ab05f8f018347cb0c6f36322067774f0e48f492982bfd2f1deee,3461702,False
p12v4m6-D-minimum_deterministic_risk_projection-s4096,D,minimum_deterministic_risk_projection,weights,variant/test/weights.json,c12065346b15adb7801c98bd0d6ab5717fbeb3a2b3f57e58a151abbb8faaa606,3463057,False
p12v4m6-D-minimum_deterministic_risk_projection-s8192,D,minimum_deterministic_risk_projection,weights,base/test/weights.json,7f17f9c65646ab05f8f018347cb0c6f36322067774f0e48f492982bfd2f1deee,3461702,False
p12v4m6-D-minimum_deterministic_risk_projection-s8192,D,minimum_deterministic_risk_projection,weights,variant/test/weights.json,c12065346b15adb7801c98bd0d6ab5717fbeb3a2b3f57e58a151abbb8faaa606,3463057,False
p12v4m6-D-minimum_deterministic_risk_projection-s16384,D,minimum_deterministic_risk_projection,weights,base/test/weights.json,7f17f9c65646ab05f8f018347cb0c6f36322067774f0e48f492982bfd2f1deee,3461702,False
p12v4m6-D-minimum_deterministic_risk_projection-s16384,D,minimum_deterministic_risk_projection,weights,variant/test/weights.json,c12065346b15adb7801c98bd0d6ab5717fbeb3a2b3f57e58a151abbb8faaa606,3463057,False
p12v4m6-E-no_llm-s1024,E,no_llm,weights,test/weights.json,14ce76def8fddcfd8828077671067db97734618c247ea4fd153722e4574f5778,3563017,False
p12v4m6-E-no_llm-s2048,E,no_llm,weights,test/weights.json,14ce76def8fddcfd8828077671067db97734618c247ea4fd153722e4574f5778,3563017,False
p12v4m6-E-no_llm-s4096,E,no_llm,weights,test/weights.json,14ce76def8fddcfd8828077671067db97734618c247ea4fd153722e4574f5778,3563017,False
p12v4m6-E-no_llm-s8192,E,no_llm,weights,test/weights.json,14ce76def8fddcfd8828077671067db97734618c247ea4fd153722e4574f5778,3563017,False
p12v4m6-E-no_llm-s16384,E,no_llm,weights,test/weights.json,14ce76def8fddcfd8828077671067db97734618c247ea4fd153722e4574f5778,3563017,False
p12v4m6-E-research_only-s1024,E,research_only,weights,test/weights.json,14ce76def8fddcfd8828077671067db97734618c247ea4fd153722e4574f5778,3563017,False
p12v4m6-E-research_only-s2048,E,research_only,weights,test/weights.json,14ce76def8fddcfd8828077671067db97734618c247ea4fd153722e4574f5778,3563017,False
p12v4m6-E-research_only-s4096,E,research_only,weights,test/weights.json,14ce76def8fddcfd8828077671067db97734618c247ea4fd153722e4574f5778,3563017,False
p12v4m6-E-research_only-s8192,E,research_only,weights,test/weights.json,14ce76def8fddcfd8828077671067db97734618c247ea4fd153722e4574f5778,3563017,False
p12v4m6-E-research_only-s16384,E,research_only,weights,test/weights.json,14ce76def8fddcfd8828077671067db97734618c247ea4fd153722e4574f5778,3563017,False
p12v4m6-E-risk_only-s1024,E,risk_only,weights,test/weights.json,ac18cbdf662b9bd6668b2cf7e7f6fb7bd23ff828bad7e68c2c82eec0928eb5af,1933642,False
p12v4m6-E-risk_only-s2048,E,risk_only,weights,test/weights.json,ac18cbdf662b9bd6668b2cf7e7f6fb7bd23ff828bad7e68c2c82eec0928eb5af,1933642,False
p12v4m6-E-risk_only-s4096,E,risk_only,weights,test/weights.json,ac18cbdf662b9bd6668b2cf7e7f6fb7bd23ff828bad7e68c2c82eec0928eb5af,1933642,False
p12v4m6-E-risk_only-s8192,E,risk_only,weights,test/weights.json,fc2b548c19b6dacb87237d046fbfacd30d623b150b60fa981a27cc0c4cb5244d,3630337,False
p12v4m6-E-risk_only-s16384,E,risk_only,weights,test/weights.json,ac18cbdf662b9bd6668b2cf7e7f6fb7bd23ff828bad7e68c2c82eec0928eb5af,1933642,False
p12v4m6-E-hierarchical_only-s1024,E,hierarchical_only,weights,test/weights.json,e108dc6968d1a428941f0d9ed6e1d3b38701e6c8d7d043732d9aa6d10e6b43ca,3630857,False
p12v4m6-E-hierarchical_only-s2048,E,hierarchical_only,weights,test/weights.json,14ce76def8fddcfd8828077671067db97734618c247ea4fd153722e4574f5778,3563017,False
p12v4m6-E-hierarchical_only-s4096,E,hierarchical_only,weights,test/weights.json,ce7679f103afd4efea9da72e3fa8b694ba70fa728f8787e8cbdf9edcd9c3b71d,3563252,False
p12v4m6-E-hierarchical_only-s8192,E,hierarchical_only,weights,test/weights.json,ce7679f103afd4efea9da72e3fa8b694ba70fa728f8787e8cbdf9edcd9c3b71d,3563252,False
p12v4m6-E-hierarchical_only-s16384,E,hierarchical_only,weights,test/weights.json,14ce76def8fddcfd8828077671067db97734618c247ea4fd153722e4574f5778,3563017,False
p12v4m6-E-research_risk-s1024,E,research_risk,weights,test/weights.json,ac18cbdf662b9bd6668b2cf7e7f6fb7bd23ff828bad7e68c2c82eec0928eb5af,1933642,False
p12v4m6-E-research_risk-s2048,E,research_risk,weights,test/weights.json,40f9174d967ad819e934a36c2ab8188e8a87b9ce8de7ce5b4a5e0059082be350,3620562,False
p12v4m6-E-research_risk-s4096,E,research_risk,weights,test/weights.json,ac18cbdf662b9bd6668b2cf7e7f6fb7bd23ff828bad7e68c2c82eec0928eb5af,1933642,False
p12v4m6-E-research_risk-s8192,E,research_risk,weights,test/weights.json,ac18cbdf662b9bd6668b2cf7e7f6fb7bd23ff828bad7e68c2c82eec0928eb5af,1933642,False
p12v4m6-E-research_risk-s16384,E,research_risk,weights,test/weights.json,f528eafb0180db7177b2eeb0b62acb4745641cd8a5b09687704c7d717b2487ef,3599782,False
p12v4m6-E-full_stack_single_agent-s1024,E,full_stack_single_agent,weights,test/weights.json,ac18cbdf662b9bd6668b2cf7e7f6fb7bd23ff828bad7e68c2c82eec0928eb5af,1933642,False
p12v4m6-E-full_stack_single_agent-s2048,E,full_stack_single_agent,weights,test/weights.json,ac18cbdf662b9bd6668b2cf7e7f6fb7bd23ff828bad7e68c2c82eec0928eb5af,1933642,False
p12v4m6-E-full_stack_single_agent-s4096,E,full_stack_single_agent,weights,test/weights.json,ac18cbdf662b9bd6668b2cf7e7f6fb7bd23ff828bad7e68c2c82eec0928eb5af,1933642,False
p12v4m6-E-full_stack_single_agent-s8192,E,full_stack_single_agent,weights,test/weights.json,ac18cbdf662b9bd6668b2cf7e7f6fb7bd23ff828bad7e68c2c82eec0928eb5af,1933642,False
p12v4m6-E-full_stack_single_agent-s16384,E,full_stack_single_agent,weights,test/weights.json,ac18cbdf662b9bd6668b2cf7e7f6fb7bd23ff828bad7e68c2c82eec0928eb5af,1933642,False
p12v4m6-E-custom_multi_agent_committee-s1024,E,custom_multi_agent_committee,weights,test/weights.json,ac18cbdf662b9bd6668b2cf7e7f6fb7bd23ff828bad7e68c2c82eec0928eb5af,1933642,False
p12v4m6-E-custom_multi_agent_committee-s2048,E,custom_multi_agent_committee,weights,test/weights.json,ac18cbdf662b9bd6668b2cf7e7f6fb7bd23ff828bad7e68c2c82eec0928eb5af,1933642,False
p12v4m6-E-custom_multi_agent_committee-s4096,E,custom_multi_agent_committee,weights,test/weights.json,ac18cbdf662b9bd6668b2cf7e7f6fb7bd23ff828bad7e68c2c82eec0928eb5af,1933642,False
p12v4m6-E-custom_multi_agent_committee-s8192,E,custom_multi_agent_committee,weights,test/weights.json,ac18cbdf662b9bd6668b2cf7e7f6fb7bd23ff828bad7e68c2c82eec0928eb5af,1933642,False
p12v4m6-E-custom_multi_agent_committee-s16384,E,custom_multi_agent_committee,weights,test/weights.json,ac18cbdf662b9bd6668b2cf7e7f6fb7bd23ff828bad7e68c2c82eec0928eb5af,1933642,False
p12v4m6-F-default-s1024,F,default,weights,locked/locked_retrain/test/weights.json,4015bbe9a8eb4010800e5acaf0465d05deba70d31a759dd0d75c38e8a4775f4d,2954562,False
p12v4m6-F-default-s1024,F,default,weights,locked/locked_retrain/validation/weights.json,d0c08c5a99ec8a8a16edf6366c7e5b74a72a1c9c1801f6f4b00ed86a83f2f395,3978007,False
p12v4m6-F-default-s2048,F,default,weights,locked/locked_retrain/test/weights.json,8d27a48d9b0d534ca0c140467f4b178d704f31f15c5e1fac3fe0fc8260c110c6,3080477,False
p12v4m6-F-default-s2048,F,default,weights,locked/locked_retrain/validation/weights.json,e6e5c3b8070ab976186f04087f346ab7e43ec69a383b00660f6faf06469e0f12,4146712,False
p12v4m6-F-default-s4096,F,default,weights,locked/locked_retrain/test/weights.json,a92a7984149af57526aecece20822c778be51b393c0cd6db64a0a116c1484873,3019677,False
p12v4m6-F-default-s4096,F,default,weights,locked/locked_retrain/validation/weights.json,b46e23637b39dd8cafb4f01cbdcb6bede27c934cfd6d836627fce2a655391f09,4109062,False
p12v4m6-F-default-s8192,F,default,weights,locked/locked_retrain/test/weights.json,6cbe1961ed80ac3c10784112cd2366bd7825db69ed4c3ec5f40f815253378e61,2756992,False
p12v4m6-F-default-s8192,F,default,weights,locked/locked_retrain/validation/weights.json,a2274bd65d786113e12c01903770aef696b531ea12e823c93731c0c6a09967e6,3700527,False
p12v4m6-F-default-s16384,F,default,weights,locked/locked_retrain/test/weights.json,e6df8c0656cfbcc82d435db4f5db7bf2cb5290179937dd6c72806bb1a66263bb,3050487,False
p12v4m6-F-default-s16384,F,default,weights,locked/locked_retrain/validation/weights.json,2c414250c8d8419b45dc4232f42d51686db38dee049d38c84491eb0960d34628,4108412,False
p12v4m6-F-random-s1024,F,random,weights,locked/locked_retrain/test/weights.json,c51d547954dc5357c99bd9f61eb908439f1ac4292ad77537f53a192311a71ea2,2916402,False
p12v4m6-F-random-s1024,F,random,weights,locked/locked_retrain/validation/weights.json,da22c0d6f3d796836a24790ebf349eadc5f89a9ee1203f10330169f20a90cd96,3961752,False
p12v4m6-F-random-s2048,F,random,weights,locked/locked_retrain/test/weights.json,359bedbc13877ffb7a9399c5ac57abe1407fe0be74a8127baf92564dcd4ba913,3018612,False
p12v4m6-F-random-s2048,F,random,weights,locked/locked_retrain/validation/weights.json,4bc3e2e704dcf7e723f7060eb964f3c46a926673fb2c007a3dd54d1e844dcc45,4065187,False
p12v4m6-F-random-s4096,F,random,weights,locked/locked_retrain/test/weights.json,8bf920b76084aab4e92fe7502202ac83be9ee44036a23bd8fbb602c4c0789728,2979557,False
p12v4m6-F-random-s4096,F,random,weights,locked/locked_retrain/validation/weights.json,b5afe6cd4da65706803f950d38344509ba67bb834165603fa706e85597373748,4005667,False
p12v4m6-F-random-s8192,F,random,weights,locked/locked_retrain/test/weights.json,09028c6f62abe3604c628aa9a1b6191ae20c17f013152963f6a285dd15aeb5a2,2793412,False
p12v4m6-F-random-s8192,F,random,weights,locked/locked_retrain/validation/weights.json,8a27c75a7ab2ba682dd6b6229cf662033d35ff4003f59c9daf05df8a1076ffe2,3805372,False
p12v4m6-F-random-s16384,F,random,weights,locked/locked_retrain/test/weights.json,6cdbec57f01550c8dbd108028c14eba875754bf7817121927dcf08aa40ac95c8,2994387,False
p12v4m6-F-random-s16384,F,random,weights,locked/locked_retrain/validation/weights.json,8f3984ee0cb73c3255ec14806f7b2aa7e8cf9b68843292ad952b86af12af6823,4014867,False
p12v4m6-F-tpe-s1024,F,tpe,weights,locked/locked_retrain/test/weights.json,e729d0675b5083c84c38f8fbd14d5976e2455ac9dcfedeb9649431f2b298176a,2943032,False
p12v4m6-F-tpe-s1024,F,tpe,weights,locked/locked_retrain/validation/weights.json,5f7f6d01adedd35e98cb805b9fd7bec45c03f1643c5eabb73760fe099ff35689,3961522,False
p12v4m6-F-tpe-s2048,F,tpe,weights,locked/locked_retrain/test/weights.json,5c7a3b16340ba6ae7ac2260cf80faf06834f2e92f09f702a605a34a66778b6af,2985452,False
p12v4m6-F-tpe-s2048,F,tpe,weights,locked/locked_retrain/validation/weights.json,66a0254bd0bda55751666db7eb0187bc101497223f3b97caa78f169ba3875fbc,4025667,False
p12v4m6-F-tpe-s4096,F,tpe,weights,locked/locked_retrain/test/weights.json,e9e38f39b9d3414ae3b52fcffa4998fd977a22afd8ba355c3dc09327a43ba67d,3037207,False
p12v4m6-F-tpe-s4096,F,tpe,weights,locked/locked_retrain/validation/weights.json,f589d7c9f2047f9aebab2156604e74371e47a365cad9c2fd344b86133b2686d0,4121607,False
p12v4m6-F-tpe-s8192,F,tpe,weights,locked/locked_retrain/test/weights.json,4cfea12dc3f799423db04e1cbc43d5dbb7d598864c82333e157ea408c5947ff6,2918632,False
p12v4m6-F-tpe-s8192,F,tpe,weights,locked/locked_retrain/validation/weights.json,7173bb42fb73095ba47b5e37a493e944d660cb11c2e7c4df585391da79649d6a,3973032,False
p12v4m6-F-tpe-s16384,F,tpe,weights,locked/locked_retrain/test/weights.json,cd908a0e587b5b7d8f2327322cd07f5f0e61e7299340fc6d6b27d97d132b848a,3081652,False
p12v4m6-F-tpe-s16384,F,tpe,weights,locked/locked_retrain/validation/weights.json,ee8a4b3549135641525b7ecd4a4d14340c393a9d63f7230e524a4cd74ef1d9a5,4149127,False
p12v4m6-F-cma_es-s1024,F,cma_es,weights,locked/locked_retrain/test/weights.json,7ca386263f1a4a9fcabcf665f9230e090064a4ed4c6b154c639a1aa05a1f1ba0,3111232,False
p12v4m6-F-cma_es-s1024,F,cma_es,weights,locked/locked_retrain/validation/weights.json,ee2b520001d1720b0a6bcc67d4f00e35f6e9baa0438f83efe5af7f28d3fc7bc3,4234547,False
p12v4m6-F-cma_es-s2048,F,cma_es,weights,locked/locked_retrain/test/weights.json,1a1d3890c882b5d32491f2caeb7eb4bcffc05794f3c07b0e34615ba826cee9fb,3079372,False
p12v4m6-F-cma_es-s2048,F,cma_es,weights,locked/locked_retrain/validation/weights.json,090805b3ff86a0d9ab1e0caf024d0c7da7a250925a246ee436a253336706975e,4147327,False
p12v4m6-F-cma_es-s4096,F,cma_es,weights,locked/locked_retrain/test/weights.json,7f4ad72bbea110769cfef833c8699517708d4d9792bf95ddb5286430f10060fc,2784772,False
p12v4m6-F-cma_es-s4096,F,cma_es,weights,locked/locked_retrain/validation/weights.json,5ce13186a2f8b77995666a254d8545e4e6f21117f4d07496b2f9b0cc4917ecec,3797997,False
p12v4m6-F-cma_es-s8192,F,cma_es,weights,locked/locked_retrain/test/weights.json,4df3ade3e299d6d8e5e700af2ee4b7aba32bcd1b76452b5dee1d595d74e17dfe,2960227,False
p12v4m6-F-cma_es-s8192,F,cma_es,weights,locked/locked_retrain/validation/weights.json,d1ab86f9f00f9368a0240fa9b1eb04280839b9b5cedd1ccb0ffac29604ba2d1a,4026192,False
p12v4m6-F-cma_es-s16384,F,cma_es,weights,locked/locked_retrain/test/weights.json,334253d13be54c9a27fcdca27b2f6ffff8ccef823043e185bf372f8160ca567b,2986957,False
p12v4m6-F-cma_es-s16384,F,cma_es,weights,locked/locked_retrain/validation/weights.json,88903a86630aefb2463f95c1778d2f0a98eb2becb79a2e4688f4ffa2ccedf480,4021562,False
p12v4m6-F-pso-s1024,F,pso,weights,locked/locked_retrain/test/weights.json,206a77d73c36610726c9172b4a179aa7bac187087545f10285ca311d564b009a,2988857,False
p12v4m6-F-pso-s1024,F,pso,weights,locked/locked_retrain/validation/weights.json,9682725844037a3dda206a8777a4cf75f62d63abc69297fb2980ecbe3bd981a2,4046092,False
p12v4m6-F-pso-s2048,F,pso,weights,locked/locked_retrain/test/weights.json,1e4bea37f61b60a8c0c8d17f588d42bf4ec30c64a2d99a1a02f48cf518eb75f2,2881747,False
p12v4m6-F-pso-s2048,F,pso,weights,locked/locked_retrain/validation/weights.json,a2fdc4963745cd0ebccaeb46947981f87d4fa2319e3bbca9c27da80494ae7be5,3879742,False
p12v4m6-F-pso-s4096,F,pso,weights,locked/locked_retrain/test/weights.json,d5c7119bfef0ae4727969399424373cce08411653f920c3df8df41a24a6a7b87,3121427,False
p12v4m6-F-pso-s4096,F,pso,weights,locked/locked_retrain/validation/weights.json,2ea7c383d554c4809731447885a1c6424963afafd4823f75c409b1eb713b0c31,4201617,False
p12v4m6-F-pso-s8192,F,pso,weights,locked/locked_retrain/test/weights.json,7825f25c38a66ff15f94ae0e28059f5ad2419be73c82c5dc808bf8b91f0d9a5d,2854107,False
p12v4m6-F-pso-s8192,F,pso,weights,locked/locked_retrain/validation/weights.json,cb50c19d21db15e4142fa673783665c1faa653cb0cce5d4bb6668185a5b6bb86,3886297,False
p12v4m6-F-pso-s16384,F,pso,weights,locked/locked_retrain/test/weights.json,6cdbec57f01550c8dbd108028c14eba875754bf7817121927dcf08aa40ac95c8,2994387,False
p12v4m6-F-pso-s16384,F,pso,weights,locked/locked_retrain/validation/weights.json,8f3984ee0cb73c3255ec14806f7b2aa7e8cf9b68843292ad952b86af12af6823,4014867,False
p12v4m6-F-genetic-s1024,F,genetic,weights,locked/locked_retrain/test/weights.json,0b383bb0d43fd20a355189860edd3e1b56e84b6658c63fa1582a031a3f3b186f,2754887,False
p12v4m6-F-genetic-s1024,F,genetic,weights,locked/locked_retrain/validation/weights.json,72cd9de5717167c8c350fb0ede10a7bc57d00c0b5c3ff4415ffd0070d7f4c66a,3708657,False
p12v4m6-F-genetic-s2048,F,genetic,weights,locked/locked_retrain/test/weights.json,453881567ca93cbdeb629c63f03be45029b1f78746f0c2026d917f25760252f9,3225767,False
p12v4m6-F-genetic-s2048,F,genetic,weights,locked/locked_retrain/validation/weights.json,47e730b1b7a36670f0924e4be73e6b0b3328ce81440d77561a317063d0ba65a9,4343537,False
p12v4m6-F-genetic-s4096,F,genetic,weights,locked/locked_retrain/test/weights.json,f7ea28736c621855ee7f9d2d9ccb21220d86c4a029f98b177c3ea0a264994488,3151137,False
p12v4m6-F-genetic-s4096,F,genetic,weights,locked/locked_retrain/validation/weights.json,3af57776f51ddbb99b7fe5209605f78b533df5dbcbcb566017eba04c75ea24b7,4243587,False
p12v4m6-F-genetic-s8192,F,genetic,weights,locked/locked_retrain/test/weights.json,883ff93a7a40e166dd5a7db1b718e30580355de722a0614cb01c7d4cce268e0c,2859212,False
p12v4m6-F-genetic-s8192,F,genetic,weights,locked/locked_retrain/validation/weights.json,a8dec501e691ac3f45b76c46cb6f939035b4bfeb4bae88e06eff7e738e0729eb,3892377,False
p12v4m6-F-genetic-s16384,F,genetic,weights,locked/locked_retrain/test/weights.json,6cdbec57f01550c8dbd108028c14eba875754bf7817121927dcf08aa40ac95c8,2994387,False
p12v4m6-F-genetic-s16384,F,genetic,weights,locked/locked_retrain/validation/weights.json,8f3984ee0cb73c3255ec14806f7b2aa7e8cf9b68843292ad952b86af12af6823,4014867,False
p12v4m6-F-differential_evolution-s1024,F,differential_evolution,weights,locked/locked_retrain/test/weights.json,c51d547954dc5357c99bd9f61eb908439f1ac4292ad77537f53a192311a71ea2,2916402,False
p12v4m6-F-differential_evolution-s1024,F,differential_evolution,weights,locked/locked_retrain/validation/weights.json,da22c0d6f3d796836a24790ebf349eadc5f89a9ee1203f10330169f20a90cd96,3961752,False
p12v4m6-F-differential_evolution-s2048,F,differential_evolution,weights,locked/locked_retrain/test/weights.json,a5923adde893c2a2e85beb14a90fcb2a2e2d88b1d010f902ced9891146cbf5d1,3253867,False
p12v4m6-F-differential_evolution-s2048,F,differential_evolution,weights,locked/locked_retrain/validation/weights.json,3d6d6819e19300205760d93e043b04afade9e9d2bc1e07c658be392379f68cf9,4383167,False
p12v4m6-F-differential_evolution-s4096,F,differential_evolution,weights,locked/locked_retrain/test/weights.json,8bf920b76084aab4e92fe7502202ac83be9ee44036a23bd8fbb602c4c0789728,2979557,False
p12v4m6-F-differential_evolution-s4096,F,differential_evolution,weights,locked/locked_retrain/validation/weights.json,b5afe6cd4da65706803f950d38344509ba67bb834165603fa706e85597373748,4005667,False
p12v4m6-F-differential_evolution-s8192,F,differential_evolution,weights,locked/locked_retrain/test/weights.json,e08c78dcca91e13e039bb0c8dc07cceddf4f2e19c032b16113265b7a763563ad,2969187,False
p12v4m6-F-differential_evolution-s8192,F,differential_evolution,weights,locked/locked_retrain/validation/weights.json,35f9323cf1a178d3a478fe58e96016acc2f40a0029a23f3e81b3be7c4fe08071,4041707,False
p12v4m6-F-differential_evolution-s16384,F,differential_evolution,weights,locked/locked_retrain/test/weights.json,6cdbec57f01550c8dbd108028c14eba875754bf7817121927dcf08aa40ac95c8,2994387,False
p12v4m6-F-differential_evolution-s16384,F,differential_evolution,weights,locked/locked_retrain/validation/weights.json,8f3984ee0cb73c3255ec14806f7b2aa7e8cf9b68843292ad952b86af12af6823,4014867,False
p12v4m6-F-nsga_ii-s1024,F,nsga_ii,weights,locked/locked_retrain/test/weights.json,f86ae8ebae238dc0f89dc92632576c3e0613dd5c5e4c462d0877a556b301bf83,2621252,False
p12v4m6-F-nsga_ii-s1024,F,nsga_ii,weights,locked/locked_retrain/validation/weights.json,831020f1a04f5f145b851992f1d76585594d0f32ae9a761d81836d9c29767750,3573237,False
p12v4m6-F-nsga_ii-s2048,F,nsga_ii,weights,locked/locked_retrain/test/weights.json,b85020d03a1ca3fbb0a76ea70125a52bddd2b08802f8b268e80776f6acb2065d,2879652,False
p12v4m6-F-nsga_ii-s2048,F,nsga_ii,weights,locked/locked_retrain/validation/weights.json,b58e712121ff061b0023cb7b15a5850a6c8bd0742313b3a087dd99d0e7666f00,3879867,False
p12v4m6-F-nsga_ii-s4096,F,nsga_ii,weights,locked/locked_retrain/test/weights.json,2a14fa78b71173e18b09a102dafae18b06acb7f52ac1f03b1be3ad51c75e060c,2918447,False
p12v4m6-F-nsga_ii-s4096,F,nsga_ii,weights,locked/locked_retrain/validation/weights.json,0217766224a711f4ac98f21afbbdf8be00618abbd1ad58eaa5bab5186b8ce541,3973702,False
p12v4m6-F-nsga_ii-s8192,F,nsga_ii,weights,locked/locked_retrain/test/weights.json,1ef17e904c5bb11b6b05af79ec91ae889bcc3499898cc2a050eb4d1fe79ec3d5,2720157,False
p12v4m6-F-nsga_ii-s8192,F,nsga_ii,weights,locked/locked_retrain/validation/weights.json,4e4d08e7ceadc587c9eba2e6db28a0c9b04c303969a728017364fbf89b71e573,3700247,False
p12v4m6-F-nsga_ii-s16384,F,nsga_ii,weights,locked/locked_retrain/test/weights.json,6cdbec57f01550c8dbd108028c14eba875754bf7817121927dcf08aa40ac95c8,2994387,False
p12v4m6-F-nsga_ii-s16384,F,nsga_ii,weights,locked/locked_retrain/validation/weights.json,8f3984ee0cb73c3255ec14806f7b2aa7e8cf9b68843292ad952b86af12af6823,4014867,False
