run_id,group,method,seed,status,failure_reason,formal,protocol_sha256,dataset_manifest_sha256,code_commit,configuration_sha256,result_sha256,test_access_count,development_result_accessed,runtime_seconds
p12v4m6-A-transaction_cost-s0,A,transaction_cost,0,completed,,True,90e40d212b5faaff644e0041eeef92c0b0056ce9a834095a047948a1d5e42529,0ed9091f1ab96d24ef5fbd41d0d080668623e954e4f15e4a277f1c217e825eb9,6f03d3da3ed6ecbe918c5a7f9aa35cb9abfb2b83,,53f778e2a179225c92206ee9d1b3cbb17a72b5a87deae839dddec8ba6a032954,0,False,0.0019152211025357246
p12v4m6-A-slippage-s0,A,slippage,0,completed,,True,90e40d212b5faaff644e0041eeef92c0b0056ce9a834095a047948a1d5e42529,0ed9091f1ab96d24ef5fbd41d0d080668623e954e4f15e4a277f1c217e825eb9,6f03d3da3ed6ecbe918c5a7f9aa35cb9abfb2b83,,61f835cb5101360acc85a8ed884daf381653249b87f2f77ff24f90305d776bd4,0,False,0.0013670300832018256
p12v4m6-A-t_plus_one-s0,A,t_plus_one,0,completed,,True,90e40d212b5faaff644e0041eeef92c0b0056ce9a834095a047948a1d5e42529,0ed9091f1ab96d24ef5fbd41d0d080668623e954e4f15e4a277f1c217e825eb9,6f03d3da3ed6ecbe918c5a7f9aa35cb9abfb2b83,,ce50609ed623c154534c7f989e7ecff2eac6b61e74ff94f94417bbadd8af7200,0,False,0.001254249014891684
p12v4m6-A-suspension-s0,A,suspension,0,completed,,True,90e40d212b5faaff644e0041eeef92c0b0056ce9a834095a047948a1d5e42529,0ed9091f1ab96d24ef5fbd41d0d080668623e954e4f15e4a277f1c217e825eb9,6f03d3da3ed6ecbe918c5a7f9aa35cb9abfb2b83,,4025977e3b4cd0fd0510861d5159c93f873377075e210c6ace0c0355a1af04bf,0,False,0.0013057240284979343
p12v4m6-A-price_limits-s0,A,price_limits,0,completed,,True,90e40d212b5faaff644e0041eeef92c0b0056ce9a834095a047948a1d5e42529,0ed9091f1ab96d24ef5fbd41d0d080668623e954e4f15e4a277f1c217e825eb9,6f03d3da3ed6ecbe918c5a7f9aa35cb9abfb2b83,,13dc9f873f57d685160540eaec47692c20ade5f6a56d0285cfbf338cb3664417,0,False,0.0013149708975106478
p12v4m6-A-minimum_lot-s0,A,minimum_lot,0,completed,,True,90e40d212b5faaff644e0041eeef92c0b0056ce9a834095a047948a1d5e42529,0ed9091f1ab96d24ef5fbd41d0d080668623e954e4f15e4a277f1c217e825eb9,6f03d3da3ed6ecbe918c5a7f9aa35cb9abfb2b83,,f8b4349acb278f4b0e7a93bd0e8cf84a03ec40bec45320906c049e2724719219,0,False,0.0013318340061232448
p12v4m6-A-market_holiday-s0,A,market_holiday,0,completed,,True,90e40d212b5faaff644e0041eeef92c0b0056ce9a834095a047948a1d5e42529,0ed9091f1ab96d24ef5fbd41d0d080668623e954e4f15e4a277f1c217e825eb9,6f03d3da3ed6ecbe918c5a7f9aa35cb9abfb2b83,,ae5d263bb394cd55679ea61093f5a317683815f603eaec4dc03bb552d152c973,0,False,0.034732811036519706
p12v4m6-A-fx_conversion-s0,A,fx_conversion,0,completed,,True,90e40d212b5faaff644e0041eeef92c0b0056ce9a834095a047948a1d5e42529,0ed9091f1ab96d24ef5fbd41d0d080668623e954e4f15e4a277f1c217e825eb9,6f03d3da3ed6ecbe918c5a7f9aa35cb9abfb2b83,,cdb589c502cc8a6af31100250b1bb7ef6fa78a3d17297a3b6e60f21e0a3b727e,0,False,0.01676101004704833
p12v4m6-A-weight_projection-s0,A,weight_projection,0,completed,,True,90e40d212b5faaff644e0041eeef92c0b0056ce9a834095a047948a1d5e42529,0ed9091f1ab96d24ef5fbd41d0d080668623e954e4f15e4a277f1c217e825eb9,6f03d3da3ed6ecbe918c5a7f9aa35cb9abfb2b83,,2d1b5d209864eadb63bd2d9c1445d9e115e0b37da40dd10ea9ff0ddaffa96e6e,0,False,0.001828598091378808
p12v4m6-A-cash_holdings_nav-s0,A,cash_holdings_nav,0,completed,,True,90e40d212b5faaff644e0041eeef92c0b0056ce9a834095a047948a1d5e42529,0ed9091f1ab96d24ef5fbd41d0d080668623e954e4f15e4a277f1c217e825eb9,6f03d3da3ed6ecbe918c5a7f9aa35cb9abfb2b83,,f8d4e4fe1669ec051ef13764c36ac511fab04699b15f3fd934a38ec08d09d895,0,False,0.0015768229495733976
p12v4m6-B-cash-s1024,B,cash,1024,completed,,True,90e40d212b5faaff644e0041eeef92c0b0056ce9a834095a047948a1d5e42529,0ed9091f1ab96d24ef5fbd41d0d080668623e954e4f15e4a277f1c217e825eb9,6f03d3da3ed6ecbe918c5a7f9aa35cb9abfb2b83,58ccfc056e742b3ee543433b8480daf008473e896a084640030146d61a804a57,bc62bbc514d2daf6d4b1d7efa24535ceba472420e25fde60c3b0bc9f8fdf6adf,1,False,9.594285304076038
p12v4m6-B-cash-s2048,B,cash,2048,completed,,True,90e40d212b5faaff644e0041eeef92c0b0056ce9a834095a047948a1d5e42529,0ed9091f1ab96d24ef5fbd41d0d080668623e954e4f15e4a277f1c217e825eb9,6f03d3da3ed6ecbe918c5a7f9aa35cb9abfb2b83,0d771920644f308020a37824278bac16bbe60a66280dab4c6af59581c7a95bb7,b7d3eb48127b0b8d2d8e4ea890b5af0fe0ba0a0e8b3e722f9135f7dcaafa1f56,1,False,9.744269882910885
p12v4m6-B-cash-s4096,B,cash,4096,completed,,True,90e40d212b5faaff644e0041eeef92c0b0056ce9a834095a047948a1d5e42529,0ed9091f1ab96d24ef5fbd41d0d080668623e954e4f15e4a277f1c217e825eb9,6f03d3da3ed6ecbe918c5a7f9aa35cb9abfb2b83,fbed78e9f2ba8a2e54330e797bd9f69302df50906254b079fc83a35680f30d15,483c2c7a4a94b848802e1f8fb3af0b72b3db697a78d1bc38007a777c98a26ffc,1,False,9.672920010983944
p12v4m6-B-cash-s8192,B,cash,8192,completed,,True,90e40d212b5faaff644e0041eeef92c0b0056ce9a834095a047948a1d5e42529,0ed9091f1ab96d24ef5fbd41d0d080668623e954e4f15e4a277f1c217e825eb9,6f03d3da3ed6ecbe918c5a7f9aa35cb9abfb2b83,3cb36a2c0e83c22fc7f3df24cced93db61bdd7e04d0eb631b01d0af6a03298b2,d38beb90141852dad8de4a5a9dbe388591cdeca756144043b2c58f1737456f32,1,False,9.859559020027518
p12v4m6-B-cash-s16384,B,cash,16384,completed,,True,90e40d212b5faaff644e0041eeef92c0b0056ce9a834095a047948a1d5e42529,0ed9091f1ab96d24ef5fbd41d0d080668623e954e4f15e4a277f1c217e825eb9,6f03d3da3ed6ecbe918c5a7f9aa35cb9abfb2b83,0f38109427d9ab4ce3266d3c3e5bd29ccf988d65851860e44296e16b6c934410,c814df71583cd69fad563a146b93057e7b5038ad656ea4733e78f6c62ebacd4f,1,False,10.014032328035682
p12v4m6-B-buy_and_hold-s1024,B,buy_and_hold,1024,completed,,True,90e40d212b5faaff644e0041eeef92c0b0056ce9a834095a047948a1d5e42529,0ed9091f1ab96d24ef5fbd41d0d080668623e954e4f15e4a277f1c217e825eb9,6f03d3da3ed6ecbe918c5a7f9aa35cb9abfb2b83,e84959e55c05f52d3145553db740c51431fd0989fb835bd879946ca458b97c10,068aa0f4e5e0eca18cd5ff06a92cf9747f989686a54c6e3dd6252cf8168b78a6,1,False,10.164396469015628
p12v4m6-B-buy_and_hold-s2048,B,buy_and_hold,2048,completed,,True,90e40d212b5faaff644e0041eeef92c0b0056ce9a834095a047948a1d5e42529,0ed9091f1ab96d24ef5fbd41d0d080668623e954e4f15e4a277f1c217e825eb9,6f03d3da3ed6ecbe918c5a7f9aa35cb9abfb2b83,2d4fe4a57861f5001ac5a8f7fba9e51835ec9a2f9a19edce507571c950455b4f,9f256fef1d9ec0bef9f4b44b4ba7763be760f605b135dbee0ff5deb82406acb2,1,False,10.342853811918758
p12v4m6-B-buy_and_hold-s4096,B,buy_and_hold,4096,completed,,True,90e40d212b5faaff644e0041eeef92c0b0056ce9a834095a047948a1d5e42529,0ed9091f1ab96d24ef5fbd41d0d080668623e954e4f15e4a277f1c217e825eb9,6f03d3da3ed6ecbe918c5a7f9aa35cb9abfb2b83,16b1becfdce92e47a0ea2a3c8464cc807de1bbc1e477621dc3abfa33b34a9392,a7fb5df7da50ee893b056f29c12730c16a2efb5ed179b030981677be16a4caaa,1,False,10.002499649999663
p12v4m6-B-buy_and_hold-s8192,B,buy_and_hold,8192,completed,,True,90e40d212b5faaff644e0041eeef92c0b0056ce9a834095a047948a1d5e42529,0ed9091f1ab96d24ef5fbd41d0d080668623e954e4f15e4a277f1c217e825eb9,6f03d3da3ed6ecbe918c5a7f9aa35cb9abfb2b83,0540ea2c6c920a47d1baaff9c445099023972a00a802d80fdef50ceedd105341,addebb24f454bf1cfa7225ae03ac153d9ee46b3ad2bcd479a5ca6040f617a6c2,1,False,10.361441151006147
p12v4m6-B-buy_and_hold-s16384,B,buy_and_hold,16384,completed,,True,90e40d212b5faaff644e0041eeef92c0b0056ce9a834095a047948a1d5e42529,0ed9091f1ab96d24ef5fbd41d0d080668623e954e4f15e4a277f1c217e825eb9,6f03d3da3ed6ecbe918c5a7f9aa35cb9abfb2b83,4860f04401009dacdd7eb82f57e28eecec2852c269ed67acd693b6195cb46fde,cfaed3e06d425c960135641acc3a8288fb7954783085d5eee5f0c08a6e570a53,1,False,10.384561715065502
p12v4m6-B-equal_weight-s1024,B,equal_weight,1024,completed,,True,90e40d212b5faaff644e0041eeef92c0b0056ce9a834095a047948a1d5e42529,0ed9091f1ab96d24ef5fbd41d0d080668623e954e4f15e4a277f1c217e825eb9,6f03d3da3ed6ecbe918c5a7f9aa35cb9abfb2b83,c6b5f8bb64f2d1ff348f46a0aadb5f871b55bb125ce2ffba088c6c94e3258c43,dee10b62d087d9de67610e4a610e6f4d6bad012e617985ce6d4ae08514ba726e,1,False,10.466748551931232
p12v4m6-B-equal_weight-s2048,B,equal_weight,2048,completed,,True,90e40d212b5faaff644e0041eeef92c0b0056ce9a834095a047948a1d5e42529,0ed9091f1ab96d24ef5fbd41d0d080668623e954e4f15e4a277f1c217e825eb9,6f03d3da3ed6ecbe918c5a7f9aa35cb9abfb2b83,751d5585b447a45acbcddc830043dcbee34cf4dd8e4a6851b086842753b9ca0d,a5b41c2468b36547cdb4941485092f7c07b5ae7c320d3cb350fa1e1ca1e2bda1,1,False,10.376613555010408
p12v4m6-B-equal_weight-s4096,B,equal_weight,4096,completed,,True,90e40d212b5faaff644e0041eeef92c0b0056ce9a834095a047948a1d5e42529,0ed9091f1ab96d24ef5fbd41d0d080668623e954e4f15e4a277f1c217e825eb9,6f03d3da3ed6ecbe918c5a7f9aa35cb9abfb2b83,9f5e5cdce87806f79aa48f7aba2746c79d74a6a593acb669a7227a1efdd26d8a,87dcd91d8a5d306f6a98c71966396670887a37fd97c91f12bdab0cc4d5c50730,1,False,10.381905532907695
p12v4m6-B-equal_weight-s8192,B,equal_weight,8192,completed,,True,90e40d212b5faaff644e0041eeef92c0b0056ce9a834095a047948a1d5e42529,0ed9091f1ab96d24ef5fbd41d0d080668623e954e4f15e4a277f1c217e825eb9,6f03d3da3ed6ecbe918c5a7f9aa35cb9abfb2b83,698a074f728803cde1236caad7001560f0a6cb865a275f682fde24616d54e71d,8270ca7faa9db5920e7e00d0dbd44a41f7f41ed04aa83268436c100b099b0b54,1,False,10.432500242022797
p12v4m6-B-equal_weight-s16384,B,equal_weight,16384,completed,,True,90e40d212b5faaff644e0041eeef92c0b0056ce9a834095a047948a1d5e42529,0ed9091f1ab96d24ef5fbd41d0d080668623e954e4f15e4a277f1c217e825eb9,6f03d3da3ed6ecbe918c5a7f9aa35cb9abfb2b83,1a887e4ef481e118282a20b7469d00d742c18edcec1b1081a12662c05b73dae9,227eb2e7fcea5bf011b5d4af3257bfb4792480667227332b60396191dda72d18,1,False,10.38017876399681
p12v4m6-B-risk_parity-s1024,B,risk_parity,1024,completed,,True,90e40d212b5faaff644e0041eeef92c0b0056ce9a834095a047948a1d5e42529,0ed9091f1ab96d24ef5fbd41d0d080668623e954e4f15e4a277f1c217e825eb9,6f03d3da3ed6ecbe918c5a7f9aa35cb9abfb2b83,46c4d32b34ecc7cfb56bd26ff90e3f7dc04caa2822bb4d86d9967c0fb4cd8d99,984d1951f9dc7757d32b95411ec970e825b364c6b201320723817dab9159984e,1,False,11.52519230695907
p12v4m6-B-risk_parity-s2048,B,risk_parity,2048,completed,,True,90e40d212b5faaff644e0041eeef92c0b0056ce9a834095a047948a1d5e42529,0ed9091f1ab96d24ef5fbd41d0d080668623e954e4f15e4a277f1c217e825eb9,6f03d3da3ed6ecbe918c5a7f9aa35cb9abfb2b83,1ccee2abcf7a73fa15beb65434cbfa32a29a13a50687799409831f36a8b3fea4,3d5632683f600213a1794107585506625ff8aac9b2d1a24c2ba4e0474772d96f,1,False,11.400384258013219
p12v4m6-B-risk_parity-s4096,B,risk_parity,4096,completed,,True,90e40d212b5faaff644e0041eeef92c0b0056ce9a834095a047948a1d5e42529,0ed9091f1ab96d24ef5fbd41d0d080668623e954e4f15e4a277f1c217e825eb9,6f03d3da3ed6ecbe918c5a7f9aa35cb9abfb2b83,a933fc7fd76f114199b2ee7c1518eb2e3ebc7cf1dc9bec45da125a6119122ba6,c6234fb3811646b1283b149355b38d4cb8febecc2792e9687b22126c34797f4f,1,False,11.135805433965288
p12v4m6-B-risk_parity-s8192,B,risk_parity,8192,completed,,True,90e40d212b5faaff644e0041eeef92c0b0056ce9a834095a047948a1d5e42529,0ed9091f1ab96d24ef5fbd41d0d080668623e954e4f15e4a277f1c217e825eb9,6f03d3da3ed6ecbe918c5a7f9aa35cb9abfb2b83,1c30a1048ccc9e9305404667fb1aa6783c54937614d14da9e8aed828cc21705a,3f39e42cb85db9003e041a6fef2cc821cf871bb80cd2d2df59fdce08bc312f9c,1,False,11.582801916985773
p12v4m6-B-risk_parity-s16384,B,risk_parity,16384,completed,,True,90e40d212b5faaff644e0041eeef92c0b0056ce9a834095a047948a1d5e42529,0ed9091f1ab96d24ef5fbd41d0d080668623e954e4f15e4a277f1c217e825eb9,6f03d3da3ed6ecbe918c5a7f9aa35cb9abfb2b83,eef674a20ac2270bc2dfff3c5de51c3a9539211f94cbdf1a0948a11c46d03397,8615d748ed251f87e4512d6aa2096378bbfa4217ff7ab4b9acabfc02c4d207f9,1,False,11.690632906975225
p12v4m6-B-mean_variance-s1024,B,mean_variance,1024,completed,,True,90e40d212b5faaff644e0041eeef92c0b0056ce9a834095a047948a1d5e42529,0ed9091f1ab96d24ef5fbd41d0d080668623e954e4f15e4a277f1c217e825eb9,6f03d3da3ed6ecbe918c5a7f9aa35cb9abfb2b83,b3547d2ff4a1c4605ced2434cdb0a59c42b9e58537ca2bd3ad858dc53477762d,759e81bb413c4c5ee1e46a0a313928a3588602928665316d75e3bb225a700878,1,False,458.8912885909667
p12v4m6-B-mean_variance-s2048,B,mean_variance,2048,completed,,True,90e40d212b5faaff644e0041eeef92c0b0056ce9a834095a047948a1d5e42529,0ed9091f1ab96d24ef5fbd41d0d080668623e954e4f15e4a277f1c217e825eb9,6f03d3da3ed6ecbe918c5a7f9aa35cb9abfb2b83,977e9fc8daf3a65e96c67373f0b30ac11622550b2d3ff126cf22bacf093b4524,68bc68d98bd01b77ca64b5c4d93fc775ddd50f1aaaab74cde5efe46047a6b9c4,1,False,459.3756315910723
p12v4m6-B-mean_variance-s4096,B,mean_variance,4096,completed,,True,90e40d212b5faaff644e0041eeef92c0b0056ce9a834095a047948a1d5e42529,0ed9091f1ab96d24ef5fbd41d0d080668623e954e4f15e4a277f1c217e825eb9,6f03d3da3ed6ecbe918c5a7f9aa35cb9abfb2b83,d9eb5ef7f2cdbb25af04f24757074b2760c38ccd89b339c08a7de483c392214a,5d3b8e5d38e484408b31d7993af4db460f0a5f629a0f8f69450da045c49fa535,1,False,519.6357499610167
p12v4m6-B-mean_variance-s8192,B,mean_variance,8192,completed,,True,90e40d212b5faaff644e0041eeef92c0b0056ce9a834095a047948a1d5e42529,0ed9091f1ab96d24ef5fbd41d0d080668623e954e4f15e4a277f1c217e825eb9,6f03d3da3ed6ecbe918c5a7f9aa35cb9abfb2b83,96568e9ef4434a3538977331219f6da017e74263e8381e9f39cb54e7bfe4f54d,e8096fcb145523e0b8a06f7ba9d1176afe158c1be55f22affba2c1108bc3056c,1,False,519.8918322719401
p12v4m6-B-mean_variance-s16384,B,mean_variance,16384,completed,,True,90e40d212b5faaff644e0041eeef92c0b0056ce9a834095a047948a1d5e42529,0ed9091f1ab96d24ef5fbd41d0d080668623e954e4f15e4a277f1c217e825eb9,6f03d3da3ed6ecbe918c5a7f9aa35cb9abfb2b83,70cfdd7be8d6ebd50f308b8885eb1a7a21ca5ebb38ff656f19ccf20de5beabea,9d99921ba75b3065ab61bb3c0f63b73666169a743bdda278c828dbb8eb5cd997,1,False,18.021395093062893
p12v4m6-B-ppo-s1024,B,PPO,1024,completed,,True,90e40d212b5faaff644e0041eeef92c0b0056ce9a834095a047948a1d5e42529,0ed9091f1ab96d24ef5fbd41d0d080668623e954e4f15e4a277f1c217e825eb9,6f03d3da3ed6ecbe918c5a7f9aa35cb9abfb2b83,a46c3e6f64c6f267d216ffcc22c8a99e249d12c7a5487166eb38d077b01770af,d6a1d69e9dfb2d3a1a8503f7998cdb9a142242265afaa6960fc1e5a40d42055e,1,False,207.44986415293533
p12v4m6-B-ppo-s2048,B,PPO,2048,completed,,True,90e40d212b5faaff644e0041eeef92c0b0056ce9a834095a047948a1d5e42529,0ed9091f1ab96d24ef5fbd41d0d080668623e954e4f15e4a277f1c217e825eb9,6f03d3da3ed6ecbe918c5a7f9aa35cb9abfb2b83,fb74857fef8db9a030903d971fc41ba38685eed4160ab8a784bdeaa84b97e64f,450ac84da79b8f8f59aa2f8389dc1c1d915023b7eaef2894346984e332009794,1,False,184.49484470800962
p12v4m6-B-ppo-s4096,B,PPO,4096,completed,,True,90e40d212b5faaff644e0041eeef92c0b0056ce9a834095a047948a1d5e42529,0ed9091f1ab96d24ef5fbd41d0d080668623e954e4f15e4a277f1c217e825eb9,6f03d3da3ed6ecbe918c5a7f9aa35cb9abfb2b83,e25e88a9790cf0b9e23f671dc500f07845c3229f0ba2ef9b041fd001b0b8cb76,503726545b37ab0973b2c192b3f69e70347b1d370dfb00457cd7434c8d4cd88d,1,False,211.05911614303477
p12v4m6-B-ppo-s8192,B,PPO,8192,completed,,True,90e40d212b5faaff644e0041eeef92c0b0056ce9a834095a047948a1d5e42529,0ed9091f1ab96d24ef5fbd41d0d080668623e954e4f15e4a277f1c217e825eb9,6f03d3da3ed6ecbe918c5a7f9aa35cb9abfb2b83,f1c0b23d6f5ede6a4cf780105bbfdbb7e49570c88c1772ceb32ebdf507ec0462,720b40703f0613c5737580d0e8639456c5012a8e840921a382f866b92b16624b,1,False,241.59179045504425
p12v4m6-B-ppo-s16384,B,PPO,16384,completed,,True,90e40d212b5faaff644e0041eeef92c0b0056ce9a834095a047948a1d5e42529,0ed9091f1ab96d24ef5fbd41d0d080668623e954e4f15e4a277f1c217e825eb9,6f03d3da3ed6ecbe918c5a7f9aa35cb9abfb2b83,787d8bbea1c64a1d3c87c0a9375d2a8a903f1b80d42828bf41d591dd5db94abc,bef94c4d1403df8941cde741537a1d13174fa7e1d27281c8698d6e4081328fca,1,False,222.66731332498603
p12v4m6-B-sac-s1024,B,SAC,1024,completed,,True,90e40d212b5faaff644e0041eeef92c0b0056ce9a834095a047948a1d5e42529,0ed9091f1ab96d24ef5fbd41d0d080668623e954e4f15e4a277f1c217e825eb9,6f03d3da3ed6ecbe918c5a7f9aa35cb9abfb2b83,f8d16edf0c7518870e25178b240748076848110382c94bcdf867e6678a2976c1,ed3f8269a3b697eec52b39a4fde434d5a27be9c347d49126795258e08f329b7d,1,False,1460.4798810139764
p12v4m6-B-sac-s2048,B,SAC,2048,completed,,True,90e40d212b5faaff644e0041eeef92c0b0056ce9a834095a047948a1d5e42529,0ed9091f1ab96d24ef5fbd41d0d080668623e954e4f15e4a277f1c217e825eb9,6f03d3da3ed6ecbe918c5a7f9aa35cb9abfb2b83,878fdfd1c712741cb172b7f26d08f347a2c93fbecd9d21eaf8daaf0d9b97c3fd,8b8f0e6ab228c0378d147a17d7110b88d8a459bcc503d6c3d2a1fe9fb69646d2,1,False,1481.6264177379198
p12v4m6-B-sac-s4096,B,SAC,4096,completed,,True,90e40d212b5faaff644e0041eeef92c0b0056ce9a834095a047948a1d5e42529,0ed9091f1ab96d24ef5fbd41d0d080668623e954e4f15e4a277f1c217e825eb9,6f03d3da3ed6ecbe918c5a7f9aa35cb9abfb2b83,365f61b7b6b7ef069cf8c405d7a5c97825ee03d8b020b238c043cde9fedf787b,85bfa013ba7d40ee4d15e47b81c148edb64c752740f0438273478baee5e4ec61,1,False,1356.7310365389567
p12v4m6-B-sac-s8192,B,SAC,8192,completed,,True,90e40d212b5faaff644e0041eeef92c0b0056ce9a834095a047948a1d5e42529,0ed9091f1ab96d24ef5fbd41d0d080668623e954e4f15e4a277f1c217e825eb9,6f03d3da3ed6ecbe918c5a7f9aa35cb9abfb2b83,b347ab4de114952492abe23dd0ef008b1399ee85a53cf0921879dcadc8561ccf,23c72626d754d28094ccb5af484414613b3ad82b10810b7d4118795ebd2dd7be,1,False,1044.2427109340206
p12v4m6-B-sac-s16384,B,SAC,16384,completed,,True,90e40d212b5faaff644e0041eeef92c0b0056ce9a834095a047948a1d5e42529,0ed9091f1ab96d24ef5fbd41d0d080668623e954e4f15e4a277f1c217e825eb9,6f03d3da3ed6ecbe918c5a7f9aa35cb9abfb2b83,eb84891d9126f2dc8ac3557b79875278e922fdeb18cb877af7d17c55db6468df,bc3f9d6740f9edf58139365b8296f6c26665ef8b5137ce2a1ac627d4ae8e3f4b,1,False,861.9375997489551
p12v4m6-B-td3-s1024,B,TD3,1024,completed,,True,90e40d212b5faaff644e0041eeef92c0b0056ce9a834095a047948a1d5e42529,0ed9091f1ab96d24ef5fbd41d0d080668623e954e4f15e4a277f1c217e825eb9,6f03d3da3ed6ecbe918c5a7f9aa35cb9abfb2b83,91ddf1a5a8bc8545e1ec137f984cf4b4eeee1364b393dc2377b59a63348ecb82,abb74400d7aff533e3b9daf7111ed0d0d84d9363e050bc79aba543af9962e4f9,1,False,575.671505756909
p12v4m6-B-td3-s2048,B,TD3,2048,completed,,True,90e40d212b5faaff644e0041eeef92c0b0056ce9a834095a047948a1d5e42529,0ed9091f1ab96d24ef5fbd41d0d080668623e954e4f15e4a277f1c217e825eb9,6f03d3da3ed6ecbe918c5a7f9aa35cb9abfb2b83,cf4235ab55335c076ce8e7ca1b64444c0d6dbd71f03290190f76312e1885f370,1b9b5db2bcf5593e06b6d09d0dab39ee9adaa6260c1d97b92b440e7f8c04d5bf,1,False,494.5525738960132
p12v4m6-B-td3-s4096,B,TD3,4096,completed,,True,90e40d212b5faaff644e0041eeef92c0b0056ce9a834095a047948a1d5e42529,0ed9091f1ab96d24ef5fbd41d0d080668623e954e4f15e4a277f1c217e825eb9,6f03d3da3ed6ecbe918c5a7f9aa35cb9abfb2b83,8210f01b1b9340ad043255680622747575141b34db3a205911a57a27a308c2bb,1967c9dbb59bfd76dbd9b05dcd0b9b2c8a3e5239fe31da4615ca06a03d5b35b3,1,False,574.0914271420334
p12v4m6-B-td3-s8192,B,TD3,8192,completed,,True,90e40d212b5faaff644e0041eeef92c0b0056ce9a834095a047948a1d5e42529,0ed9091f1ab96d24ef5fbd41d0d080668623e954e4f15e4a277f1c217e825eb9,6f03d3da3ed6ecbe918c5a7f9aa35cb9abfb2b83,ff21ba03b63a038c92d31312d2fbbe2506072794596c9e8ff802dbd07ac54564,6789b18b03e4aa8af73dceab4d416e4d70d5831784d2c7a69292d761d3e5ed5d,1,False,566.1487332390388
p12v4m6-B-td3-s16384,B,TD3,16384,completed,,True,90e40d212b5faaff644e0041eeef92c0b0056ce9a834095a047948a1d5e42529,0ed9091f1ab96d24ef5fbd41d0d080668623e954e4f15e4a277f1c217e825eb9,6f03d3da3ed6ecbe918c5a7f9aa35cb9abfb2b83,10cada944195930d6f1801218452fb2e69ecf3817335dc3bdca49b6b66ef9b14,33dbf9da14aeed078c181c741f1d3c6c2d0ddd9e7f9f39b7cbaa88f539e20b61,1,False,570.4824753790163
p12v4m6-C-cn_hk_jp_to_us-s1024,C,CN+HK+JP_to_US,1024,completed,,True,90e40d212b5faaff644e0041eeef92c0b0056ce9a834095a047948a1d5e42529,0ed9091f1ab96d24ef5fbd41d0d080668623e954e4f15e4a277f1c217e825eb9,6f03d3da3ed6ecbe918c5a7f9aa35cb9abfb2b83,,baf55c6f074b0a76ccb7a6edd264c049f9df33775d7845d826ae5b56e3fd3f86,1,False,213.57839361391962
p12v4m6-C-cn_hk_jp_to_us-s2048,C,CN+HK+JP_to_US,2048,completed,,True,90e40d212b5faaff644e0041eeef92c0b0056ce9a834095a047948a1d5e42529,0ed9091f1ab96d24ef5fbd41d0d080668623e954e4f15e4a277f1c217e825eb9,6f03d3da3ed6ecbe918c5a7f9aa35cb9abfb2b83,,1e9d2606260459d7c823e563f65bafb1197339630ab52cc2628d85605bd8cb5d,1,False,190.64431975304615
p12v4m6-C-cn_hk_jp_to_us-s4096,C,CN+HK+JP_to_US,4096,completed,,True,90e40d212b5faaff644e0041eeef92c0b0056ce9a834095a047948a1d5e42529,0ed9091f1ab96d24ef5fbd41d0d080668623e954e4f15e4a277f1c217e825eb9,6f03d3da3ed6ecbe918c5a7f9aa35cb9abfb2b83,,df574b08b3710f5816078a6f5917eda9ab352a68f60e964606ddb9f5de6f359b,1,False,212.24009517906234
p12v4m6-C-cn_hk_jp_to_us-s8192,C,CN+HK+JP_to_US,8192,completed,,True,90e40d212b5faaff644e0041eeef92c0b0056ce9a834095a047948a1d5e42529,0ed9091f1ab96d24ef5fbd41d0d080668623e954e4f15e4a277f1c217e825eb9,6f03d3da3ed6ecbe918c5a7f9aa35cb9abfb2b83,,fd982360feac46a02ecc472f3c25b7038152f55fad43fac7e994b48f391b8851,1,False,178.50885619898327
p12v4m6-C-cn_hk_jp_to_us-s16384,C,CN+HK+JP_to_US,16384,completed,,True,90e40d212b5faaff644e0041eeef92c0b0056ce9a834095a047948a1d5e42529,0ed9091f1ab96d24ef5fbd41d0d080668623e954e4f15e4a277f1c217e825eb9,6f03d3da3ed6ecbe918c5a7f9aa35cb9abfb2b83,,6570dc7052bceb40835660b33baa9746d2783faf2c2fd7f95d6038cea5dae311,1,False,158.8715707019437
p12v4m6-C-cn_hk_us_to_jp-s1024,C,CN+HK+US_to_JP,1024,completed,,True,90e40d212b5faaff644e0041eeef92c0b0056ce9a834095a047948a1d5e42529,0ed9091f1ab96d24ef5fbd41d0d080668623e954e4f15e4a277f1c217e825eb9,6f03d3da3ed6ecbe918c5a7f9aa35cb9abfb2b83,,3d039350bf69840537218514d93e021c63b2e582570e44185632a7c975b0e206,1,False,231.6975180420559
p12v4m6-C-cn_hk_us_to_jp-s2048,C,CN+HK+US_to_JP,2048,completed,,True,90e40d212b5faaff644e0041eeef92c0b0056ce9a834095a047948a1d5e42529,0ed9091f1ab96d24ef5fbd41d0d080668623e954e4f15e4a277f1c217e825eb9,6f03d3da3ed6ecbe918c5a7f9aa35cb9abfb2b83,,c73b371b478451fb0eb822c5c71809f00747054c071b8c6b79efb4836230ddd7,1,False,231.1743812239729
p12v4m6-C-cn_hk_us_to_jp-s4096,C,CN+HK+US_to_JP,4096,completed,,True,90e40d212b5faaff644e0041eeef92c0b0056ce9a834095a047948a1d5e42529,0ed9091f1ab96d24ef5fbd41d0d080668623e954e4f15e4a277f1c217e825eb9,6f03d3da3ed6ecbe918c5a7f9aa35cb9abfb2b83,,0f18bb92c29b4fc80e4f3957dfb13f7ca33f3f120bcdc346486edbbc8593946f,1,False,176.45405908999965
p12v4m6-C-cn_hk_us_to_jp-s8192,C,CN+HK+US_to_JP,8192,completed,,True,90e40d212b5faaff644e0041eeef92c0b0056ce9a834095a047948a1d5e42529,0ed9091f1ab96d24ef5fbd41d0d080668623e954e4f15e4a277f1c217e825eb9,6f03d3da3ed6ecbe918c5a7f9aa35cb9abfb2b83,,dcff49b91ac9670b5ec967c24e3fd2badddf8e11a0ac9d2e2ad923345f93a5ff,1,False,149.01001268893015
p12v4m6-C-cn_hk_us_to_jp-s16384,C,CN+HK+US_to_JP,16384,completed,,True,90e40d212b5faaff644e0041eeef92c0b0056ce9a834095a047948a1d5e42529,0ed9091f1ab96d24ef5fbd41d0d080668623e954e4f15e4a277f1c217e825eb9,6f03d3da3ed6ecbe918c5a7f9aa35cb9abfb2b83,,ca0397deab33e8ca371e86631c077ce419999e182cf559e61a60f209920837d7,1,False,235.40611803205684
p12v4m6-C-cn_jp_us_to_hk-s1024,C,CN+JP+US_to_HK,1024,completed,,True,90e40d212b5faaff644e0041eeef92c0b0056ce9a834095a047948a1d5e42529,0ed9091f1ab96d24ef5fbd41d0d080668623e954e4f15e4a277f1c217e825eb9,6f03d3da3ed6ecbe918c5a7f9aa35cb9abfb2b83,,482efd57e717844ef16a0a222bb52873b5c09bb16919a30109da08b7a17de3b0,1,False,206.90379052201752
p12v4m6-C-cn_jp_us_to_hk-s2048,C,CN+JP+US_to_HK,2048,completed,,True,90e40d212b5faaff644e0041eeef92c0b0056ce9a834095a047948a1d5e42529,0ed9091f1ab96d24ef5fbd41d0d080668623e954e4f15e4a277f1c217e825eb9,6f03d3da3ed6ecbe918c5a7f9aa35cb9abfb2b83,,103d7fb4e7d6f4d4bec165a51508b4e81596f2726fdf3dc60176585073529f25,1,False,205.5030239339685
p12v4m6-C-cn_jp_us_to_hk-s4096,C,CN+JP+US_to_HK,4096,completed,,True,90e40d212b5faaff644e0041eeef92c0b0056ce9a834095a047948a1d5e42529,0ed9091f1ab96d24ef5fbd41d0d080668623e954e4f15e4a277f1c217e825eb9,6f03d3da3ed6ecbe918c5a7f9aa35cb9abfb2b83,,78f994773534ac2dc2b521410b0fcbf1c9751faf6f9e12785bb0e72098d5f82b,1,False,217.5233396210242
p12v4m6-C-cn_jp_us_to_hk-s8192,C,CN+JP+US_to_HK,8192,completed,,True,90e40d212b5faaff644e0041eeef92c0b0056ce9a834095a047948a1d5e42529,0ed9091f1ab96d24ef5fbd41d0d080668623e954e4f15e4a277f1c217e825eb9,6f03d3da3ed6ecbe918c5a7f9aa35cb9abfb2b83,,cd811cdc18cac5beddcb65fdf7ca2634747ac4a4de0a9ada40740afa6033e25d,1,False,216.69540172698908
p12v4m6-C-cn_jp_us_to_hk-s16384,C,CN+JP+US_to_HK,16384,completed,,True,90e40d212b5faaff644e0041eeef92c0b0056ce9a834095a047948a1d5e42529,0ed9091f1ab96d24ef5fbd41d0d080668623e954e4f15e4a277f1c217e825eb9,6f03d3da3ed6ecbe918c5a7f9aa35cb9abfb2b83,,335a4e360372792a897f1de8fe3f47f1f76af9b95fc2c3465931558eef949c20,1,False,234.99674509605393
p12v4m6-C-hk_jp_us_to_cn-s1024,C,HK+JP+US_to_CN,1024,completed,,True,90e40d212b5faaff644e0041eeef92c0b0056ce9a834095a047948a1d5e42529,0ed9091f1ab96d24ef5fbd41d0d080668623e954e4f15e4a277f1c217e825eb9,6f03d3da3ed6ecbe918c5a7f9aa35cb9abfb2b83,,aed0e8c5f1f0ad2debea93a1f5507e6bf5ba7e005de65a5d3ed5c1ab79e0d332,1,False,198.94542296009604
p12v4m6-C-hk_jp_us_to_cn-s2048,C,HK+JP+US_to_CN,2048,completed,,True,90e40d212b5faaff644e0041eeef92c0b0056ce9a834095a047948a1d5e42529,0ed9091f1ab96d24ef5fbd41d0d080668623e954e4f15e4a277f1c217e825eb9,6f03d3da3ed6ecbe918c5a7f9aa35cb9abfb2b83,,7937a638b6b76df993a3289f4ea433338b9b5b1543a4ea38d5b6918cff14468a,1,False,153.22607344202697
p12v4m6-C-hk_jp_us_to_cn-s4096,C,HK+JP+US_to_CN,4096,completed,,True,90e40d212b5faaff644e0041eeef92c0b0056ce9a834095a047948a1d5e42529,0ed9091f1ab96d24ef5fbd41d0d080668623e954e4f15e4a277f1c217e825eb9,6f03d3da3ed6ecbe918c5a7f9aa35cb9abfb2b83,,b4fa32645868e50987f6661d008242cc45ff5192ea9d0a93f1e7aec58b811b63,1,False,150.08353009994607
p12v4m6-C-hk_jp_us_to_cn-s8192,C,HK+JP+US_to_CN,8192,completed,,True,90e40d212b5faaff644e0041eeef92c0b0056ce9a834095a047948a1d5e42529,0ed9091f1ab96d24ef5fbd41d0d080668623e954e4f15e4a277f1c217e825eb9,6f03d3da3ed6ecbe918c5a7f9aa35cb9abfb2b83,,54fb043c4f2d08cccab8171cc7ed8445ee315f54c98ec8ed011e3df146b7aec0,1,False,209.2769295150647
p12v4m6-C-hk_jp_us_to_cn-s16384,C,HK+JP+US_to_CN,16384,completed,,True,90e40d212b5faaff644e0041eeef92c0b0056ce9a834095a047948a1d5e42529,0ed9091f1ab96d24ef5fbd41d0d080668623e954e4f15e4a277f1c217e825eb9,6f03d3da3ed6ecbe918c5a7f9aa35cb9abfb2b83,,b51b53ca20045ee7d9ddee5521a24d85802136085c9d96d55f3670a83cd4a93d,1,False,226.7966859320877
p12v4m6-C-single_market-s1024,C,single_market,1024,completed,,True,90e40d212b5faaff644e0041eeef92c0b0056ce9a834095a047948a1d5e42529,0ed9091f1ab96d24ef5fbd41d0d080668623e954e4f15e4a277f1c217e825eb9,6f03d3da3ed6ecbe918c5a7f9aa35cb9abfb2b83,,94a9af255da9c223ff2b9aa748759a60c7a197224cf61c298adc63e6a5f22a31,4,False,872.4255428899778
p12v4m6-C-single_market-s2048,C,single_market,2048,completed,,True,90e40d212b5faaff644e0041eeef92c0b0056ce9a834095a047948a1d5e42529,0ed9091f1ab96d24ef5fbd41d0d080668623e954e4f15e4a277f1c217e825eb9,6f03d3da3ed6ecbe918c5a7f9aa35cb9abfb2b83,,db410a6fc93fc9f2f6056714db1575428385b69ea2f9cdd80332cadb16e514a6,4,False,776.3656713910168
p12v4m6-C-single_market-s4096,C,single_market,4096,completed,,True,90e40d212b5faaff644e0041eeef92c0b0056ce9a834095a047948a1d5e42529,0ed9091f1ab96d24ef5fbd41d0d080668623e954e4f15e4a277f1c217e825eb9,6f03d3da3ed6ecbe918c5a7f9aa35cb9abfb2b83,,21fa67f4bdfdf48e7223edec7ff7b691c65a5c59516d0deefc3176a26d6508ca,4,False,802.1279140459374
p12v4m6-C-single_market-s8192,C,single_market,8192,completed,,True,90e40d212b5faaff644e0041eeef92c0b0056ce9a834095a047948a1d5e42529,0ed9091f1ab96d24ef5fbd41d0d080668623e954e4f15e4a277f1c217e825eb9,6f03d3da3ed6ecbe918c5a7f9aa35cb9abfb2b83,,480fdfc650344a04e2929c60dc257bad86bad6f90f743962ff88bc70f70710bb,4,False,789.0130470640725
p12v4m6-C-single_market-s16384,C,single_market,16384,completed,,True,90e40d212b5faaff644e0041eeef92c0b0056ce9a834095a047948a1d5e42529,0ed9091f1ab96d24ef5fbd41d0d080668623e954e4f15e4a277f1c217e825eb9,6f03d3da3ed6ecbe918c5a7f9aa35cb9abfb2b83,,feceb4f5bd3b729be6ed0f80cb9569f1d7551b5d60a4511fb0ae504e69a2c671,4,False,666.8298834790476
p12v4m6-C-joint_market-s1024,C,joint_market,1024,completed,,True,90e40d212b5faaff644e0041eeef92c0b0056ce9a834095a047948a1d5e42529,0ed9091f1ab96d24ef5fbd41d0d080668623e954e4f15e4a277f1c217e825eb9,6f03d3da3ed6ecbe918c5a7f9aa35cb9abfb2b83,,aa9f588bd0c563b21dedf988f63eb4a5111e0fc7b2fa6800ee8f891c2adced12,1,False,217.13056856906042
p12v4m6-C-joint_market-s2048,C,joint_market,2048,completed,,True,90e40d212b5faaff644e0041eeef92c0b0056ce9a834095a047948a1d5e42529,0ed9091f1ab96d24ef5fbd41d0d080668623e954e4f15e4a277f1c217e825eb9,6f03d3da3ed6ecbe918c5a7f9aa35cb9abfb2b83,,ef0d5a03ed4717edd4aad89469ef7edbaf78eb64fd96baeeef796e468d444ffe,1,False,252.4842702910537
p12v4m6-C-joint_market-s4096,C,joint_market,4096,completed,,True,90e40d212b5faaff644e0041eeef92c0b0056ce9a834095a047948a1d5e42529,0ed9091f1ab96d24ef5fbd41d0d080668623e954e4f15e4a277f1c217e825eb9,6f03d3da3ed6ecbe918c5a7f9aa35cb9abfb2b83,,5ea477bf40445eed50a241bd4e5ecaef4096e6d1474c4bfe605f3eaa388b3380,1,False,241.0771408219589
p12v4m6-C-joint_market-s8192,C,joint_market,8192,completed,,True,90e40d212b5faaff644e0041eeef92c0b0056ce9a834095a047948a1d5e42529,0ed9091f1ab96d24ef5fbd41d0d080668623e954e4f15e4a277f1c217e825eb9,6f03d3da3ed6ecbe918c5a7f9aa35cb9abfb2b83,,f2281a42318a79b62d75f49566d03d984a08937d1e0f83d42960145982449def,1,False,220.68493324005976
p12v4m6-C-joint_market-s16384,C,joint_market,16384,completed,,True,90e40d212b5faaff644e0041eeef92c0b0056ce9a834095a047948a1d5e42529,0ed9091f1ab96d24ef5fbd41d0d080668623e954e4f15e4a277f1c217e825eb9,6f03d3da3ed6ecbe918c5a7f9aa35cb9abfb2b83,,84dfb287cce222d1c613bb442049d81a76c0399a7da0b1ccc5b24f3e57c80f60,1,False,252.38696217699908
p12v4m6-C-unseen_stock-s1024,C,unseen_stock,1024,completed,,True,90e40d212b5faaff644e0041eeef92c0b0056ce9a834095a047948a1d5e42529,0ed9091f1ab96d24ef5fbd41d0d080668623e954e4f15e4a277f1c217e825eb9,6f03d3da3ed6ecbe918c5a7f9aa35cb9abfb2b83,,266cf8ce4c2d715b60f3ea2441d30361884ccc7020f630c23007b61aadbd6fb7,1,False,221.9056921399897
p12v4m6-C-unseen_stock-s2048,C,unseen_stock,2048,completed,,True,90e40d212b5faaff644e0041eeef92c0b0056ce9a834095a047948a1d5e42529,0ed9091f1ab96d24ef5fbd41d0d080668623e954e4f15e4a277f1c217e825eb9,6f03d3da3ed6ecbe918c5a7f9aa35cb9abfb2b83,,a1cd9f30cf9c1184cf170d8f0fa66138ca06edb8ab0bb345b46b4543ad1ea849,1,False,249.7259030319983
p12v4m6-C-unseen_stock-s4096,C,unseen_stock,4096,completed,,True,90e40d212b5faaff644e0041eeef92c0b0056ce9a834095a047948a1d5e42529,0ed9091f1ab96d24ef5fbd41d0d080668623e954e4f15e4a277f1c217e825eb9,6f03d3da3ed6ecbe918c5a7f9aa35cb9abfb2b83,,676a4a480674e48eb828d72efffc98b6cc5d00020f6beb115991fb71815febab,1,False,241.04877637908794
p12v4m6-C-unseen_stock-s8192,C,unseen_stock,8192,completed,,True,90e40d212b5faaff644e0041eeef92c0b0056ce9a834095a047948a1d5e42529,0ed9091f1ab96d24ef5fbd41d0d080668623e954e4f15e4a277f1c217e825eb9,6f03d3da3ed6ecbe918c5a7f9aa35cb9abfb2b83,,896c5d812182aae34e25bf4ba8a4c2be0deef38f600f9c544c42bfec72e55b26,1,False,229.00889516004827
p12v4m6-C-unseen_stock-s16384,C,unseen_stock,16384,completed,,True,90e40d212b5faaff644e0041eeef92c0b0056ce9a834095a047948a1d5e42529,0ed9091f1ab96d24ef5fbd41d0d080668623e954e4f15e4a277f1c217e825eb9,6f03d3da3ed6ecbe918c5a7f9aa35cb9abfb2b83,,d1236ce08ec86efa1f2e410f16a4fe16d1161a58d325849fa8513fafb789882f,1,False,242.14520989300217
p12v4m6-C-leave_one_market_out-s1024,C,leave_one_market_out,1024,completed,,True,90e40d212b5faaff644e0041eeef92c0b0056ce9a834095a047948a1d5e42529,0ed9091f1ab96d24ef5fbd41d0d080668623e954e4f15e4a277f1c217e825eb9,6f03d3da3ed6ecbe918c5a7f9aa35cb9abfb2b83,,77a5824d2438a4c88e9f643cd040f0214f8f9eac8da0579745bf7bcd5da1d390,4,False,780.0440408219583
p12v4m6-C-leave_one_market_out-s2048,C,leave_one_market_out,2048,completed,,True,90e40d212b5faaff644e0041eeef92c0b0056ce9a834095a047948a1d5e42529,0ed9091f1ab96d24ef5fbd41d0d080668623e954e4f15e4a277f1c217e825eb9,6f03d3da3ed6ecbe918c5a7f9aa35cb9abfb2b83,,a9b2460fdfc56e7c20fcbc08d91ee70ff7994dc74a830e7c1a749700736888c6,4,False,769.4682960789651
p12v4m6-C-leave_one_market_out-s4096,C,leave_one_market_out,4096,completed,,True,90e40d212b5faaff644e0041eeef92c0b0056ce9a834095a047948a1d5e42529,0ed9091f1ab96d24ef5fbd41d0d080668623e954e4f15e4a277f1c217e825eb9,6f03d3da3ed6ecbe918c5a7f9aa35cb9abfb2b83,,21e29e5d482dee676a37d085035775ba9c1cd7834738063a645e307c735ec09a,4,False,749.9053942799801
p12v4m6-C-leave_one_market_out-s8192,C,leave_one_market_out,8192,completed,,True,90e40d212b5faaff644e0041eeef92c0b0056ce9a834095a047948a1d5e42529,0ed9091f1ab96d24ef5fbd41d0d080668623e954e4f15e4a277f1c217e825eb9,6f03d3da3ed6ecbe918c5a7f9aa35cb9abfb2b83,,20bde32bfa6c269ee3a8ea614810fbc76ac896e964fcb2b73ea0c2f05e25f0fe,4,False,761.0203565689735
p12v4m6-C-leave_one_market_out-s16384,C,leave_one_market_out,16384,completed,,True,90e40d212b5faaff644e0041eeef92c0b0056ce9a834095a047948a1d5e42529,0ed9091f1ab96d24ef5fbd41d0d080668623e954e4f15e4a277f1c217e825eb9,6f03d3da3ed6ecbe918c5a7f9aa35cb9abfb2b83,,8ad0e3d25e42d68aa901a7a215305f9b25a4116f794fcaed338f51ecc47ef9a9,4,False,845.6954964280594
p12v4m6-C-market_rule_sensitivity-s1024,C,market_rule_sensitivity,1024,completed,,True,90e40d212b5faaff644e0041eeef92c0b0056ce9a834095a047948a1d5e42529,0ed9091f1ab96d24ef5fbd41d0d080668623e954e4f15e4a277f1c217e825eb9,6f03d3da3ed6ecbe918c5a7f9aa35cb9abfb2b83,,174d1020ff56090467f6337b7c08ddf6631eda68421187a707fa4fb0cce71814,1,False,227.87117312091868
p12v4m6-C-market_rule_sensitivity-s2048,C,market_rule_sensitivity,2048,completed,,True,90e40d212b5faaff644e0041eeef92c0b0056ce9a834095a047948a1d5e42529,0ed9091f1ab96d24ef5fbd41d0d080668623e954e4f15e4a277f1c217e825eb9,6f03d3da3ed6ecbe918c5a7f9aa35cb9abfb2b83,,ad75f7c6e261b94974148ef4a73f16d24a1a17db772668c0f8c5d9b4e1d9c416,1,False,243.01680766104255
p12v4m6-C-market_rule_sensitivity-s4096,C,market_rule_sensitivity,4096,completed,,True,90e40d212b5faaff644e0041eeef92c0b0056ce9a834095a047948a1d5e42529,0ed9091f1ab96d24ef5fbd41d0d080668623e954e4f15e4a277f1c217e825eb9,6f03d3da3ed6ecbe918c5a7f9aa35cb9abfb2b83,,725a4ec689d2875dc8d2d4db073be5f4f51a8c7c7f3251836982b935f986b04f,1,False,245.68971042195335
p12v4m6-C-market_rule_sensitivity-s8192,C,market_rule_sensitivity,8192,completed,,True,90e40d212b5faaff644e0041eeef92c0b0056ce9a834095a047948a1d5e42529,0ed9091f1ab96d24ef5fbd41d0d080668623e954e4f15e4a277f1c217e825eb9,6f03d3da3ed6ecbe918c5a7f9aa35cb9abfb2b83,,475b1953445f5ae4bd1664143fc507f57e82af6c287186908c2a717336d5d251,1,False,224.63715699093882
p12v4m6-C-market_rule_sensitivity-s16384,C,market_rule_sensitivity,16384,completed,,True,90e40d212b5faaff644e0041eeef92c0b0056ce9a834095a047948a1d5e42529,0ed9091f1ab96d24ef5fbd41d0d080668623e954e4f15e4a277f1c217e825eb9,6f03d3da3ed6ecbe918c5a7f9aa35cb9abfb2b83,,da37b3e0a2cfab4d41c1a715839cb967bf02ce162a23a7d280cf29271afe5be7,1,False,218.31601666507777
p12v4m6-D-no_transaction_cost-s1024,D,no_transaction_cost,1024,completed,,True,90e40d212b5faaff644e0041eeef92c0b0056ce9a834095a047948a1d5e42529,0ed9091f1ab96d24ef5fbd41d0d080668623e954e4f15e4a277f1c217e825eb9,6f03d3da3ed6ecbe918c5a7f9aa35cb9abfb2b83,e172573c62ee808eed032dc365e07a50dc4487ba3a16b610a73559c9f5d35239,db0c0d8deca5cb9b4f09c05d6722a34b48b4b0ddb92701191be4ee31b42e669f,2,False,2.2401834510965273
p12v4m6-D-no_transaction_cost-s2048,D,no_transaction_cost,2048,completed,,True,90e40d212b5faaff644e0041eeef92c0b0056ce9a834095a047948a1d5e42529,0ed9091f1ab96d24ef5fbd41d0d080668623e954e4f15e4a277f1c217e825eb9,6f03d3da3ed6ecbe918c5a7f9aa35cb9abfb2b83,e172573c62ee808eed032dc365e07a50dc4487ba3a16b610a73559c9f5d35239,110823e8c60a274be75275d7bdb8ca4c7f4cbcf27998b86a90e59417142102d8,2,False,2.2441113129025325
p12v4m6-D-no_transaction_cost-s4096,D,no_transaction_cost,4096,completed,,True,90e40d212b5faaff644e0041eeef92c0b0056ce9a834095a047948a1d5e42529,0ed9091f1ab96d24ef5fbd41d0d080668623e954e4f15e4a277f1c217e825eb9,6f03d3da3ed6ecbe918c5a7f9aa35cb9abfb2b83,e172573c62ee808eed032dc365e07a50dc4487ba3a16b610a73559c9f5d35239,b5804d60dbd2323639621c40b478dc80f6f01199194f38cdc3f2835526465a20,2,False,2.1470943769672886
p12v4m6-D-no_transaction_cost-s8192,D,no_transaction_cost,8192,completed,,True,90e40d212b5faaff644e0041eeef92c0b0056ce9a834095a047948a1d5e42529,0ed9091f1ab96d24ef5fbd41d0d080668623e954e4f15e4a277f1c217e825eb9,6f03d3da3ed6ecbe918c5a7f9aa35cb9abfb2b83,e172573c62ee808eed032dc365e07a50dc4487ba3a16b610a73559c9f5d35239,8a1be985c59c0dae8927c5c434a77321f689d3faaf854f0bcbc52957fdc34ef4,2,False,2.271663944935426
p12v4m6-D-no_transaction_cost-s16384,D,no_transaction_cost,16384,completed,,True,90e40d212b5faaff644e0041eeef92c0b0056ce9a834095a047948a1d5e42529,0ed9091f1ab96d24ef5fbd41d0d080668623e954e4f15e4a277f1c217e825eb9,6f03d3da3ed6ecbe918c5a7f9aa35cb9abfb2b83,e172573c62ee808eed032dc365e07a50dc4487ba3a16b610a73559c9f5d35239,b540b7597a02285ad4a6e60b75b8628e371e032d8884f81eee4ca22570069437,2,False,2.0534638799726963
p12v4m6-D-no_slippage-s1024,D,no_slippage,1024,completed,,True,90e40d212b5faaff644e0041eeef92c0b0056ce9a834095a047948a1d5e42529,0ed9091f1ab96d24ef5fbd41d0d080668623e954e4f15e4a277f1c217e825eb9,6f03d3da3ed6ecbe918c5a7f9aa35cb9abfb2b83,50582ff3ba284421a955f52dd6a57e272028720b10019979edfa0f7cbbb66c16,d741806ee3e20b4c3b88d0461fb6c2d6f6de13d7a8ae04bace2ca5136467707c,2,False,2.2035699089756235
p12v4m6-D-no_slippage-s2048,D,no_slippage,2048,completed,,True,90e40d212b5faaff644e0041eeef92c0b0056ce9a834095a047948a1d5e42529,0ed9091f1ab96d24ef5fbd41d0d080668623e954e4f15e4a277f1c217e825eb9,6f03d3da3ed6ecbe918c5a7f9aa35cb9abfb2b83,50582ff3ba284421a955f52dd6a57e272028720b10019979edfa0f7cbbb66c16,5fbfbbaecc04662aa606ac387d6dc5122895f90f9c1057584061eb72f1bcafaa,2,False,2.23334292601794
p12v4m6-D-no_slippage-s4096,D,no_slippage,4096,completed,,True,90e40d212b5faaff644e0041eeef92c0b0056ce9a834095a047948a1d5e42529,0ed9091f1ab96d24ef5fbd41d0d080668623e954e4f15e4a277f1c217e825eb9,6f03d3da3ed6ecbe918c5a7f9aa35cb9abfb2b83,50582ff3ba284421a955f52dd6a57e272028720b10019979edfa0f7cbbb66c16,45f9a601ef818e4df4e86e7c328f27099cd4b5b4ca0b7081188a1175ba835bed,2,False,2.101433628005907
p12v4m6-D-no_slippage-s8192,D,no_slippage,8192,completed,,True,90e40d212b5faaff644e0041eeef92c0b0056ce9a834095a047948a1d5e42529,0ed9091f1ab96d24ef5fbd41d0d080668623e954e4f15e4a277f1c217e825eb9,6f03d3da3ed6ecbe918c5a7f9aa35cb9abfb2b83,50582ff3ba284421a955f52dd6a57e272028720b10019979edfa0f7cbbb66c16,fbdf9e722131ffa2cc3702709c5c8c733a455ea4b067a89a1ecca27cb404f29f,2,False,2.1459345140028745
p12v4m6-D-no_slippage-s16384,D,no_slippage,16384,completed,,True,90e40d212b5faaff644e0041eeef92c0b0056ce9a834095a047948a1d5e42529,0ed9091f1ab96d24ef5fbd41d0d080668623e954e4f15e4a277f1c217e825eb9,6f03d3da3ed6ecbe918c5a7f9aa35cb9abfb2b83,50582ff3ba284421a955f52dd6a57e272028720b10019979edfa0f7cbbb66c16,b57b9dd86e7308dee7ede238a83e3654612a39e576f5a9417bad95a429be799a,2,False,2.0743667059578
p12v4m6-D-no_t_plus_one-s1024,D,no_t_plus_one,1024,completed,,True,90e40d212b5faaff644e0041eeef92c0b0056ce9a834095a047948a1d5e42529,0ed9091f1ab96d24ef5fbd41d0d080668623e954e4f15e4a277f1c217e825eb9,6f03d3da3ed6ecbe918c5a7f9aa35cb9abfb2b83,882d56623ac17104caa6abba7cad303354b141ca4e1458a7305fcfa8be650327,fb2a1e39b7bbb023c19f178007b644fbaee0ec5b2c3dc51c8e11e7ff4a856cb8,2,False,2.449347869027406
p12v4m6-D-no_t_plus_one-s2048,D,no_t_plus_one,2048,completed,,True,90e40d212b5faaff644e0041eeef92c0b0056ce9a834095a047948a1d5e42529,0ed9091f1ab96d24ef5fbd41d0d080668623e954e4f15e4a277f1c217e825eb9,6f03d3da3ed6ecbe918c5a7f9aa35cb9abfb2b83,882d56623ac17104caa6abba7cad303354b141ca4e1458a7305fcfa8be650327,0ae19c8850126face3de21b34415b2fe09d5072731af2130db3539a8054665c3,2,False,2.0470699430443347
p12v4m6-D-no_t_plus_one-s4096,D,no_t_plus_one,4096,completed,,True,90e40d212b5faaff644e0041eeef92c0b0056ce9a834095a047948a1d5e42529,0ed9091f1ab96d24ef5fbd41d0d080668623e954e4f15e4a277f1c217e825eb9,6f03d3da3ed6ecbe918c5a7f9aa35cb9abfb2b83,882d56623ac17104caa6abba7cad303354b141ca4e1458a7305fcfa8be650327,89a94550544a2c81cc28faa72dc8d27fc892926912079436defc5da4f31e47dc,2,False,2.157515706960112
p12v4m6-D-no_t_plus_one-s8192,D,no_t_plus_one,8192,completed,,True,90e40d212b5faaff644e0041eeef92c0b0056ce9a834095a047948a1d5e42529,0ed9091f1ab96d24ef5fbd41d0d080668623e954e4f15e4a277f1c217e825eb9,6f03d3da3ed6ecbe918c5a7f9aa35cb9abfb2b83,882d56623ac17104caa6abba7cad303354b141ca4e1458a7305fcfa8be650327,251f35abcd189b75d080b06c5234cd30dcc40de20484a5abd741a808c0594e5b,2,False,2.101395497098565
p12v4m6-D-no_t_plus_one-s16384,D,no_t_plus_one,16384,completed,,True,90e40d212b5faaff644e0041eeef92c0b0056ce9a834095a047948a1d5e42529,0ed9091f1ab96d24ef5fbd41d0d080668623e954e4f15e4a277f1c217e825eb9,6f03d3da3ed6ecbe918c5a7f9aa35cb9abfb2b83,882d56623ac17104caa6abba7cad303354b141ca4e1458a7305fcfa8be650327,077756ffcbca4ec5a996af1827d685b2a8b7618a7b412941413740d7248f4b37,2,False,2.103728772024624
p12v4m6-D-no_price_limits-s1024,D,no_price_limits,1024,completed,,True,90e40d212b5faaff644e0041eeef92c0b0056ce9a834095a047948a1d5e42529,0ed9091f1ab96d24ef5fbd41d0d080668623e954e4f15e4a277f1c217e825eb9,6f03d3da3ed6ecbe918c5a7f9aa35cb9abfb2b83,7e6840d6ce505e7a8a182610a281a10d13688c3a9ee110191062804e170ec5e0,04a1823c6fc8cb0f33f84b77f4dabeda0165f53ce2e2ef65385429a81d1255e6,2,False,2.10966231697239
p12v4m6-D-no_price_limits-s2048,D,no_price_limits,2048,completed,,True,90e40d212b5faaff644e0041eeef92c0b0056ce9a834095a047948a1d5e42529,0ed9091f1ab96d24ef5fbd41d0d080668623e954e4f15e4a277f1c217e825eb9,6f03d3da3ed6ecbe918c5a7f9aa35cb9abfb2b83,7e6840d6ce505e7a8a182610a281a10d13688c3a9ee110191062804e170ec5e0,92303f1aadebd5184fd8d829713bbeecf4b2e23abe31dee8fd98a2566595017d,2,False,2.321019071037881
p12v4m6-D-no_price_limits-s4096,D,no_price_limits,4096,completed,,True,90e40d212b5faaff644e0041eeef92c0b0056ce9a834095a047948a1d5e42529,0ed9091f1ab96d24ef5fbd41d0d080668623e954e4f15e4a277f1c217e825eb9,6f03d3da3ed6ecbe918c5a7f9aa35cb9abfb2b83,7e6840d6ce505e7a8a182610a281a10d13688c3a9ee110191062804e170ec5e0,2a3665c1cf766221fae4b18e51d6205eaf57e6ecd446bbc4905ac68ac79822bc,2,False,2.141820458928123
p12v4m6-D-no_price_limits-s8192,D,no_price_limits,8192,completed,,True,90e40d212b5faaff644e0041eeef92c0b0056ce9a834095a047948a1d5e42529,0ed9091f1ab96d24ef5fbd41d0d080668623e954e4f15e4a277f1c217e825eb9,6f03d3da3ed6ecbe918c5a7f9aa35cb9abfb2b83,7e6840d6ce505e7a8a182610a281a10d13688c3a9ee110191062804e170ec5e0,07a7328adbc6635ac544176f8ffe82973727663cc04e3da91a0ea40e0ea5b0c3,2,False,2.10032519698143
p12v4m6-D-no_price_limits-s16384,D,no_price_limits,16384,completed,,True,90e40d212b5faaff644e0041eeef92c0b0056ce9a834095a047948a1d5e42529,0ed9091f1ab96d24ef5fbd41d0d080668623e954e4f15e4a277f1c217e825eb9,6f03d3da3ed6ecbe918c5a7f9aa35cb9abfb2b83,7e6840d6ce505e7a8a182610a281a10d13688c3a9ee110191062804e170ec5e0,0128bb559db628f82f9f36ab970c216b66e82cf4d34c5f53617fa4bbe318bc4e,2,False,2.1974471610737965
p12v4m6-D-no_suspension-s1024,D,no_suspension,1024,completed,,True,90e40d212b5faaff644e0041eeef92c0b0056ce9a834095a047948a1d5e42529,0ed9091f1ab96d24ef5fbd41d0d080668623e954e4f15e4a277f1c217e825eb9,6f03d3da3ed6ecbe918c5a7f9aa35cb9abfb2b83,51f2e0a23814a006aca39c20128c197153d8b20ad458d573f45ac428ae3ae5b8,3704c4d00da2e0ee0edf36aa536e61f0e4d8ce3d94d91b4dd189d65eea4bee85,2,False,2.0657165250740945
p12v4m6-D-no_suspension-s2048,D,no_suspension,2048,completed,,True,90e40d212b5faaff644e0041eeef92c0b0056ce9a834095a047948a1d5e42529,0ed9091f1ab96d24ef5fbd41d0d080668623e954e4f15e4a277f1c217e825eb9,6f03d3da3ed6ecbe918c5a7f9aa35cb9abfb2b83,51f2e0a23814a006aca39c20128c197153d8b20ad458d573f45ac428ae3ae5b8,8595728c3404127d19749ebc128ee39db511b41bf8d43947490e7f192a28bd59,2,False,2.1192046949872747
p12v4m6-D-no_suspension-s4096,D,no_suspension,4096,completed,,True,90e40d212b5faaff644e0041eeef92c0b0056ce9a834095a047948a1d5e42529,0ed9091f1ab96d24ef5fbd41d0d080668623e954e4f15e4a277f1c217e825eb9,6f03d3da3ed6ecbe918c5a7f9aa35cb9abfb2b83,51f2e0a23814a006aca39c20128c197153d8b20ad458d573f45ac428ae3ae5b8,d7d6154376cf7ee900d24b1c44c14cd169f0e7b30cba0dcb100b4a3f2e6bbda6,2,False,2.1106260679662228
p12v4m6-D-no_suspension-s8192,D,no_suspension,8192,completed,,True,90e40d212b5faaff644e0041eeef92c0b0056ce9a834095a047948a1d5e42529,0ed9091f1ab96d24ef5fbd41d0d080668623e954e4f15e4a277f1c217e825eb9,6f03d3da3ed6ecbe918c5a7f9aa35cb9abfb2b83,51f2e0a23814a006aca39c20128c197153d8b20ad458d573f45ac428ae3ae5b8,db0ce0064b123dbf3bb0a9be74e220278959813956073b1fc6edea4723b209c7,2,False,2.164155567996204
p12v4m6-D-no_suspension-s16384,D,no_suspension,16384,completed,,True,90e40d212b5faaff644e0041eeef92c0b0056ce9a834095a047948a1d5e42529,0ed9091f1ab96d24ef5fbd41d0d080668623e954e4f15e4a277f1c217e825eb9,6f03d3da3ed6ecbe918c5a7f9aa35cb9abfb2b83,51f2e0a23814a006aca39c20128c197153d8b20ad458d573f45ac428ae3ae5b8,6d191b2e142637be38a66222110db97355d5f0a77bc1c49c21ad6fa915fd8956,2,False,2.0378393119899556
p12v4m6-D-no_fx_variation-s1024,D,no_fx_variation,1024,completed,,True,90e40d212b5faaff644e0041eeef92c0b0056ce9a834095a047948a1d5e42529,0ed9091f1ab96d24ef5fbd41d0d080668623e954e4f15e4a277f1c217e825eb9,6f03d3da3ed6ecbe918c5a7f9aa35cb9abfb2b83,9b595f19f0caa69b02d337164be68098f7ba3adc39b31cc69c9acdc40e025085,dc918fc2e39d54b06f04ea7973abe0b30559592e1e6d883989ccee84627d5467,2,False,2.046293507097289
p12v4m6-D-no_fx_variation-s2048,D,no_fx_variation,2048,completed,,True,90e40d212b5faaff644e0041eeef92c0b0056ce9a834095a047948a1d5e42529,0ed9091f1ab96d24ef5fbd41d0d080668623e954e4f15e4a277f1c217e825eb9,6f03d3da3ed6ecbe918c5a7f9aa35cb9abfb2b83,9b595f19f0caa69b02d337164be68098f7ba3adc39b31cc69c9acdc40e025085,22affc69a8642a5c30fc909a0b7c4007b5234683eb2801998f4da3b7b9fac110,2,False,2.0170829039998353
p12v4m6-D-no_fx_variation-s4096,D,no_fx_variation,4096,completed,,True,90e40d212b5faaff644e0041eeef92c0b0056ce9a834095a047948a1d5e42529,0ed9091f1ab96d24ef5fbd41d0d080668623e954e4f15e4a277f1c217e825eb9,6f03d3da3ed6ecbe918c5a7f9aa35cb9abfb2b83,9b595f19f0caa69b02d337164be68098f7ba3adc39b31cc69c9acdc40e025085,694cd90f1205471c0cd517b10fe9660f97e89359d079bfbf97bca9f598bdaaeb,2,False,1.992875121999532
p12v4m6-D-no_fx_variation-s8192,D,no_fx_variation,8192,completed,,True,90e40d212b5faaff644e0041eeef92c0b0056ce9a834095a047948a1d5e42529,0ed9091f1ab96d24ef5fbd41d0d080668623e954e4f15e4a277f1c217e825eb9,6f03d3da3ed6ecbe918c5a7f9aa35cb9abfb2b83,9b595f19f0caa69b02d337164be68098f7ba3adc39b31cc69c9acdc40e025085,c17c76082835427b9ba31810e86de62074ac6daacc94ac6846f164d7d9b1474d,2,False,2.198464495013468
p12v4m6-D-no_fx_variation-s16384,D,no_fx_variation,16384,completed,,True,90e40d212b5faaff644e0041eeef92c0b0056ce9a834095a047948a1d5e42529,0ed9091f1ab96d24ef5fbd41d0d080668623e954e4f15e4a277f1c217e825eb9,6f03d3da3ed6ecbe918c5a7f9aa35cb9abfb2b83,9b595f19f0caa69b02d337164be68098f7ba3adc39b31cc69c9acdc40e025085,4e0542d423ad99dd9b0b869fe91dea3f6013c707eed3dc7aea1282f2cc83a4ee,2,False,2.1228683670051396
p12v4m6-D-synchronous_calendar-s1024,D,synchronous_calendar,1024,completed,,True,90e40d212b5faaff644e0041eeef92c0b0056ce9a834095a047948a1d5e42529,0ed9091f1ab96d24ef5fbd41d0d080668623e954e4f15e4a277f1c217e825eb9,6f03d3da3ed6ecbe918c5a7f9aa35cb9abfb2b83,21cea4038b915b206df7bd6ccc96171e6df11e173d741d44edd382387cd9217a,77c6f81540368db10c69306c849e5b87d9619f31f283a7e7f8f84eec6223614d,2,False,2.119686018093489
p12v4m6-D-synchronous_calendar-s2048,D,synchronous_calendar,2048,completed,,True,90e40d212b5faaff644e0041eeef92c0b0056ce9a834095a047948a1d5e42529,0ed9091f1ab96d24ef5fbd41d0d080668623e954e4f15e4a277f1c217e825eb9,6f03d3da3ed6ecbe918c5a7f9aa35cb9abfb2b83,21cea4038b915b206df7bd6ccc96171e6df11e173d741d44edd382387cd9217a,f7e3f470283fa3605f3b863fe0e56890320ed2c6837d5adf7d1ed85f69d7514b,2,False,2.064821204985492
p12v4m6-D-synchronous_calendar-s4096,D,synchronous_calendar,4096,completed,,True,90e40d212b5faaff644e0041eeef92c0b0056ce9a834095a047948a1d5e42529,0ed9091f1ab96d24ef5fbd41d0d080668623e954e4f15e4a277f1c217e825eb9,6f03d3da3ed6ecbe918c5a7f9aa35cb9abfb2b83,21cea4038b915b206df7bd6ccc96171e6df11e173d741d44edd382387cd9217a,73275a54036fb024c6be67e2f84fb550f519404cb71e4102d81107d49cf4e0df,2,False,2.1857792480150238
p12v4m6-D-synchronous_calendar-s8192,D,synchronous_calendar,8192,completed,,True,90e40d212b5faaff644e0041eeef92c0b0056ce9a834095a047948a1d5e42529,0ed9091f1ab96d24ef5fbd41d0d080668623e954e4f15e4a277f1c217e825eb9,6f03d3da3ed6ecbe918c5a7f9aa35cb9abfb2b83,21cea4038b915b206df7bd6ccc96171e6df11e173d741d44edd382387cd9217a,7da8171e5adae24ff69f71de89c0b8191b71f34302d53a9075eef4934999200c,2,False,2.144720565993339
p12v4m6-D-synchronous_calendar-s16384,D,synchronous_calendar,16384,completed,,True,90e40d212b5faaff644e0041eeef92c0b0056ce9a834095a047948a1d5e42529,0ed9091f1ab96d24ef5fbd41d0d080668623e954e4f15e4a277f1c217e825eb9,6f03d3da3ed6ecbe918c5a7f9aa35cb9abfb2b83,21cea4038b915b206df7bd6ccc96171e6df11e173d741d44edd382387cd9217a,299f5cb5a6398c39a263b0ce20ab9a9ce3c5563d6069587344ad5871ffdf6fee,2,False,2.1225029290653765
p12v4m6-D-no_turnover_cap-s1024,D,no_turnover_cap,1024,completed,,True,90e40d212b5faaff644e0041eeef92c0b0056ce9a834095a047948a1d5e42529,0ed9091f1ab96d24ef5fbd41d0d080668623e954e4f15e4a277f1c217e825eb9,6f03d3da3ed6ecbe918c5a7f9aa35cb9abfb2b83,e3970ff6b3a16a24d1bb4e44d4cafeba4ffed7188cdf30ed20690e1dd4696ce8,82e23826384c79dba727e7d5173055b72d0073ccb4c69ded7de8198fddffc828,2,False,2.2102550069103017
p12v4m6-D-no_turnover_cap-s2048,D,no_turnover_cap,2048,completed,,True,90e40d212b5faaff644e0041eeef92c0b0056ce9a834095a047948a1d5e42529,0ed9091f1ab96d24ef5fbd41d0d080668623e954e4f15e4a277f1c217e825eb9,6f03d3da3ed6ecbe918c5a7f9aa35cb9abfb2b83,e3970ff6b3a16a24d1bb4e44d4cafeba4ffed7188cdf30ed20690e1dd4696ce8,0f514e7990be2d6a4a66a80eefc46d1259b57e01c33b7d2505b5e24be628a0b7,2,False,2.23713055299595
p12v4m6-D-no_turnover_cap-s4096,D,no_turnover_cap,4096,completed,,True,90e40d212b5faaff644e0041eeef92c0b0056ce9a834095a047948a1d5e42529,0ed9091f1ab96d24ef5fbd41d0d080668623e954e4f15e4a277f1c217e825eb9,6f03d3da3ed6ecbe918c5a7f9aa35cb9abfb2b83,e3970ff6b3a16a24d1bb4e44d4cafeba4ffed7188cdf30ed20690e1dd4696ce8,881a0508975c7be9ca597f6bcce9aca26dded282f482a0409c31a48f87a9b202,2,False,2.242824526038021
p12v4m6-D-no_turnover_cap-s8192,D,no_turnover_cap,8192,completed,,True,90e40d212b5faaff644e0041eeef92c0b0056ce9a834095a047948a1d5e42529,0ed9091f1ab96d24ef5fbd41d0d080668623e954e4f15e4a277f1c217e825eb9,6f03d3da3ed6ecbe918c5a7f9aa35cb9abfb2b83,e3970ff6b3a16a24d1bb4e44d4cafeba4ffed7188cdf30ed20690e1dd4696ce8,98d71171a89182c8b7fec05b516264fb6dad2b3504c07a057bf215940afda5a3,2,False,2.187931561958976
p12v4m6-D-no_turnover_cap-s16384,D,no_turnover_cap,16384,completed,,True,90e40d212b5faaff644e0041eeef92c0b0056ce9a834095a047948a1d5e42529,0ed9091f1ab96d24ef5fbd41d0d080668623e954e4f15e4a277f1c217e825eb9,6f03d3da3ed6ecbe918c5a7f9aa35cb9abfb2b83,e3970ff6b3a16a24d1bb4e44d4cafeba4ffed7188cdf30ed20690e1dd4696ce8,952e4010713880ce173765b19dfe55fbb888c6ce5c9a7e273ac0cf94680be0ce,2,False,2.2095467220060527
p12v4m6-D-minimum_deterministic_risk_projection-s1024,D,minimum_deterministic_risk_projection,1024,completed,,True,90e40d212b5faaff644e0041eeef92c0b0056ce9a834095a047948a1d5e42529,0ed9091f1ab96d24ef5fbd41d0d080668623e954e4f15e4a277f1c217e825eb9,6f03d3da3ed6ecbe918c5a7f9aa35cb9abfb2b83,27f741d15cbc1aacf20947913595b0a5c1f09e58ae9a18345d45d8a7133316cd,a70e3efd7904fea7957f200c742cccee1676591b04b335dd4dd1a4be9f22f5d7,2,False,2.1834857219364494
p12v4m6-D-minimum_deterministic_risk_projection-s2048,D,minimum_deterministic_risk_projection,2048,completed,,True,90e40d212b5faaff644e0041eeef92c0b0056ce9a834095a047948a1d5e42529,0ed9091f1ab96d24ef5fbd41d0d080668623e954e4f15e4a277f1c217e825eb9,6f03d3da3ed6ecbe918c5a7f9aa35cb9abfb2b83,27f741d15cbc1aacf20947913595b0a5c1f09e58ae9a18345d45d8a7133316cd,9a40f14b9837028eda59262e87c4e0433b7eee9a18d518d86b06931afa238bbb,2,False,2.0822793199913576
p12v4m6-D-minimum_deterministic_risk_projection-s4096,D,minimum_deterministic_risk_projection,4096,completed,,True,90e40d212b5faaff644e0041eeef92c0b0056ce9a834095a047948a1d5e42529,0ed9091f1ab96d24ef5fbd41d0d080668623e954e4f15e4a277f1c217e825eb9,6f03d3da3ed6ecbe918c5a7f9aa35cb9abfb2b83,27f741d15cbc1aacf20947913595b0a5c1f09e58ae9a18345d45d8a7133316cd,0bd7d2f74ac7b99915b9b71c0405175cba92a07cf51a7d43762f47608fd72970,2,False,2.2554318560287356
p12v4m6-D-minimum_deterministic_risk_projection-s8192,D,minimum_deterministic_risk_projection,8192,completed,,True,90e40d212b5faaff644e0041eeef92c0b0056ce9a834095a047948a1d5e42529,0ed9091f1ab96d24ef5fbd41d0d080668623e954e4f15e4a277f1c217e825eb9,6f03d3da3ed6ecbe918c5a7f9aa35cb9abfb2b83,27f741d15cbc1aacf20947913595b0a5c1f09e58ae9a18345d45d8a7133316cd,dfdd38d64f8d3bd16a7cb9bb1fb6461e4f578f455751e0e29addce7d8ff7ec8d,2,False,2.185858299024403
p12v4m6-D-minimum_deterministic_risk_projection-s16384,D,minimum_deterministic_risk_projection,16384,completed,,True,90e40d212b5faaff644e0041eeef92c0b0056ce9a834095a047948a1d5e42529,0ed9091f1ab96d24ef5fbd41d0d080668623e954e4f15e4a277f1c217e825eb9,6f03d3da3ed6ecbe918c5a7f9aa35cb9abfb2b83,27f741d15cbc1aacf20947913595b0a5c1f09e58ae9a18345d45d8a7133316cd,7bfeb1cd49081233e6a9d31dd218162ee7a0302ba4202fa4ff6ff9b51d849faf,2,False,2.0451322400476784
p12v4m6-E-no_llm-s1024,E,no_llm,1024,completed,,True,90e40d212b5faaff644e0041eeef92c0b0056ce9a834095a047948a1d5e42529,0ed9091f1ab96d24ef5fbd41d0d080668623e954e4f15e4a277f1c217e825eb9,6f03d3da3ed6ecbe918c5a7f9aa35cb9abfb2b83,c6b2b55de085aa890433d213939b16faa1163fde4f874d4c868f3b966ed025cc,86ce7874ff1953d2965062ab95339de65706e6da9b64b3042daeffbf8a792a96,1,False,8.503793485928327
p12v4m6-E-no_llm-s2048,E,no_llm,2048,completed,,True,90e40d212b5faaff644e0041eeef92c0b0056ce9a834095a047948a1d5e42529,0ed9091f1ab96d24ef5fbd41d0d080668623e954e4f15e4a277f1c217e825eb9,6f03d3da3ed6ecbe918c5a7f9aa35cb9abfb2b83,9e5a440c4f29b76309feccd2edd374fc15b57e191db24d794dc27558fa2b7dff,8fea2b77c69f40658dd8040f06818300e129bfa685d771fe912805a637f52f41,1,False,8.676918369019404
p12v4m6-E-no_llm-s4096,E,no_llm,4096,completed,,True,90e40d212b5faaff644e0041eeef92c0b0056ce9a834095a047948a1d5e42529,0ed9091f1ab96d24ef5fbd41d0d080668623e954e4f15e4a277f1c217e825eb9,6f03d3da3ed6ecbe918c5a7f9aa35cb9abfb2b83,2d9a349668f10792c6ca99a7d9c5b2958b5d734737ab2b43363b726d65f635d0,6100e48388bfd62e5e56f3d772831ec1d1108c3ec93f693e4b3802c4a29dc208,1,False,8.56065150804352
p12v4m6-E-no_llm-s8192,E,no_llm,8192,completed,,True,90e40d212b5faaff644e0041eeef92c0b0056ce9a834095a047948a1d5e42529,0ed9091f1ab96d24ef5fbd41d0d080668623e954e4f15e4a277f1c217e825eb9,6f03d3da3ed6ecbe918c5a7f9aa35cb9abfb2b83,42c860f19c31777a29aab7ce59955a5071957147534d64d44ea44fee39f69413,73f52fb6ff071784e555c1851d4524681d6b350ac5fb1c043d772f1b1a93465f,1,False,8.798986079986207
p12v4m6-E-no_llm-s16384,E,no_llm,16384,completed,,True,90e40d212b5faaff644e0041eeef92c0b0056ce9a834095a047948a1d5e42529,0ed9091f1ab96d24ef5fbd41d0d080668623e954e4f15e4a277f1c217e825eb9,6f03d3da3ed6ecbe918c5a7f9aa35cb9abfb2b83,988545b1e88e9ddeafc9b78071383a776d8cad804093e6fdb84464488dcf5a44,ead4110fa1aa40630218021d19ea3fbd2ef2e4f1feb1caf74a1ba994caf983a6,1,False,8.544486582977697
p12v4m6-E-research_only-s1024,E,research_only,1024,completed,,True,90e40d212b5faaff644e0041eeef92c0b0056ce9a834095a047948a1d5e42529,0ed9091f1ab96d24ef5fbd41d0d080668623e954e4f15e4a277f1c217e825eb9,6f03d3da3ed6ecbe918c5a7f9aa35cb9abfb2b83,9aa3b623c3ae50cbd72bb96c3ae9aaf3e5b1b070b3ff8db868c6765e88805f0d,1ade774c66e973bc27768e7583c8133a1c370eccd1d08f2b7967c070cd50e4c9,1,False,31.12883739301469
p12v4m6-E-research_only-s2048,E,research_only,2048,completed,,True,90e40d212b5faaff644e0041eeef92c0b0056ce9a834095a047948a1d5e42529,0ed9091f1ab96d24ef5fbd41d0d080668623e954e4f15e4a277f1c217e825eb9,6f03d3da3ed6ecbe918c5a7f9aa35cb9abfb2b83,e13aa027f272703f18ea551dac28477a1185fffb90b3037462146d3888072406,75dfb5f2a0373c3a3a01742da79472e1e02eaae515cae76a9d79b1dbd98792fe,1,False,38.679926171083935
p12v4m6-E-research_only-s4096,E,research_only,4096,completed,,True,90e40d212b5faaff644e0041eeef92c0b0056ce9a834095a047948a1d5e42529,0ed9091f1ab96d24ef5fbd41d0d080668623e954e4f15e4a277f1c217e825eb9,6f03d3da3ed6ecbe918c5a7f9aa35cb9abfb2b83,c143da52f2a0efb317a36c020c159698dec80f123fea1c0f22a3c91a187c434d,14b79fc0100770c167d8080cbc5d431f3382c0fb02150a81892513ddc7a3a64d,1,False,68.00875220703892
p12v4m6-E-research_only-s8192,E,research_only,8192,completed,,True,90e40d212b5faaff644e0041eeef92c0b0056ce9a834095a047948a1d5e42529,0ed9091f1ab96d24ef5fbd41d0d080668623e954e4f15e4a277f1c217e825eb9,6f03d3da3ed6ecbe918c5a7f9aa35cb9abfb2b83,478d0f6f4e8797bf2af6fdb4968a5731b5d530cd818eef0642a33a641e5d79dc,f3cd4c9a4240ff358e1edf58ac9d3f29fea23582792609f9247486b13e9f7f53,1,False,69.74288566200994
p12v4m6-E-research_only-s16384,E,research_only,16384,completed,,True,90e40d212b5faaff644e0041eeef92c0b0056ce9a834095a047948a1d5e42529,0ed9091f1ab96d24ef5fbd41d0d080668623e954e4f15e4a277f1c217e825eb9,6f03d3da3ed6ecbe918c5a7f9aa35cb9abfb2b83,af1fcf3d5141f2d95f8f5ce11932357f1eedb6073178c0f2d7c8ad769110fe0a,372b60dcdf5d984835034a9407d91cae0d9a943f739586b538353e19a53f1c1b,1,False,32.02504887001123
p12v4m6-E-risk_only-s1024,E,risk_only,1024,completed,,True,90e40d212b5faaff644e0041eeef92c0b0056ce9a834095a047948a1d5e42529,0ed9091f1ab96d24ef5fbd41d0d080668623e954e4f15e4a277f1c217e825eb9,6f03d3da3ed6ecbe918c5a7f9aa35cb9abfb2b83,19ab4563e3a29b49bb5f889ac1ebea3dd6cd98175d0e13f8b977042481f7064a,2b464d28cc1a076112521a2fe4faa827756344c3d33fd209546875093fd77305,1,False,32.490922410041094
p12v4m6-E-risk_only-s2048,E,risk_only,2048,completed,,True,90e40d212b5faaff644e0041eeef92c0b0056ce9a834095a047948a1d5e42529,0ed9091f1ab96d24ef5fbd41d0d080668623e954e4f15e4a277f1c217e825eb9,6f03d3da3ed6ecbe918c5a7f9aa35cb9abfb2b83,aabbd5690a4e4819e1057703c535c91bd490c14b556979f1237bcda7084887bb,e1aafab54f7b02af7f8fe867a4410501f3ec5e18366302af379e38be1b52222a,1,False,31.41817306901794
p12v4m6-E-risk_only-s4096,E,risk_only,4096,completed,,True,90e40d212b5faaff644e0041eeef92c0b0056ce9a834095a047948a1d5e42529,0ed9091f1ab96d24ef5fbd41d0d080668623e954e4f15e4a277f1c217e825eb9,6f03d3da3ed6ecbe918c5a7f9aa35cb9abfb2b83,20f46b0858dd9735596eaa1cc77a1471095a22d7186296b054cba5361578284a,7ae07dd29ec7996605af24715d07e2e591427eac77b0ec7750bfc0132128c0eb,1,False,32.011800476000644
p12v4m6-E-risk_only-s8192,E,risk_only,8192,completed,,True,90e40d212b5faaff644e0041eeef92c0b0056ce9a834095a047948a1d5e42529,0ed9091f1ab96d24ef5fbd41d0d080668623e954e4f15e4a277f1c217e825eb9,6f03d3da3ed6ecbe918c5a7f9aa35cb9abfb2b83,e8b7da362c79203a1578d8fd2b5febbedc42d35392f7821ef6bd1094ef48a01a,10a9f6d97751513f635199dc882f3d9c842169ea58cfcf51c4aea58a2abbc87c,1,False,29.925846664002165
p12v4m6-E-risk_only-s16384,E,risk_only,16384,completed,,True,90e40d212b5faaff644e0041eeef92c0b0056ce9a834095a047948a1d5e42529,0ed9091f1ab96d24ef5fbd41d0d080668623e954e4f15e4a277f1c217e825eb9,6f03d3da3ed6ecbe918c5a7f9aa35cb9abfb2b83,c42bda32b4e327840c4601cef2b0939b667390a7f86cc8086b6f81c2befe8f16,31cf513a0412dc31b745fe10f07a9e4ec01d2bfcaedc1af926aeba4830db5c97,1,False,63.62432493199594
p12v4m6-E-hierarchical_only-s1024,E,hierarchical_only,1024,completed,,True,90e40d212b5faaff644e0041eeef92c0b0056ce9a834095a047948a1d5e42529,0ed9091f1ab96d24ef5fbd41d0d080668623e954e4f15e4a277f1c217e825eb9,6f03d3da3ed6ecbe918c5a7f9aa35cb9abfb2b83,ba92711b0522015ebdab7539023c705065e326c3648f96b5766568c1aeb0fdeb,2538d0b7d373fa4b71bb45d95c84129159d07fc53ab040e56b179772870c587e,1,False,19.792151242028922
p12v4m6-E-hierarchical_only-s2048,E,hierarchical_only,2048,completed,,True,90e40d212b5faaff644e0041eeef92c0b0056ce9a834095a047948a1d5e42529,0ed9091f1ab96d24ef5fbd41d0d080668623e954e4f15e4a277f1c217e825eb9,6f03d3da3ed6ecbe918c5a7f9aa35cb9abfb2b83,753f8363a24e0d2b074dcb0f64c15ee4f8f4fbba79c9204340244a412e37e36e,7392e58cafbff9ac680c86bd5edf9ec2e916b06d4b98088ebb43394fac375f4a,1,False,17.43820912600495
p12v4m6-E-hierarchical_only-s4096,E,hierarchical_only,4096,completed,,True,90e40d212b5faaff644e0041eeef92c0b0056ce9a834095a047948a1d5e42529,0ed9091f1ab96d24ef5fbd41d0d080668623e954e4f15e4a277f1c217e825eb9,6f03d3da3ed6ecbe918c5a7f9aa35cb9abfb2b83,725e4d3b2e19f1f014b23463b2767602d769bea4562831d7711455fe2dee06da,c971725e517361ec7ec5261cea221baeea1790de5ff960699126d5ea45c24c34,1,False,29.529908841010183
p12v4m6-E-hierarchical_only-s8192,E,hierarchical_only,8192,completed,,True,90e40d212b5faaff644e0041eeef92c0b0056ce9a834095a047948a1d5e42529,0ed9091f1ab96d24ef5fbd41d0d080668623e954e4f15e4a277f1c217e825eb9,6f03d3da3ed6ecbe918c5a7f9aa35cb9abfb2b83,4afb9c2d739fe74cff509e3c4650349413728dd9f168d68bff373d8254c52da2,5143e06386f6ddb0dee684d19015143d68f56d89cb34e43d56a5971b96b53667,1,False,31.06083676207345
p12v4m6-E-hierarchical_only-s16384,E,hierarchical_only,16384,completed,,True,90e40d212b5faaff644e0041eeef92c0b0056ce9a834095a047948a1d5e42529,0ed9091f1ab96d24ef5fbd41d0d080668623e954e4f15e4a277f1c217e825eb9,6f03d3da3ed6ecbe918c5a7f9aa35cb9abfb2b83,9eb54609ce90ac77aa457008f6d4a23f321c59de68fe91a65f012b84387ee8d4,45ab65eab627508ba142268809828ec291304f5ea6307a11b73587c54cbb8879,1,False,21.876886631012894
p12v4m6-E-research_risk-s1024,E,research_risk,1024,completed,,True,90e40d212b5faaff644e0041eeef92c0b0056ce9a834095a047948a1d5e42529,0ed9091f1ab96d24ef5fbd41d0d080668623e954e4f15e4a277f1c217e825eb9,6f03d3da3ed6ecbe918c5a7f9aa35cb9abfb2b83,01f6b1fa9d943ebab8233fd002742d77c0f32fdcfb61b546a070da237c1baa2b,f2cb487266ef4b13223e3846e6302de4dc0c77aee7685dc810c694f89167078a,1,False,49.73797593591735
p12v4m6-E-research_risk-s2048,E,research_risk,2048,completed,,True,90e40d212b5faaff644e0041eeef92c0b0056ce9a834095a047948a1d5e42529,0ed9091f1ab96d24ef5fbd41d0d080668623e954e4f15e4a277f1c217e825eb9,6f03d3da3ed6ecbe918c5a7f9aa35cb9abfb2b83,50039dedf4f78bb2494fa0d1f3d242dc59c742a9c4148ca653a3d447b83a98ed,ae6af0824b3ccebb8c98fe87dce758637b9029af5e00c5c5b550ba6f7514ff46,1,False,36.00056247401517
p12v4m6-E-research_risk-s4096,E,research_risk,4096,completed,,True,90e40d212b5faaff644e0041eeef92c0b0056ce9a834095a047948a1d5e42529,0ed9091f1ab96d24ef5fbd41d0d080668623e954e4f15e4a277f1c217e825eb9,6f03d3da3ed6ecbe918c5a7f9aa35cb9abfb2b83,8dacd9ba8f00810736b744810a285c81d584902bb7c45cd74f66ddca7e23e2e8,85e0b1ca23d2e53b827063169d921b824b3a39386cb46bb8ab9d2f04ae953c3b,1,False,33.20605252601672
p12v4m6-E-research_risk-s8192,E,research_risk,8192,completed,,True,90e40d212b5faaff644e0041eeef92c0b0056ce9a834095a047948a1d5e42529,0ed9091f1ab96d24ef5fbd41d0d080668623e954e4f15e4a277f1c217e825eb9,6f03d3da3ed6ecbe918c5a7f9aa35cb9abfb2b83,ec7247697f9a3d58e1a8b2edf8204b5271f838383f277e8e55d58a57430e1cca,3c744901b436086bf0bd19694cf5027cd0eba175e5cdab4cdfaedef3de10c53e,1,False,79.96645572094712
p12v4m6-E-research_risk-s16384,E,research_risk,16384,completed,,True,90e40d212b5faaff644e0041eeef92c0b0056ce9a834095a047948a1d5e42529,0ed9091f1ab96d24ef5fbd41d0d080668623e954e4f15e4a277f1c217e825eb9,6f03d3da3ed6ecbe918c5a7f9aa35cb9abfb2b83,40a357b9efb14417f8b775089a4695587e4bdbad53680ed76bc4ddd0c35a7b93,47bb564d9999510698a336e72893f8fd923fa0fe2f7e069489bed3ad00385dfc,1,False,88.607325045974
p12v4m6-E-full_stack_single_agent-s1024,E,full_stack_single_agent,1024,completed,,True,90e40d212b5faaff644e0041eeef92c0b0056ce9a834095a047948a1d5e42529,0ed9091f1ab96d24ef5fbd41d0d080668623e954e4f15e4a277f1c217e825eb9,6f03d3da3ed6ecbe918c5a7f9aa35cb9abfb2b83,17a6fd2db793a776cb32aeccbf819ef3fa49f9c982123e4000d7a6962723b9a6,b56773215456cc32bdaa9d3c5d6eaad1e1d1a19723fc5e3e93df4475a93cc239,1,False,99.62356777105015
p12v4m6-E-full_stack_single_agent-s2048,E,full_stack_single_agent,2048,completed,,True,90e40d212b5faaff644e0041eeef92c0b0056ce9a834095a047948a1d5e42529,0ed9091f1ab96d24ef5fbd41d0d080668623e954e4f15e4a277f1c217e825eb9,6f03d3da3ed6ecbe918c5a7f9aa35cb9abfb2b83,49e3a0d09c339b1dd09b226c3eb768e517f10954f2fe2a0d4b12c1030d4a4965,f7a26a9b2b4250bdd08d7bf59ac736e1bc2a4dde04dc63eca29a43b920763ead,1,False,64.92109596298542
p12v4m6-E-full_stack_single_agent-s4096,E,full_stack_single_agent,4096,completed,,True,90e40d212b5faaff644e0041eeef92c0b0056ce9a834095a047948a1d5e42529,0ed9091f1ab96d24ef5fbd41d0d080668623e954e4f15e4a277f1c217e825eb9,6f03d3da3ed6ecbe918c5a7f9aa35cb9abfb2b83,53c59baf365edfd6d3d5d5116cd2b2e0fb4c1cd88f29ee46bdeeaca45081a977,1ebddc3e8ea3b60a51fc6c9419fd236942eafa6d42f05d7fbd1c20fa5d4e97b9,1,False,55.159916265984066
p12v4m6-E-full_stack_single_agent-s8192,E,full_stack_single_agent,8192,completed,,True,90e40d212b5faaff644e0041eeef92c0b0056ce9a834095a047948a1d5e42529,0ed9091f1ab96d24ef5fbd41d0d080668623e954e4f15e4a277f1c217e825eb9,6f03d3da3ed6ecbe918c5a7f9aa35cb9abfb2b83,eeddbbe50e80cc774074bb5ea94759cad248289b20afcb828244deac1470a447,0a29b952cb934fb37173fc2fda6d2c0128a15b174d24f052e268c648e7bc7ae5,1,False,60.88912764796987
p12v4m6-E-full_stack_single_agent-s16384,E,full_stack_single_agent,16384,completed,,True,90e40d212b5faaff644e0041eeef92c0b0056ce9a834095a047948a1d5e42529,0ed9091f1ab96d24ef5fbd41d0d080668623e954e4f15e4a277f1c217e825eb9,6f03d3da3ed6ecbe918c5a7f9aa35cb9abfb2b83,549d15ed61200ebe750b8425c8a4827e40e55a8448645d0e5487314b88641c6e,c80102e6e1d24a2787b66b15be3e52b9546fe3f02c339b50e5f25a3765e552ee,1,False,94.89527514006477
p12v4m6-E-custom_multi_agent_committee-s1024,E,custom_multi_agent_committee,1024,completed,,True,90e40d212b5faaff644e0041eeef92c0b0056ce9a834095a047948a1d5e42529,0ed9091f1ab96d24ef5fbd41d0d080668623e954e4f15e4a277f1c217e825eb9,6f03d3da3ed6ecbe918c5a7f9aa35cb9abfb2b83,d41c97b2e0167afa998064030a5501840505df600f80ba2a217222af3572ef91,0453c8dba2a5de21165ee2e63cf2a0a4d9401c434a48ca97d2abe60262e45d4d,1,False,70.70678682299331
p12v4m6-E-custom_multi_agent_committee-s2048,E,custom_multi_agent_committee,2048,completed,,True,90e40d212b5faaff644e0041eeef92c0b0056ce9a834095a047948a1d5e42529,0ed9091f1ab96d24ef5fbd41d0d080668623e954e4f15e4a277f1c217e825eb9,6f03d3da3ed6ecbe918c5a7f9aa35cb9abfb2b83,429e0e240a2ceeef3b1810a600fb0082ac4097a96faabdccc901b3d37699109b,eac0d89f59e60fa4a59a0c748b17b15213a50fa7ee6ccb92d9be8dd48da0ed3b,1,False,90.73997537605464
p12v4m6-E-custom_multi_agent_committee-s4096,E,custom_multi_agent_committee,4096,completed,,True,90e40d212b5faaff644e0041eeef92c0b0056ce9a834095a047948a1d5e42529,0ed9091f1ab96d24ef5fbd41d0d080668623e954e4f15e4a277f1c217e825eb9,6f03d3da3ed6ecbe918c5a7f9aa35cb9abfb2b83,c339cb4fa903732b0070c7965bdd5620250e2a40f343e27a96c87ec1551c4b6e,16387aae8227d84d36e4f930dbb6a2b16dc8b0549d9feafe8b842c00827ae707,1,False,91.14508042496163
p12v4m6-E-custom_multi_agent_committee-s8192,E,custom_multi_agent_committee,8192,completed,,True,90e40d212b5faaff644e0041eeef92c0b0056ce9a834095a047948a1d5e42529,0ed9091f1ab96d24ef5fbd41d0d080668623e954e4f15e4a277f1c217e825eb9,6f03d3da3ed6ecbe918c5a7f9aa35cb9abfb2b83,8abd58f095a68cdc63e5da629248b4031ccf148321b70ec6ed430f55d1ff772f,556e5b7f500d0d61048f19891c669c049ff26492bf1fc3e86a97da7f432e1381,1,False,114.38132878602482
p12v4m6-E-custom_multi_agent_committee-s16384,E,custom_multi_agent_committee,16384,completed,,True,90e40d212b5faaff644e0041eeef92c0b0056ce9a834095a047948a1d5e42529,0ed9091f1ab96d24ef5fbd41d0d080668623e954e4f15e4a277f1c217e825eb9,6f03d3da3ed6ecbe918c5a7f9aa35cb9abfb2b83,1ce352279c086110c6076103c263d896a964bcae223eeed9e7262f931506ce6f,2528414c09630fd68ecf3ed85fc726a3227a022d5127b5ab3d9aeae53ff6a326,1,False,110.98897644400131
p12v4m6-F-default-s1024,F,default,1024,completed,,True,90e40d212b5faaff644e0041eeef92c0b0056ce9a834095a047948a1d5e42529,0ed9091f1ab96d24ef5fbd41d0d080668623e954e4f15e4a277f1c217e825eb9,6f03d3da3ed6ecbe918c5a7f9aa35cb9abfb2b83,,eb23aa2a5ee1cea17ae7c951d32bc9b0ba750a1dc040fd0d773e5201d481ada8,1,False,5483.828717372962
p12v4m6-F-default-s2048,F,default,2048,completed,,True,90e40d212b5faaff644e0041eeef92c0b0056ce9a834095a047948a1d5e42529,0ed9091f1ab96d24ef5fbd41d0d080668623e954e4f15e4a277f1c217e825eb9,6f03d3da3ed6ecbe918c5a7f9aa35cb9abfb2b83,,fa2e13a79fd3aa3138429d02508f769d43266df01417f26d7612ad9d1d2299bf,1,False,6989.240765345981
p12v4m6-F-default-s4096,F,default,4096,completed,,True,90e40d212b5faaff644e0041eeef92c0b0056ce9a834095a047948a1d5e42529,0ed9091f1ab96d24ef5fbd41d0d080668623e954e4f15e4a277f1c217e825eb9,6f03d3da3ed6ecbe918c5a7f9aa35cb9abfb2b83,,47abafd6ad4b33fa083df1ab0f1232558164348f0634b47df396a0a8adf3cffe,1,False,6165.793277916964
p12v4m6-F-default-s8192,F,default,8192,completed,,True,90e40d212b5faaff644e0041eeef92c0b0056ce9a834095a047948a1d5e42529,0ed9091f1ab96d24ef5fbd41d0d080668623e954e4f15e4a277f1c217e825eb9,6f03d3da3ed6ecbe918c5a7f9aa35cb9abfb2b83,,0b3a660138fd5e9434e7ded6b9fcd544222359758c21a3d3fdd68704d3fc52c4,1,False,6305.29569784191
p12v4m6-F-default-s16384,F,default,16384,completed,,True,90e40d212b5faaff644e0041eeef92c0b0056ce9a834095a047948a1d5e42529,0ed9091f1ab96d24ef5fbd41d0d080668623e954e4f15e4a277f1c217e825eb9,6f03d3da3ed6ecbe918c5a7f9aa35cb9abfb2b83,,80aaeb04561bfbadbf21c10cb58e86507931b138da757ea5078ec4c7d6fd184e,1,False,6534.062662009965
p12v4m6-F-random-s1024,F,random,1024,completed,,True,90e40d212b5faaff644e0041eeef92c0b0056ce9a834095a047948a1d5e42529,0ed9091f1ab96d24ef5fbd41d0d080668623e954e4f15e4a277f1c217e825eb9,6f03d3da3ed6ecbe918c5a7f9aa35cb9abfb2b83,,b7af8e588d3283e3b5b6cb6718015334df27c1150e17f19eef5f413ae6517e98,1,False,5450.3974610660225
p12v4m6-F-random-s2048,F,random,2048,completed,,True,90e40d212b5faaff644e0041eeef92c0b0056ce9a834095a047948a1d5e42529,0ed9091f1ab96d24ef5fbd41d0d080668623e954e4f15e4a277f1c217e825eb9,6f03d3da3ed6ecbe918c5a7f9aa35cb9abfb2b83,,4d5adedfd2008685743b0fc0b2622d07cca8329a1f99f6f9264be7253327a950,1,False,6114.950067107915
p12v4m6-F-random-s4096,F,random,4096,completed,,True,90e40d212b5faaff644e0041eeef92c0b0056ce9a834095a047948a1d5e42529,0ed9091f1ab96d24ef5fbd41d0d080668623e954e4f15e4a277f1c217e825eb9,6f03d3da3ed6ecbe918c5a7f9aa35cb9abfb2b83,,21d41853a20d6c16c78b77bf4c974eae0cd193935bf4a79fb86f01b0d4d7451d,1,False,6098.017078098026
p12v4m6-F-random-s8192,F,random,8192,completed,,True,90e40d212b5faaff644e0041eeef92c0b0056ce9a834095a047948a1d5e42529,0ed9091f1ab96d24ef5fbd41d0d080668623e954e4f15e4a277f1c217e825eb9,6f03d3da3ed6ecbe918c5a7f9aa35cb9abfb2b83,,4c7ed7b4f8b3f272d4334a45fee3505dbd671d69d6c4d76802a431a37e6103d6,1,False,6421.6405359200435
p12v4m6-F-random-s16384,F,random,16384,completed,,True,90e40d212b5faaff644e0041eeef92c0b0056ce9a834095a047948a1d5e42529,0ed9091f1ab96d24ef5fbd41d0d080668623e954e4f15e4a277f1c217e825eb9,6f03d3da3ed6ecbe918c5a7f9aa35cb9abfb2b83,,8e590f464de57497e3941e0d4bbeaaf054773bdcd92551d0a7a5fb1168da3b6e,1,False,6491.937908870052
p12v4m6-F-tpe-s1024,F,tpe,1024,completed,,True,90e40d212b5faaff644e0041eeef92c0b0056ce9a834095a047948a1d5e42529,0ed9091f1ab96d24ef5fbd41d0d080668623e954e4f15e4a277f1c217e825eb9,6f03d3da3ed6ecbe918c5a7f9aa35cb9abfb2b83,,34ab98277231531c0cf8ecd96db8bd4e3253f8ffec47f4ec7ee1228108f69d7a,1,False,6180.860557554988
p12v4m6-F-tpe-s2048,F,tpe,2048,completed,,True,90e40d212b5faaff644e0041eeef92c0b0056ce9a834095a047948a1d5e42529,0ed9091f1ab96d24ef5fbd41d0d080668623e954e4f15e4a277f1c217e825eb9,6f03d3da3ed6ecbe918c5a7f9aa35cb9abfb2b83,,b303809f0c725bf40551172133e881b286ad4eb8e6096982b17f8c23ffafa8e8,1,False,6113.652537112008
p12v4m6-F-tpe-s4096,F,tpe,4096,completed,,True,90e40d212b5faaff644e0041eeef92c0b0056ce9a834095a047948a1d5e42529,0ed9091f1ab96d24ef5fbd41d0d080668623e954e4f15e4a277f1c217e825eb9,6f03d3da3ed6ecbe918c5a7f9aa35cb9abfb2b83,,7f27005c672927f065c0c0b870d247d5f20e19432a40cce47649de17eb21778a,1,False,6026.757285616011
p12v4m6-F-tpe-s8192,F,tpe,8192,completed,,True,90e40d212b5faaff644e0041eeef92c0b0056ce9a834095a047948a1d5e42529,0ed9091f1ab96d24ef5fbd41d0d080668623e954e4f15e4a277f1c217e825eb9,6f03d3da3ed6ecbe918c5a7f9aa35cb9abfb2b83,,d3a5f9c1822720bec63db10133a231758f240559e2134c164e8de0e26429beaf,1,False,5879.804415866965
p12v4m6-F-tpe-s16384,F,tpe,16384,completed,,True,90e40d212b5faaff644e0041eeef92c0b0056ce9a834095a047948a1d5e42529,0ed9091f1ab96d24ef5fbd41d0d080668623e954e4f15e4a277f1c217e825eb9,6f03d3da3ed6ecbe918c5a7f9aa35cb9abfb2b83,,459ac4e9f882f69fc158a8b472faa06901ad87dd254b5a3fcfd1944d03bbfeaf,1,False,6491.3505861450685
p12v4m6-F-cma_es-s1024,F,cma_es,1024,completed,,True,90e40d212b5faaff644e0041eeef92c0b0056ce9a834095a047948a1d5e42529,0ed9091f1ab96d24ef5fbd41d0d080668623e954e4f15e4a277f1c217e825eb9,6f03d3da3ed6ecbe918c5a7f9aa35cb9abfb2b83,,78f0c9a9be27d40189fe37fcd9021e463f2f4a088415c0528330aeb5ca0fb3f6,1,False,5348.240762640024
p12v4m6-F-cma_es-s2048,F,cma_es,2048,completed,,True,90e40d212b5faaff644e0041eeef92c0b0056ce9a834095a047948a1d5e42529,0ed9091f1ab96d24ef5fbd41d0d080668623e954e4f15e4a277f1c217e825eb9,6f03d3da3ed6ecbe918c5a7f9aa35cb9abfb2b83,,78214fed13e93baa2c6aa4f352b126b0bc451df64c52f0d36c01d71e274a04d3,1,False,6512.708083927049
p12v4m6-F-cma_es-s4096,F,cma_es,4096,completed,,True,90e40d212b5faaff644e0041eeef92c0b0056ce9a834095a047948a1d5e42529,0ed9091f1ab96d24ef5fbd41d0d080668623e954e4f15e4a277f1c217e825eb9,6f03d3da3ed6ecbe918c5a7f9aa35cb9abfb2b83,,d2cb961f426d1b4e3c529ef90560c2061b41ebb9243d1a222ed6fb8310d32ee2,1,False,5853.949458896997
p12v4m6-F-cma_es-s8192,F,cma_es,8192,completed,,True,90e40d212b5faaff644e0041eeef92c0b0056ce9a834095a047948a1d5e42529,0ed9091f1ab96d24ef5fbd41d0d080668623e954e4f15e4a277f1c217e825eb9,6f03d3da3ed6ecbe918c5a7f9aa35cb9abfb2b83,,fc238e05a826c78f948a932d7b35699111a0c480385fc1332aa3ee84904b3fe7,1,False,6097.309793037013
p12v4m6-F-cma_es-s16384,F,cma_es,16384,completed,,True,90e40d212b5faaff644e0041eeef92c0b0056ce9a834095a047948a1d5e42529,0ed9091f1ab96d24ef5fbd41d0d080668623e954e4f15e4a277f1c217e825eb9,6f03d3da3ed6ecbe918c5a7f9aa35cb9abfb2b83,,d2e66cc2ab94af666704ede829de593f5100a959a7e541865842029507783bde,1,False,6424.273938914994
p12v4m6-F-pso-s1024,F,pso,1024,completed,,True,90e40d212b5faaff644e0041eeef92c0b0056ce9a834095a047948a1d5e42529,0ed9091f1ab96d24ef5fbd41d0d080668623e954e4f15e4a277f1c217e825eb9,6f03d3da3ed6ecbe918c5a7f9aa35cb9abfb2b83,,288dca2796c562744b96eecba94b9d79816694ed20064e8717bfc57947d1a99b,1,False,5521.531377130072
p12v4m6-F-pso-s2048,F,pso,2048,completed,,True,90e40d212b5faaff644e0041eeef92c0b0056ce9a834095a047948a1d5e42529,0ed9091f1ab96d24ef5fbd41d0d080668623e954e4f15e4a277f1c217e825eb9,6f03d3da3ed6ecbe918c5a7f9aa35cb9abfb2b83,,ba10f0aada759271d32dbd12a85d58a61d9effcf89906cc75e134c99548e72b4,1,False,6398.616282087052
p12v4m6-F-pso-s4096,F,pso,4096,completed,,True,90e40d212b5faaff644e0041eeef92c0b0056ce9a834095a047948a1d5e42529,0ed9091f1ab96d24ef5fbd41d0d080668623e954e4f15e4a277f1c217e825eb9,6f03d3da3ed6ecbe918c5a7f9aa35cb9abfb2b83,,6e8f8729648eee988f6a7477650bc3e8f6e8bfea3714ce1200a04a0b5c6a830c,1,False,6607.071174568031
p12v4m6-F-pso-s8192,F,pso,8192,completed,,True,90e40d212b5faaff644e0041eeef92c0b0056ce9a834095a047948a1d5e42529,0ed9091f1ab96d24ef5fbd41d0d080668623e954e4f15e4a277f1c217e825eb9,6f03d3da3ed6ecbe918c5a7f9aa35cb9abfb2b83,,57f465840eb8d3e2d794e8f246971099b13657aa8aaea8982baeff2004c957bf,1,False,5968.776905303937
p12v4m6-F-pso-s16384,F,pso,16384,completed,,True,90e40d212b5faaff644e0041eeef92c0b0056ce9a834095a047948a1d5e42529,0ed9091f1ab96d24ef5fbd41d0d080668623e954e4f15e4a277f1c217e825eb9,6f03d3da3ed6ecbe918c5a7f9aa35cb9abfb2b83,,1dd06453f3790b1c999e74d0226907b8a4d08152d1fd21870f7781625e9cd091,1,False,6381.59613012895
p12v4m6-F-genetic-s1024,F,genetic,1024,completed,,True,90e40d212b5faaff644e0041eeef92c0b0056ce9a834095a047948a1d5e42529,0ed9091f1ab96d24ef5fbd41d0d080668623e954e4f15e4a277f1c217e825eb9,6f03d3da3ed6ecbe918c5a7f9aa35cb9abfb2b83,,cd8377549507ad51ae29ef375ddc558f63060ddaaf1946315402c91b912fe051,1,False,6496.199777393951
p12v4m6-F-genetic-s2048,F,genetic,2048,completed,,True,90e40d212b5faaff644e0041eeef92c0b0056ce9a834095a047948a1d5e42529,0ed9091f1ab96d24ef5fbd41d0d080668623e954e4f15e4a277f1c217e825eb9,6f03d3da3ed6ecbe918c5a7f9aa35cb9abfb2b83,,c6e717b3de9f1ba2e07f3596283b2310a99ff9a69e010456aa0fdc9a3ed276f8,1,False,5846.24438319914
p12v4m6-F-genetic-s4096,F,genetic,4096,completed,,True,90e40d212b5faaff644e0041eeef92c0b0056ce9a834095a047948a1d5e42529,0ed9091f1ab96d24ef5fbd41d0d080668623e954e4f15e4a277f1c217e825eb9,6f03d3da3ed6ecbe918c5a7f9aa35cb9abfb2b83,,4e3df4a8b77b39e0d7c51ea14a0b02da99bacf10a0cb846a3f30afeaefbfe6b2,1,False,6403.988384232041
p12v4m6-F-genetic-s8192,F,genetic,8192,completed,,True,90e40d212b5faaff644e0041eeef92c0b0056ce9a834095a047948a1d5e42529,0ed9091f1ab96d24ef5fbd41d0d080668623e954e4f15e4a277f1c217e825eb9,6f03d3da3ed6ecbe918c5a7f9aa35cb9abfb2b83,,613a051d5ebe24dd6c0c0d38839bea213ad7bf82304c304907cf8ea3a84a90c8,1,False,6566.772177741863
p12v4m6-F-genetic-s16384,F,genetic,16384,completed,,True,90e40d212b5faaff644e0041eeef92c0b0056ce9a834095a047948a1d5e42529,0ed9091f1ab96d24ef5fbd41d0d080668623e954e4f15e4a277f1c217e825eb9,6f03d3da3ed6ecbe918c5a7f9aa35cb9abfb2b83,,ef4fb84af3d8c147789716ab3c3597e2a6eff3749b9cd742ec5e881811dc6dd8,1,False,7102.057603754103
p12v4m6-F-differential_evolution-s1024,F,differential_evolution,1024,completed,,True,90e40d212b5faaff644e0041eeef92c0b0056ce9a834095a047948a1d5e42529,0ed9091f1ab96d24ef5fbd41d0d080668623e954e4f15e4a277f1c217e825eb9,6f03d3da3ed6ecbe918c5a7f9aa35cb9abfb2b83,,34f6d5c8e3a1d0ccb6fc76108ef98620be939a6fc17f4c92ea2f5b13ce0cf2ed,1,False,5544.976279153023
p12v4m6-F-differential_evolution-s2048,F,differential_evolution,2048,completed,,True,90e40d212b5faaff644e0041eeef92c0b0056ce9a834095a047948a1d5e42529,0ed9091f1ab96d24ef5fbd41d0d080668623e954e4f15e4a277f1c217e825eb9,6f03d3da3ed6ecbe918c5a7f9aa35cb9abfb2b83,,5f8588ecf9a6a36642ccd2d3effce69f153c67c8431973ce4b1a11caa1582e77,1,False,7017.406377203064
p12v4m6-F-differential_evolution-s4096,F,differential_evolution,4096,completed,,True,90e40d212b5faaff644e0041eeef92c0b0056ce9a834095a047948a1d5e42529,0ed9091f1ab96d24ef5fbd41d0d080668623e954e4f15e4a277f1c217e825eb9,6f03d3da3ed6ecbe918c5a7f9aa35cb9abfb2b83,,4299efdcc97d3e87f2870a80cb76da023e8356dc29faa65ea467c80a3e9a34f2,1,False,6529.9517185459845
p12v4m6-F-differential_evolution-s8192,F,differential_evolution,8192,completed,,True,90e40d212b5faaff644e0041eeef92c0b0056ce9a834095a047948a1d5e42529,0ed9091f1ab96d24ef5fbd41d0d080668623e954e4f15e4a277f1c217e825eb9,6f03d3da3ed6ecbe918c5a7f9aa35cb9abfb2b83,,b093ad88af1bfb3b3648fca098f35f771f8e3a955cf3559230ffb464a1c995e2,1,False,6569.1680790919345
p12v4m6-F-differential_evolution-s16384,F,differential_evolution,16384,completed,,True,90e40d212b5faaff644e0041eeef92c0b0056ce9a834095a047948a1d5e42529,0ed9091f1ab96d24ef5fbd41d0d080668623e954e4f15e4a277f1c217e825eb9,6f03d3da3ed6ecbe918c5a7f9aa35cb9abfb2b83,,2303a4a9e5bf28931f29c4e9f8594d8746347f670c414e0ee9d6f4d48ff7485e,1,False,6416.228453114862
p12v4m6-F-nsga_ii-s1024,F,nsga_ii,1024,completed,,True,90e40d212b5faaff644e0041eeef92c0b0056ce9a834095a047948a1d5e42529,0ed9091f1ab96d24ef5fbd41d0d080668623e954e4f15e4a277f1c217e825eb9,6f03d3da3ed6ecbe918c5a7f9aa35cb9abfb2b83,,9164efe003cc2a4eb36d07b89b4c182e7db9a936704116e0a53992e33a175267,1,False,6153.935218208004
p12v4m6-F-nsga_ii-s2048,F,nsga_ii,2048,completed,,True,90e40d212b5faaff644e0041eeef92c0b0056ce9a834095a047948a1d5e42529,0ed9091f1ab96d24ef5fbd41d0d080668623e954e4f15e4a277f1c217e825eb9,6f03d3da3ed6ecbe918c5a7f9aa35cb9abfb2b83,,1336b6b5be083677c93a14c2fdcfa2ec26bd9c6100826b281d8f5ff8e0ad6a9b,1,False,5527.5976072130725
p12v4m6-F-nsga_ii-s4096,F,nsga_ii,4096,completed,,True,90e40d212b5faaff644e0041eeef92c0b0056ce9a834095a047948a1d5e42529,0ed9091f1ab96d24ef5fbd41d0d080668623e954e4f15e4a277f1c217e825eb9,6f03d3da3ed6ecbe918c5a7f9aa35cb9abfb2b83,,cbb96335a5fe937c889ce17d76f4382bc11b20dfd1678298dba7a0adddd49cef,1,False,6194.232601332944
p12v4m6-F-nsga_ii-s8192,F,nsga_ii,8192,completed,,True,90e40d212b5faaff644e0041eeef92c0b0056ce9a834095a047948a1d5e42529,0ed9091f1ab96d24ef5fbd41d0d080668623e954e4f15e4a277f1c217e825eb9,6f03d3da3ed6ecbe918c5a7f9aa35cb9abfb2b83,,6095b9240aeb34cc9a2f92a8874c4f7e3dab9aa0d4e36925a329e5838788e38b,1,False,5700.5128346378915
p12v4m6-F-nsga_ii-s16384,F,nsga_ii,16384,completed,,True,90e40d212b5faaff644e0041eeef92c0b0056ce9a834095a047948a1d5e42529,0ed9091f1ab96d24ef5fbd41d0d080668623e954e4f15e4a277f1c217e825eb9,6f03d3da3ed6ecbe918c5a7f9aa35cb9abfb2b83,,21e2e5d318802d82bc1f022e2861bb82b66f7f1a468d483fbc9748d8aa2b16e9,1,False,6473.9388773289975
