run_id,method,seed,trial_id,objective,status,label
p12v4m6-F-cma_es-s1024,cma_es,1024,0,2.0315343762596183,completed,cma_es:0
p12v4m6-F-cma_es-s1024,cma_es,1024,1,1.9862269668743606,completed,cma_es:1
p12v4m6-F-cma_es-s1024,cma_es,1024,2,0.5797281902110442,completed,cma_es:2
p12v4m6-F-cma_es-s1024,cma_es,1024,3,0.7907050071641678,completed,cma_es:3
p12v4m6-F-cma_es-s1024,cma_es,1024,4,0.9717630178187943,completed,cma_es:4
p12v4m6-F-cma_es-s1024,cma_es,1024,5,1.8105990813787558,completed,cma_es:5
p12v4m6-F-cma_es-s1024,cma_es,1024,6,1.827078893335312,completed,cma_es:6
p12v4m6-F-cma_es-s1024,cma_es,1024,7,1.8656889118631232,completed,cma_es:7
p12v4m6-F-cma_es-s1024,cma_es,1024,8,1.2377082616237636,completed,cma_es:8
p12v4m6-F-cma_es-s1024,cma_es,1024,9,0.760621707794467,completed,cma_es:9
p12v4m6-F-cma_es-s1024,cma_es,1024,10,1.3205516782887396,completed,cma_es:10
p12v4m6-F-cma_es-s1024,cma_es,1024,11,0.9025468819318713,completed,cma_es:11
p12v4m6-F-cma_es-s1024,cma_es,1024,12,1.2429589085352488,completed,cma_es:12
p12v4m6-F-cma_es-s1024,cma_es,1024,13,1.2066722230095497,completed,cma_es:13
p12v4m6-F-cma_es-s1024,cma_es,1024,14,1.2230458208252863,completed,cma_es:14
p12v4m6-F-cma_es-s1024,cma_es,1024,15,1.6974268006114566,completed,cma_es:15
p12v4m6-F-cma_es-s1024,cma_es,1024,16,1.5820127740345722,completed,cma_es:16
p12v4m6-F-cma_es-s1024,cma_es,1024,17,1.6668387175169403,completed,cma_es:17
p12v4m6-F-cma_es-s1024,cma_es,1024,18,1.5555961779843264,completed,cma_es:18
p12v4m6-F-cma_es-s1024,cma_es,1024,19,1.6785440287594642,completed,cma_es:19
p12v4m6-F-cma_es-s1024,cma_es,1024,20,1.9818119695144358,completed,cma_es:20
p12v4m6-F-cma_es-s1024,cma_es,1024,21,1.5116355181685723,completed,cma_es:21
p12v4m6-F-cma_es-s1024,cma_es,1024,22,1.703226687365704,completed,cma_es:22
p12v4m6-F-cma_es-s1024,cma_es,1024,23,1.2248170812721582,completed,cma_es:23
p12v4m6-F-cma_es-s16384,cma_es,16384,0,0.31362673450755896,completed,cma_es:0
p12v4m6-F-cma_es-s16384,cma_es,16384,1,0.9850321777797516,completed,cma_es:1
p12v4m6-F-cma_es-s16384,cma_es,16384,2,0.5715415108569258,completed,cma_es:2
p12v4m6-F-cma_es-s16384,cma_es,16384,3,1.4021485412600867,completed,cma_es:3
p12v4m6-F-cma_es-s16384,cma_es,16384,4,0.3370978494415075,completed,cma_es:4
p12v4m6-F-cma_es-s16384,cma_es,16384,5,0.9324938311071737,completed,cma_es:5
p12v4m6-F-cma_es-s16384,cma_es,16384,6,2.0082172240662572,completed,cma_es:6
p12v4m6-F-cma_es-s16384,cma_es,16384,7,0.7466629940658633,completed,cma_es:7
p12v4m6-F-cma_es-s16384,cma_es,16384,8,0.90651384690974,completed,cma_es:8
p12v4m6-F-cma_es-s16384,cma_es,16384,9,1.07358718944525,completed,cma_es:9
p12v4m6-F-cma_es-s16384,cma_es,16384,10,0.1651856228865264,completed,cma_es:10
p12v4m6-F-cma_es-s16384,cma_es,16384,11,0.9283103829405405,completed,cma_es:11
p12v4m6-F-cma_es-s16384,cma_es,16384,12,1.4379178111303659,completed,cma_es:12
p12v4m6-F-cma_es-s16384,cma_es,16384,13,1.0185411047361776,completed,cma_es:13
p12v4m6-F-cma_es-s16384,cma_es,16384,14,0.8532561131013974,completed,cma_es:14
p12v4m6-F-cma_es-s16384,cma_es,16384,15,1.5846845097358038,completed,cma_es:15
p12v4m6-F-cma_es-s16384,cma_es,16384,16,1.0838577632637956,completed,cma_es:16
p12v4m6-F-cma_es-s16384,cma_es,16384,17,1.4060251311945362,completed,cma_es:17
p12v4m6-F-cma_es-s16384,cma_es,16384,18,1.193820267520721,completed,cma_es:18
p12v4m6-F-cma_es-s16384,cma_es,16384,19,0.9327737376512646,completed,cma_es:19
p12v4m6-F-cma_es-s16384,cma_es,16384,20,1.602209796783078,completed,cma_es:20
p12v4m6-F-cma_es-s16384,cma_es,16384,21,1.1456283973527233,completed,cma_es:21
p12v4m6-F-cma_es-s16384,cma_es,16384,22,0.7325958064008441,completed,cma_es:22
p12v4m6-F-cma_es-s16384,cma_es,16384,23,0.6461328901427305,completed,cma_es:23
p12v4m6-F-cma_es-s2048,cma_es,2048,0,1.3669848707867585,completed,cma_es:0
p12v4m6-F-cma_es-s2048,cma_es,2048,1,1.2044950473643945,completed,cma_es:1
p12v4m6-F-cma_es-s2048,cma_es,2048,2,0.9305902661863769,completed,cma_es:2
p12v4m6-F-cma_es-s2048,cma_es,2048,3,1.2441775695340769,completed,cma_es:3
p12v4m6-F-cma_es-s2048,cma_es,2048,4,1.2156332052957632,completed,cma_es:4
p12v4m6-F-cma_es-s2048,cma_es,2048,5,0.9920228193912363,completed,cma_es:5
p12v4m6-F-cma_es-s2048,cma_es,2048,6,0.7391306817259556,completed,cma_es:6
p12v4m6-F-cma_es-s2048,cma_es,2048,7,0.8775752057327911,completed,cma_es:7
p12v4m6-F-cma_es-s2048,cma_es,2048,8,0.39509311834563526,completed,cma_es:8
p12v4m6-F-cma_es-s2048,cma_es,2048,9,0.4799549645453353,completed,cma_es:9
p12v4m6-F-cma_es-s2048,cma_es,2048,10,0.617671554038398,completed,cma_es:10
p12v4m6-F-cma_es-s2048,cma_es,2048,11,1.0416246995168694,completed,cma_es:11
p12v4m6-F-cma_es-s2048,cma_es,2048,12,0.8814195197868857,completed,cma_es:12
p12v4m6-F-cma_es-s2048,cma_es,2048,13,1.0611841212282456,completed,cma_es:13
p12v4m6-F-cma_es-s2048,cma_es,2048,14,1.3324758486329182,completed,cma_es:14
p12v4m6-F-cma_es-s2048,cma_es,2048,15,0.7580092094138138,completed,cma_es:15
p12v4m6-F-cma_es-s2048,cma_es,2048,16,0.7175609756886359,completed,cma_es:16
p12v4m6-F-cma_es-s2048,cma_es,2048,17,0.912336229120795,completed,cma_es:17
p12v4m6-F-cma_es-s2048,cma_es,2048,18,0.8356752817641036,completed,cma_es:18
p12v4m6-F-cma_es-s2048,cma_es,2048,19,0.8270848068892288,completed,cma_es:19
p12v4m6-F-cma_es-s2048,cma_es,2048,20,1.1418599830369147,completed,cma_es:20
p12v4m6-F-cma_es-s2048,cma_es,2048,21,1.0711633330666708,completed,cma_es:21
p12v4m6-F-cma_es-s2048,cma_es,2048,22,0.5954925166043769,completed,cma_es:22
p12v4m6-F-cma_es-s2048,cma_es,2048,23,1.4721617328376837,completed,cma_es:23
p12v4m6-F-cma_es-s4096,cma_es,4096,0,1.059044893874013,completed,cma_es:0
p12v4m6-F-cma_es-s4096,cma_es,4096,1,0.8374139232762962,completed,cma_es:1
p12v4m6-F-cma_es-s4096,cma_es,4096,2,1.0202504220933464,completed,cma_es:2
p12v4m6-F-cma_es-s4096,cma_es,4096,3,1.6679314902635574,completed,cma_es:3
p12v4m6-F-cma_es-s4096,cma_es,4096,4,1.2701299591185982,completed,cma_es:4
p12v4m6-F-cma_es-s4096,cma_es,4096,5,1.1777689906415598,completed,cma_es:5
p12v4m6-F-cma_es-s4096,cma_es,4096,6,0.915414872780093,completed,cma_es:6
p12v4m6-F-cma_es-s4096,cma_es,4096,7,1.819376590202859,completed,cma_es:7
p12v4m6-F-cma_es-s4096,cma_es,4096,8,0.7243708472168453,completed,cma_es:8
p12v4m6-F-cma_es-s4096,cma_es,4096,9,1.245600193723741,completed,cma_es:9
p12v4m6-F-cma_es-s4096,cma_es,4096,10,1.288300561537627,completed,cma_es:10
p12v4m6-F-cma_es-s4096,cma_es,4096,11,1.0195903279151581,completed,cma_es:11
p12v4m6-F-cma_es-s4096,cma_es,4096,12,0.83892281267746,completed,cma_es:12
p12v4m6-F-cma_es-s4096,cma_es,4096,13,1.23925866494557,completed,cma_es:13
p12v4m6-F-cma_es-s4096,cma_es,4096,14,1.2594806642489873,completed,cma_es:14
p12v4m6-F-cma_es-s4096,cma_es,4096,15,1.6126550567754405,completed,cma_es:15
p12v4m6-F-cma_es-s4096,cma_es,4096,16,0.6981931014747723,completed,cma_es:16
p12v4m6-F-cma_es-s4096,cma_es,4096,17,0.8715195586177819,completed,cma_es:17
p12v4m6-F-cma_es-s4096,cma_es,4096,18,1.3953256932774345,completed,cma_es:18
p12v4m6-F-cma_es-s4096,cma_es,4096,19,1.4438200809473583,completed,cma_es:19
p12v4m6-F-cma_es-s4096,cma_es,4096,20,1.2103290162008151,completed,cma_es:20
p12v4m6-F-cma_es-s4096,cma_es,4096,21,0.6766736602196843,completed,cma_es:21
p12v4m6-F-cma_es-s4096,cma_es,4096,22,0.8680963481613146,completed,cma_es:22
p12v4m6-F-cma_es-s4096,cma_es,4096,23,1.029568208153668,completed,cma_es:23
p12v4m6-F-cma_es-s8192,cma_es,8192,0,0.9749439466599615,completed,cma_es:0
p12v4m6-F-cma_es-s8192,cma_es,8192,1,0.8020309725858251,completed,cma_es:1
p12v4m6-F-cma_es-s8192,cma_es,8192,2,1.1050605682206112,completed,cma_es:2
p12v4m6-F-cma_es-s8192,cma_es,8192,3,1.3755708047598467,completed,cma_es:3
p12v4m6-F-cma_es-s8192,cma_es,8192,4,0.8895002944471728,completed,cma_es:4
p12v4m6-F-cma_es-s8192,cma_es,8192,5,1.1338457420209276,completed,cma_es:5
p12v4m6-F-cma_es-s8192,cma_es,8192,6,0.8163175580942388,completed,cma_es:6
p12v4m6-F-cma_es-s8192,cma_es,8192,7,0.6683017963238647,completed,cma_es:7
p12v4m6-F-cma_es-s8192,cma_es,8192,8,0.7915704555496569,completed,cma_es:8
p12v4m6-F-cma_es-s8192,cma_es,8192,9,0.8958858739757068,completed,cma_es:9
p12v4m6-F-cma_es-s8192,cma_es,8192,10,0.716936343359166,completed,cma_es:10
p12v4m6-F-cma_es-s8192,cma_es,8192,11,1.0910595066754762,completed,cma_es:11
p12v4m6-F-cma_es-s8192,cma_es,8192,12,0.8426537908361186,completed,cma_es:12
p12v4m6-F-cma_es-s8192,cma_es,8192,13,0.9833943304888977,completed,cma_es:13
p12v4m6-F-cma_es-s8192,cma_es,8192,14,0.9845088702047687,completed,cma_es:14
p12v4m6-F-cma_es-s8192,cma_es,8192,15,1.315587813610691,completed,cma_es:15
p12v4m6-F-cma_es-s8192,cma_es,8192,16,1.0449403775217425,completed,cma_es:16
p12v4m6-F-cma_es-s8192,cma_es,8192,17,0.9710817645732289,completed,cma_es:17
p12v4m6-F-cma_es-s8192,cma_es,8192,18,0.5827662566798152,completed,cma_es:18
p12v4m6-F-cma_es-s8192,cma_es,8192,19,0.5912693196724129,completed,cma_es:19
p12v4m6-F-cma_es-s8192,cma_es,8192,20,1.3346985053824918,completed,cma_es:20
p12v4m6-F-cma_es-s8192,cma_es,8192,21,1.0031956849584063,completed,cma_es:21
p12v4m6-F-cma_es-s8192,cma_es,8192,22,0.9001698888023946,completed,cma_es:22
p12v4m6-F-cma_es-s8192,cma_es,8192,23,1.0971582001696416,completed,cma_es:23
p12v4m6-F-default-s1024,default,1024,0,1.2240725273582043,completed,default:0
p12v4m6-F-default-s1024,default,1024,1,1.2240725273582043,completed,default:1
p12v4m6-F-default-s1024,default,1024,2,1.2240725273582043,completed,default:2
p12v4m6-F-default-s1024,default,1024,3,1.2240725273582043,completed,default:3
p12v4m6-F-default-s1024,default,1024,4,1.2240725273582043,completed,default:4
p12v4m6-F-default-s1024,default,1024,5,1.2240725273582043,completed,default:5
p12v4m6-F-default-s1024,default,1024,6,1.2240725273582043,completed,default:6
p12v4m6-F-default-s1024,default,1024,7,1.2240725273582043,completed,default:7
p12v4m6-F-default-s1024,default,1024,8,1.2240725273582043,completed,default:8
p12v4m6-F-default-s1024,default,1024,9,1.2240725273582043,completed,default:9
p12v4m6-F-default-s1024,default,1024,10,1.2240725273582043,completed,default:10
p12v4m6-F-default-s1024,default,1024,11,1.2240725273582043,completed,default:11
p12v4m6-F-default-s1024,default,1024,12,1.2240725273582043,completed,default:12
p12v4m6-F-default-s1024,default,1024,13,1.2240725273582043,completed,default:13
p12v4m6-F-default-s1024,default,1024,14,1.2240725273582043,completed,default:14
p12v4m6-F-default-s1024,default,1024,15,1.2240725273582043,completed,default:15
p12v4m6-F-default-s1024,default,1024,16,1.2240725273582043,completed,default:16
p12v4m6-F-default-s1024,default,1024,17,1.2240725273582043,completed,default:17
p12v4m6-F-default-s1024,default,1024,18,1.2240725273582043,completed,default:18
p12v4m6-F-default-s1024,default,1024,19,1.2240725273582043,completed,default:19
p12v4m6-F-default-s1024,default,1024,20,1.2240725273582043,completed,default:20
p12v4m6-F-default-s1024,default,1024,21,1.2240725273582043,completed,default:21
p12v4m6-F-default-s1024,default,1024,22,1.2240725273582043,completed,default:22
p12v4m6-F-default-s1024,default,1024,23,1.2240725273582043,completed,default:23
p12v4m6-F-default-s16384,default,16384,0,0.5588737680106971,completed,default:0
p12v4m6-F-default-s16384,default,16384,1,0.5588737680106971,completed,default:1
p12v4m6-F-default-s16384,default,16384,2,0.5588737680106971,completed,default:2
p12v4m6-F-default-s16384,default,16384,3,0.5588737680106971,completed,default:3
p12v4m6-F-default-s16384,default,16384,4,0.5588737680106971,completed,default:4
p12v4m6-F-default-s16384,default,16384,5,0.5588737680106971,completed,default:5
p12v4m6-F-default-s16384,default,16384,6,0.5588737680106971,completed,default:6
p12v4m6-F-default-s16384,default,16384,7,0.5588737680106971,completed,default:7
p12v4m6-F-default-s16384,default,16384,8,0.5588737680106971,completed,default:8
p12v4m6-F-default-s16384,default,16384,9,0.5588737680106971,completed,default:9
p12v4m6-F-default-s16384,default,16384,10,0.5588737680106971,completed,default:10
p12v4m6-F-default-s16384,default,16384,11,0.5588737680106971,completed,default:11
p12v4m6-F-default-s16384,default,16384,12,0.5588737680106971,completed,default:12
p12v4m6-F-default-s16384,default,16384,13,0.5588737680106971,completed,default:13
p12v4m6-F-default-s16384,default,16384,14,0.5588737680106971,completed,default:14
p12v4m6-F-default-s16384,default,16384,15,0.5588737680106971,completed,default:15
p12v4m6-F-default-s16384,default,16384,16,0.5588737680106971,completed,default:16
p12v4m6-F-default-s16384,default,16384,17,0.5588737680106971,completed,default:17
p12v4m6-F-default-s16384,default,16384,18,0.5588737680106971,completed,default:18
p12v4m6-F-default-s16384,default,16384,19,0.5588737680106971,completed,default:19
p12v4m6-F-default-s16384,default,16384,20,0.5588737680106971,completed,default:20
p12v4m6-F-default-s16384,default,16384,21,0.5588737680106971,completed,default:21
p12v4m6-F-default-s16384,default,16384,22,0.5588737680106971,completed,default:22
p12v4m6-F-default-s16384,default,16384,23,0.5588737680106971,completed,default:23
p12v4m6-F-default-s2048,default,2048,0,1.1511015834976908,completed,default:0
p12v4m6-F-default-s2048,default,2048,1,1.1511015834976908,completed,default:1
p12v4m6-F-default-s2048,default,2048,2,1.1511015834976908,completed,default:2
p12v4m6-F-default-s2048,default,2048,3,1.1511015834976908,completed,default:3
p12v4m6-F-default-s2048,default,2048,4,1.1511015834976908,completed,default:4
p12v4m6-F-default-s2048,default,2048,5,1.1511015834976908,completed,default:5
p12v4m6-F-default-s2048,default,2048,6,1.1511015834976908,completed,default:6
p12v4m6-F-default-s2048,default,2048,7,1.1511015834976908,completed,default:7
p12v4m6-F-default-s2048,default,2048,8,1.1511015834976908,completed,default:8
p12v4m6-F-default-s2048,default,2048,9,1.1511015834976908,completed,default:9
p12v4m6-F-default-s2048,default,2048,10,1.1511015834976908,completed,default:10
p12v4m6-F-default-s2048,default,2048,11,1.1511015834976908,completed,default:11
p12v4m6-F-default-s2048,default,2048,12,1.1511015834976908,completed,default:12
p12v4m6-F-default-s2048,default,2048,13,1.1511015834976908,completed,default:13
p12v4m6-F-default-s2048,default,2048,14,1.1511015834976908,completed,default:14
p12v4m6-F-default-s2048,default,2048,15,1.1511015834976908,completed,default:15
p12v4m6-F-default-s2048,default,2048,16,1.1511015834976908,completed,default:16
p12v4m6-F-default-s2048,default,2048,17,1.1511015834976908,completed,default:17
p12v4m6-F-default-s2048,default,2048,18,1.1511015834976908,completed,default:18
p12v4m6-F-default-s2048,default,2048,19,1.1511015834976908,completed,default:19
p12v4m6-F-default-s2048,default,2048,20,1.1511015834976908,completed,default:20
p12v4m6-F-default-s2048,default,2048,21,1.1511015834976908,completed,default:21
p12v4m6-F-default-s2048,default,2048,22,1.1511015834976908,completed,default:22
p12v4m6-F-default-s2048,default,2048,23,1.1511015834976908,completed,default:23
p12v4m6-F-default-s4096,default,4096,0,1.5987116726282533,completed,default:0
p12v4m6-F-default-s4096,default,4096,1,1.5987116726282533,completed,default:1
p12v4m6-F-default-s4096,default,4096,2,1.5987116726282533,completed,default:2
p12v4m6-F-default-s4096,default,4096,3,1.5987116726282533,completed,default:3
p12v4m6-F-default-s4096,default,4096,4,1.5987116726282533,completed,default:4
p12v4m6-F-default-s4096,default,4096,5,1.5987116726282533,completed,default:5
p12v4m6-F-default-s4096,default,4096,6,1.5987116726282533,completed,default:6
p12v4m6-F-default-s4096,default,4096,7,1.5987116726282533,completed,default:7
p12v4m6-F-default-s4096,default,4096,8,1.5987116726282533,completed,default:8
p12v4m6-F-default-s4096,default,4096,9,1.5987116726282533,completed,default:9
p12v4m6-F-default-s4096,default,4096,10,1.5987116726282533,completed,default:10
p12v4m6-F-default-s4096,default,4096,11,1.5987116726282533,completed,default:11
p12v4m6-F-default-s4096,default,4096,12,1.5987116726282533,completed,default:12
p12v4m6-F-default-s4096,default,4096,13,1.5987116726282533,completed,default:13
p12v4m6-F-default-s4096,default,4096,14,1.5987116726282533,completed,default:14
p12v4m6-F-default-s4096,default,4096,15,1.5987116726282533,completed,default:15
p12v4m6-F-default-s4096,default,4096,16,1.5987116726282533,completed,default:16
p12v4m6-F-default-s4096,default,4096,17,1.5987116726282533,completed,default:17
p12v4m6-F-default-s4096,default,4096,18,1.5987116726282533,completed,default:18
p12v4m6-F-default-s4096,default,4096,19,1.5987116726282533,completed,default:19
p12v4m6-F-default-s4096,default,4096,20,1.5987116726282533,completed,default:20
p12v4m6-F-default-s4096,default,4096,21,1.5987116726282533,completed,default:21
p12v4m6-F-default-s4096,default,4096,22,1.5987116726282533,completed,default:22
p12v4m6-F-default-s4096,default,4096,23,1.5987116726282533,completed,default:23
p12v4m6-F-default-s8192,default,8192,0,1.0503103401125005,completed,default:0
p12v4m6-F-default-s8192,default,8192,1,1.0503103401125005,completed,default:1
p12v4m6-F-default-s8192,default,8192,2,1.0503103401125005,completed,default:2
p12v4m6-F-default-s8192,default,8192,3,1.0503103401125005,completed,default:3
p12v4m6-F-default-s8192,default,8192,4,1.0503103401125005,completed,default:4
p12v4m6-F-default-s8192,default,8192,5,1.0503103401125005,completed,default:5
p12v4m6-F-default-s8192,default,8192,6,1.0503103401125005,completed,default:6
p12v4m6-F-default-s8192,default,8192,7,1.0503103401125005,completed,default:7
p12v4m6-F-default-s8192,default,8192,8,1.0503103401125005,completed,default:8
p12v4m6-F-default-s8192,default,8192,9,1.0503103401125005,completed,default:9
p12v4m6-F-default-s8192,default,8192,10,1.0503103401125005,completed,default:10
p12v4m6-F-default-s8192,default,8192,11,1.0503103401125005,completed,default:11
p12v4m6-F-default-s8192,default,8192,12,1.0503103401125005,completed,default:12
p12v4m6-F-default-s8192,default,8192,13,1.0503103401125005,completed,default:13
p12v4m6-F-default-s8192,default,8192,14,1.0503103401125005,completed,default:14
p12v4m6-F-default-s8192,default,8192,15,1.0503103401125005,completed,default:15
p12v4m6-F-default-s8192,default,8192,16,1.0503103401125005,completed,default:16
p12v4m6-F-default-s8192,default,8192,17,1.0503103401125005,completed,default:17
p12v4m6-F-default-s8192,default,8192,18,1.0503103401125005,completed,default:18
p12v4m6-F-default-s8192,default,8192,19,1.0503103401125005,completed,default:19
p12v4m6-F-default-s8192,default,8192,20,1.0503103401125005,completed,default:20
p12v4m6-F-default-s8192,default,8192,21,1.0503103401125005,completed,default:21
p12v4m6-F-default-s8192,default,8192,22,1.0503103401125005,completed,default:22
p12v4m6-F-default-s8192,default,8192,23,1.0503103401125005,completed,default:23
p12v4m6-F-differential_evolution-s1024,differential_evolution,1024,0,1.353012109482696,completed,differential_evolution:0
p12v4m6-F-differential_evolution-s1024,differential_evolution,1024,1,2.0046365862205726,completed,differential_evolution:1
p12v4m6-F-differential_evolution-s1024,differential_evolution,1024,2,1.0909275415396016,completed,differential_evolution:2
p12v4m6-F-differential_evolution-s1024,differential_evolution,1024,3,0.8662102913496704,completed,differential_evolution:3
p12v4m6-F-differential_evolution-s1024,differential_evolution,1024,4,1.2106060937373782,completed,differential_evolution:4
p12v4m6-F-differential_evolution-s1024,differential_evolution,1024,5,1.3131385145103087,completed,differential_evolution:5
p12v4m6-F-differential_evolution-s1024,differential_evolution,1024,6,1.769105253397016,completed,differential_evolution:6
p12v4m6-F-differential_evolution-s1024,differential_evolution,1024,7,1.0751865804981764,completed,differential_evolution:7
p12v4m6-F-differential_evolution-s1024,differential_evolution,1024,8,1.3031601139915197,completed,differential_evolution:8
p12v4m6-F-differential_evolution-s1024,differential_evolution,1024,9,1.0182373798068967,completed,differential_evolution:9
p12v4m6-F-differential_evolution-s1024,differential_evolution,1024,10,1.4543238111349526,completed,differential_evolution:10
p12v4m6-F-differential_evolution-s1024,differential_evolution,1024,11,2.120564707191452,completed,differential_evolution:11
p12v4m6-F-differential_evolution-s1024,differential_evolution,1024,12,0.9992164305298694,completed,differential_evolution:12
p12v4m6-F-differential_evolution-s1024,differential_evolution,1024,13,1.3107601831212778,completed,differential_evolution:13
p12v4m6-F-differential_evolution-s1024,differential_evolution,1024,14,1.3650373879308875,completed,differential_evolution:14
p12v4m6-F-differential_evolution-s1024,differential_evolution,1024,15,1.8036320360164133,completed,differential_evolution:15
p12v4m6-F-differential_evolution-s1024,differential_evolution,1024,16,1.4274967637515208,completed,differential_evolution:16
p12v4m6-F-differential_evolution-s1024,differential_evolution,1024,17,1.431461659306806,completed,differential_evolution:17
p12v4m6-F-differential_evolution-s1024,differential_evolution,1024,18,1.3955746676345098,completed,differential_evolution:18
p12v4m6-F-differential_evolution-s1024,differential_evolution,1024,19,1.100774591747197,completed,differential_evolution:19
p12v4m6-F-differential_evolution-s1024,differential_evolution,1024,20,0.8713289639770869,completed,differential_evolution:20
p12v4m6-F-differential_evolution-s1024,differential_evolution,1024,21,1.2939035207633094,completed,differential_evolution:21
p12v4m6-F-differential_evolution-s1024,differential_evolution,1024,22,1.731625031127435,completed,differential_evolution:22
p12v4m6-F-differential_evolution-s1024,differential_evolution,1024,23,1.2401504135402979,completed,differential_evolution:23
p12v4m6-F-differential_evolution-s16384,differential_evolution,16384,0,1.1270589295395395,completed,differential_evolution:0
p12v4m6-F-differential_evolution-s16384,differential_evolution,16384,1,2.205059709930797,completed,differential_evolution:1
p12v4m6-F-differential_evolution-s16384,differential_evolution,16384,2,0.8924052925273903,completed,differential_evolution:2
p12v4m6-F-differential_evolution-s16384,differential_evolution,16384,3,0.9086999369920328,completed,differential_evolution:3
p12v4m6-F-differential_evolution-s16384,differential_evolution,16384,4,0.9165021585278875,completed,differential_evolution:4
p12v4m6-F-differential_evolution-s16384,differential_evolution,16384,5,1.0046077390488122,completed,differential_evolution:5
p12v4m6-F-differential_evolution-s16384,differential_evolution,16384,6,0.8862530537095472,completed,differential_evolution:6
p12v4m6-F-differential_evolution-s16384,differential_evolution,16384,7,0.9214212526471502,completed,differential_evolution:7
p12v4m6-F-differential_evolution-s16384,differential_evolution,16384,8,0.7386842712234823,completed,differential_evolution:8
p12v4m6-F-differential_evolution-s16384,differential_evolution,16384,9,0.8440731681110544,completed,differential_evolution:9
p12v4m6-F-differential_evolution-s16384,differential_evolution,16384,10,0.9566648421428344,completed,differential_evolution:10
p12v4m6-F-differential_evolution-s16384,differential_evolution,16384,11,0.7385035520049296,completed,differential_evolution:11
p12v4m6-F-differential_evolution-s16384,differential_evolution,16384,12,1.2601261362107548,completed,differential_evolution:12
p12v4m6-F-differential_evolution-s16384,differential_evolution,16384,13,1.3212499162492188,completed,differential_evolution:13
p12v4m6-F-differential_evolution-s16384,differential_evolution,16384,14,0.7730651629178091,completed,differential_evolution:14
p12v4m6-F-differential_evolution-s16384,differential_evolution,16384,15,0.5889236027312111,completed,differential_evolution:15
p12v4m6-F-differential_evolution-s16384,differential_evolution,16384,16,0.3797248890066702,completed,differential_evolution:16
p12v4m6-F-differential_evolution-s16384,differential_evolution,16384,17,0.903724848687318,completed,differential_evolution:17
p12v4m6-F-differential_evolution-s16384,differential_evolution,16384,18,0.0467835594854668,completed,differential_evolution:18
p12v4m6-F-differential_evolution-s16384,differential_evolution,16384,19,0.49213499825572327,completed,differential_evolution:19
p12v4m6-F-differential_evolution-s16384,differential_evolution,16384,20,0.938113299185464,completed,differential_evolution:20
p12v4m6-F-differential_evolution-s16384,differential_evolution,16384,21,0.8223194029716683,completed,differential_evolution:21
p12v4m6-F-differential_evolution-s16384,differential_evolution,16384,22,0.8071158120925627,completed,differential_evolution:22
p12v4m6-F-differential_evolution-s16384,differential_evolution,16384,23,0.8880319374871193,completed,differential_evolution:23
p12v4m6-F-differential_evolution-s2048,differential_evolution,2048,0,1.027000674256978,completed,differential_evolution:0
p12v4m6-F-differential_evolution-s2048,differential_evolution,2048,1,0.7084203391714031,completed,differential_evolution:1
p12v4m6-F-differential_evolution-s2048,differential_evolution,2048,2,1.187439055354486,completed,differential_evolution:2
p12v4m6-F-differential_evolution-s2048,differential_evolution,2048,3,0.9294080348087396,completed,differential_evolution:3
p12v4m6-F-differential_evolution-s2048,differential_evolution,2048,4,1.3349551749108752,completed,differential_evolution:4
p12v4m6-F-differential_evolution-s2048,differential_evolution,2048,5,0.6672364930336375,completed,differential_evolution:5
p12v4m6-F-differential_evolution-s2048,differential_evolution,2048,6,0.8562122453576708,completed,differential_evolution:6
p12v4m6-F-differential_evolution-s2048,differential_evolution,2048,7,0.9858694351374689,completed,differential_evolution:7
p12v4m6-F-differential_evolution-s2048,differential_evolution,2048,8,1.1616371995713344,completed,differential_evolution:8
p12v4m6-F-differential_evolution-s2048,differential_evolution,2048,9,1.2900910405921242,completed,differential_evolution:9
p12v4m6-F-differential_evolution-s2048,differential_evolution,2048,10,0.8790103055497545,completed,differential_evolution:10
p12v4m6-F-differential_evolution-s2048,differential_evolution,2048,11,0.9222429560419804,completed,differential_evolution:11
p12v4m6-F-differential_evolution-s2048,differential_evolution,2048,12,1.0343494820199486,completed,differential_evolution:12
p12v4m6-F-differential_evolution-s2048,differential_evolution,2048,13,0.9084847157701701,completed,differential_evolution:13
p12v4m6-F-differential_evolution-s2048,differential_evolution,2048,14,1.2936902794095182,completed,differential_evolution:14
p12v4m6-F-differential_evolution-s2048,differential_evolution,2048,15,0.4901874563730013,completed,differential_evolution:15
p12v4m6-F-differential_evolution-s2048,differential_evolution,2048,16,1.5754151713977826,completed,differential_evolution:16
p12v4m6-F-differential_evolution-s2048,differential_evolution,2048,17,1.2306356022313758,completed,differential_evolution:17
p12v4m6-F-differential_evolution-s2048,differential_evolution,2048,18,1.2517176623836521,completed,differential_evolution:18
p12v4m6-F-differential_evolution-s2048,differential_evolution,2048,19,1.34721484649353,completed,differential_evolution:19
p12v4m6-F-differential_evolution-s2048,differential_evolution,2048,20,1.2781448560220339,completed,differential_evolution:20
p12v4m6-F-differential_evolution-s2048,differential_evolution,2048,21,1.4604600945781065,completed,differential_evolution:21
p12v4m6-F-differential_evolution-s2048,differential_evolution,2048,22,0.8433405554806261,completed,differential_evolution:22
p12v4m6-F-differential_evolution-s2048,differential_evolution,2048,23,1.1934648326344,completed,differential_evolution:23
p12v4m6-F-differential_evolution-s4096,differential_evolution,4096,0,1.1381710617916392,completed,differential_evolution:0
p12v4m6-F-differential_evolution-s4096,differential_evolution,4096,1,1.104691755226131,completed,differential_evolution:1
p12v4m6-F-differential_evolution-s4096,differential_evolution,4096,2,1.294290879525448,completed,differential_evolution:2
p12v4m6-F-differential_evolution-s4096,differential_evolution,4096,3,1.6926669350943138,completed,differential_evolution:3
p12v4m6-F-differential_evolution-s4096,differential_evolution,4096,4,1.4158133338182628,completed,differential_evolution:4
p12v4m6-F-differential_evolution-s4096,differential_evolution,4096,5,0.9643656448450306,completed,differential_evolution:5
p12v4m6-F-differential_evolution-s4096,differential_evolution,4096,6,1.291696353490249,completed,differential_evolution:6
p12v4m6-F-differential_evolution-s4096,differential_evolution,4096,7,0.6965054073476911,completed,differential_evolution:7
p12v4m6-F-differential_evolution-s4096,differential_evolution,4096,8,1.2542682293848202,completed,differential_evolution:8
p12v4m6-F-differential_evolution-s4096,differential_evolution,4096,9,1.1617097955422875,completed,differential_evolution:9
p12v4m6-F-differential_evolution-s4096,differential_evolution,4096,10,1.09703270723835,completed,differential_evolution:10
p12v4m6-F-differential_evolution-s4096,differential_evolution,4096,11,1.095617525099815,completed,differential_evolution:11
p12v4m6-F-differential_evolution-s4096,differential_evolution,4096,12,1.5533097706557981,completed,differential_evolution:12
p12v4m6-F-differential_evolution-s4096,differential_evolution,4096,13,1.4158899929520137,completed,differential_evolution:13
p12v4m6-F-differential_evolution-s4096,differential_evolution,4096,14,0.8120939772682094,completed,differential_evolution:14
p12v4m6-F-differential_evolution-s4096,differential_evolution,4096,15,1.1398639298482478,completed,differential_evolution:15
p12v4m6-F-differential_evolution-s4096,differential_evolution,4096,16,0.6667062636188381,completed,differential_evolution:16
p12v4m6-F-differential_evolution-s4096,differential_evolution,4096,17,1.041072453913491,completed,differential_evolution:17
p12v4m6-F-differential_evolution-s4096,differential_evolution,4096,18,0.6667062636188381,completed,differential_evolution:18
p12v4m6-F-differential_evolution-s4096,differential_evolution,4096,19,0.8943439570029009,completed,differential_evolution:19
p12v4m6-F-differential_evolution-s4096,differential_evolution,4096,20,1.2490631939851267,completed,differential_evolution:20
p12v4m6-F-differential_evolution-s4096,differential_evolution,4096,21,0.655668087289505,completed,differential_evolution:21
p12v4m6-F-differential_evolution-s4096,differential_evolution,4096,22,0.9682223009266674,completed,differential_evolution:22
p12v4m6-F-differential_evolution-s4096,differential_evolution,4096,23,0.9076709390078223,completed,differential_evolution:23
p12v4m6-F-differential_evolution-s8192,differential_evolution,8192,0,0.9490673540709373,completed,differential_evolution:0
p12v4m6-F-differential_evolution-s8192,differential_evolution,8192,1,0.6172757427959755,completed,differential_evolution:1
p12v4m6-F-differential_evolution-s8192,differential_evolution,8192,2,1.0297439249934772,completed,differential_evolution:2
p12v4m6-F-differential_evolution-s8192,differential_evolution,8192,3,0.8645843247310501,completed,differential_evolution:3
p12v4m6-F-differential_evolution-s8192,differential_evolution,8192,4,0.6886905884186766,completed,differential_evolution:4
p12v4m6-F-differential_evolution-s8192,differential_evolution,8192,5,1.3526700542409384,completed,differential_evolution:5
p12v4m6-F-differential_evolution-s8192,differential_evolution,8192,6,0.9958401138193863,completed,differential_evolution:6
p12v4m6-F-differential_evolution-s8192,differential_evolution,8192,7,1.167318282570749,completed,differential_evolution:7
p12v4m6-F-differential_evolution-s8192,differential_evolution,8192,8,0.8780670324470754,completed,differential_evolution:8
p12v4m6-F-differential_evolution-s8192,differential_evolution,8192,9,1.2663972774933363,completed,differential_evolution:9
p12v4m6-F-differential_evolution-s8192,differential_evolution,8192,10,1.2756050755383148,completed,differential_evolution:10
p12v4m6-F-differential_evolution-s8192,differential_evolution,8192,11,0.5863189431087543,completed,differential_evolution:11
p12v4m6-F-differential_evolution-s8192,differential_evolution,8192,12,0.8717213526366988,completed,differential_evolution:12
p12v4m6-F-differential_evolution-s8192,differential_evolution,8192,13,0.933235435863302,completed,differential_evolution:13
p12v4m6-F-differential_evolution-s8192,differential_evolution,8192,14,1.414561652724742,completed,differential_evolution:14
p12v4m6-F-differential_evolution-s8192,differential_evolution,8192,15,0.8679063976589818,completed,differential_evolution:15
p12v4m6-F-differential_evolution-s8192,differential_evolution,8192,16,1.0987088608677662,completed,differential_evolution:16
p12v4m6-F-differential_evolution-s8192,differential_evolution,8192,17,0.7749102648976646,completed,differential_evolution:17
p12v4m6-F-differential_evolution-s8192,differential_evolution,8192,18,0.7785695323252592,completed,differential_evolution:18
p12v4m6-F-differential_evolution-s8192,differential_evolution,8192,19,0.8715993959426066,completed,differential_evolution:19
p12v4m6-F-differential_evolution-s8192,differential_evolution,8192,20,1.371616535974637,completed,differential_evolution:20
p12v4m6-F-differential_evolution-s8192,differential_evolution,8192,21,1.2663972774933363,completed,differential_evolution:21
p12v4m6-F-differential_evolution-s8192,differential_evolution,8192,22,0.6225143750587528,completed,differential_evolution:22
p12v4m6-F-differential_evolution-s8192,differential_evolution,8192,23,1.361188894849519,completed,differential_evolution:23
p12v4m6-F-genetic-s1024,genetic,1024,0,1.353012109482696,completed,genetic:0
p12v4m6-F-genetic-s1024,genetic,1024,1,2.0046365862205726,completed,genetic:1
p12v4m6-F-genetic-s1024,genetic,1024,2,1.1570156408776833,completed,genetic:2
p12v4m6-F-genetic-s1024,genetic,1024,3,1.1570156408776833,completed,genetic:3
p12v4m6-F-genetic-s1024,genetic,1024,4,1.2034571798078477,completed,genetic:4
p12v4m6-F-genetic-s1024,genetic,1024,5,2.08454761033281,completed,genetic:5
p12v4m6-F-genetic-s1024,genetic,1024,6,1.2672509268598917,completed,genetic:6
p12v4m6-F-genetic-s1024,genetic,1024,7,1.3789118557761073,completed,genetic:7
p12v4m6-F-genetic-s1024,genetic,1024,8,1.3789118557761073,completed,genetic:8
p12v4m6-F-genetic-s1024,genetic,1024,9,0.6165876619269232,completed,genetic:9
p12v4m6-F-genetic-s1024,genetic,1024,10,2.0046365862205726,completed,genetic:10
p12v4m6-F-genetic-s1024,genetic,1024,11,1.3789118557761073,completed,genetic:11
p12v4m6-F-genetic-s1024,genetic,1024,12,1.9335896060877884,completed,genetic:12
p12v4m6-F-genetic-s1024,genetic,1024,13,1.4516436213055877,completed,genetic:13
p12v4m6-F-genetic-s1024,genetic,1024,14,1.9665311685313625,completed,genetic:14
p12v4m6-F-genetic-s1024,genetic,1024,15,2.0046365862205726,completed,genetic:15
p12v4m6-F-genetic-s1024,genetic,1024,16,1.6567519366730579,completed,genetic:16
p12v4m6-F-genetic-s1024,genetic,1024,17,2.08454761033281,completed,genetic:17
p12v4m6-F-genetic-s1024,genetic,1024,18,2.0046365862205726,completed,genetic:18
p12v4m6-F-genetic-s1024,genetic,1024,19,1.4516436213055877,completed,genetic:19
p12v4m6-F-genetic-s1024,genetic,1024,20,1.171637220539292,completed,genetic:20
p12v4m6-F-genetic-s1024,genetic,1024,21,1.1952037543803575,completed,genetic:21
p12v4m6-F-genetic-s1024,genetic,1024,22,1.7886747360398432,completed,genetic:22
p12v4m6-F-genetic-s1024,genetic,1024,23,0.7624821320596794,completed,genetic:23
p12v4m6-F-genetic-s16384,genetic,16384,0,1.1270589295395395,completed,genetic:0
p12v4m6-F-genetic-s16384,genetic,16384,1,2.205059709930797,completed,genetic:1
p12v4m6-F-genetic-s16384,genetic,16384,2,1.022105267287544,completed,genetic:2
p12v4m6-F-genetic-s16384,genetic,16384,3,1.1234765129515474,completed,genetic:3
p12v4m6-F-genetic-s16384,genetic,16384,4,1.446651933184442,completed,genetic:4
p12v4m6-F-genetic-s16384,genetic,16384,5,1.022105267287544,completed,genetic:5
p12v4m6-F-genetic-s16384,genetic,16384,6,0.34876076402610506,completed,genetic:6
p12v4m6-F-genetic-s16384,genetic,16384,7,0.5738428678570281,completed,genetic:7
p12v4m6-F-genetic-s16384,genetic,16384,8,1.1270589295395395,completed,genetic:8
p12v4m6-F-genetic-s16384,genetic,16384,9,1.1270589295395395,completed,genetic:9
p12v4m6-F-genetic-s16384,genetic,16384,10,1.446651933184442,completed,genetic:10
p12v4m6-F-genetic-s16384,genetic,16384,11,1.022105267287544,completed,genetic:11
p12v4m6-F-genetic-s16384,genetic,16384,12,1.9367145356354012,completed,genetic:12
p12v4m6-F-genetic-s16384,genetic,16384,13,1.1270589295395395,completed,genetic:13
p12v4m6-F-genetic-s16384,genetic,16384,14,1.7450477255835954,completed,genetic:14
p12v4m6-F-genetic-s16384,genetic,16384,15,1.7450477255835954,completed,genetic:15
p12v4m6-F-genetic-s16384,genetic,16384,16,1.6961053194926545,completed,genetic:16
p12v4m6-F-genetic-s16384,genetic,16384,17,0.5358299921638896,completed,genetic:17
p12v4m6-F-genetic-s16384,genetic,16384,18,1.7450477255835954,completed,genetic:18
p12v4m6-F-genetic-s16384,genetic,16384,19,0.7925406676319885,completed,genetic:19
p12v4m6-F-genetic-s16384,genetic,16384,20,1.2367661167823996,completed,genetic:20
p12v4m6-F-genetic-s16384,genetic,16384,21,1.446651933184442,completed,genetic:21
p12v4m6-F-genetic-s16384,genetic,16384,22,0.7925406676319885,completed,genetic:22
p12v4m6-F-genetic-s16384,genetic,16384,23,1.7450477255835954,completed,genetic:23
p12v4m6-F-genetic-s2048,genetic,2048,0,1.027000674256978,completed,genetic:0
p12v4m6-F-genetic-s2048,genetic,2048,1,0.7084203391714031,completed,genetic:1
p12v4m6-F-genetic-s2048,genetic,2048,2,0.7084203391714031,completed,genetic:2
p12v4m6-F-genetic-s2048,genetic,2048,3,1.2544199876023525,completed,genetic:3
p12v4m6-F-genetic-s2048,genetic,2048,4,1.2544199876023525,completed,genetic:4
p12v4m6-F-genetic-s2048,genetic,2048,5,0.7084203391714031,completed,genetic:5
p12v4m6-F-genetic-s2048,genetic,2048,6,0.7084203391714031,completed,genetic:6
p12v4m6-F-genetic-s2048,genetic,2048,7,1.1916985167402523,completed,genetic:7
p12v4m6-F-genetic-s2048,genetic,2048,8,1.4371383414350802,completed,genetic:8
p12v4m6-F-genetic-s2048,genetic,2048,9,1.2544199876023525,completed,genetic:9
p12v4m6-F-genetic-s2048,genetic,2048,10,0.9754474063801634,completed,genetic:10
p12v4m6-F-genetic-s2048,genetic,2048,11,1.2544199876023525,completed,genetic:11
p12v4m6-F-genetic-s2048,genetic,2048,12,1.2544199876023525,completed,genetic:12
p12v4m6-F-genetic-s2048,genetic,2048,13,1.1916985167402523,completed,genetic:13
p12v4m6-F-genetic-s2048,genetic,2048,14,1.2544199876023525,completed,genetic:14
p12v4m6-F-genetic-s2048,genetic,2048,15,1.2544199876023525,completed,genetic:15
p12v4m6-F-genetic-s2048,genetic,2048,16,1.4371383414350802,completed,genetic:16
p12v4m6-F-genetic-s2048,genetic,2048,17,0.9826775131542526,completed,genetic:17
p12v4m6-F-genetic-s2048,genetic,2048,18,0.9826775131542526,completed,genetic:18
p12v4m6-F-genetic-s2048,genetic,2048,19,1.4371383414350802,completed,genetic:19
p12v4m6-F-genetic-s2048,genetic,2048,20,0.9826775131542526,completed,genetic:20
p12v4m6-F-genetic-s2048,genetic,2048,21,1.2544199876023525,completed,genetic:21
p12v4m6-F-genetic-s2048,genetic,2048,22,0.9826775131542526,completed,genetic:22
p12v4m6-F-genetic-s2048,genetic,2048,23,1.2544199876023525,completed,genetic:23
p12v4m6-F-genetic-s4096,genetic,4096,0,1.1381710617916392,completed,genetic:0
p12v4m6-F-genetic-s4096,genetic,4096,1,1.104691755226131,completed,genetic:1
p12v4m6-F-genetic-s4096,genetic,4096,2,1.104691755226131,completed,genetic:2
p12v4m6-F-genetic-s4096,genetic,4096,3,1.2715652933056794,completed,genetic:3
p12v4m6-F-genetic-s4096,genetic,4096,4,1.104691755226131,completed,genetic:4
p12v4m6-F-genetic-s4096,genetic,4096,5,1.234653672043806,completed,genetic:5
p12v4m6-F-genetic-s4096,genetic,4096,6,1.104691755226131,completed,genetic:6
p12v4m6-F-genetic-s4096,genetic,4096,7,1.6338826003040559,completed,genetic:7
p12v4m6-F-genetic-s4096,genetic,4096,8,1.2322780841835301,completed,genetic:8
p12v4m6-F-genetic-s4096,genetic,4096,9,1.234653672043806,completed,genetic:9
p12v4m6-F-genetic-s4096,genetic,4096,10,1.105312654180602,completed,genetic:10
p12v4m6-F-genetic-s4096,genetic,4096,11,1.2629363602775006,completed,genetic:11
p12v4m6-F-genetic-s4096,genetic,4096,12,0.9192377844851047,completed,genetic:12
p12v4m6-F-genetic-s4096,genetic,4096,13,1.234653672043806,completed,genetic:13
p12v4m6-F-genetic-s4096,genetic,4096,14,0.7651503011647408,completed,genetic:14
p12v4m6-F-genetic-s4096,genetic,4096,15,1.110382472171919,completed,genetic:15
p12v4m6-F-genetic-s4096,genetic,4096,16,1.234653672043806,completed,genetic:16
p12v4m6-F-genetic-s4096,genetic,4096,17,1.234653672043806,completed,genetic:17
p12v4m6-F-genetic-s4096,genetic,4096,18,1.568715593754505,completed,genetic:18
p12v4m6-F-genetic-s4096,genetic,4096,19,1.234653672043806,completed,genetic:19
p12v4m6-F-genetic-s4096,genetic,4096,20,1.2853074607860957,completed,genetic:20
p12v4m6-F-genetic-s4096,genetic,4096,21,0.921807283094563,completed,genetic:21
p12v4m6-F-genetic-s4096,genetic,4096,22,1.234653672043806,completed,genetic:22
p12v4m6-F-genetic-s4096,genetic,4096,23,1.004662056977522,completed,genetic:23
p12v4m6-F-genetic-s8192,genetic,8192,0,0.9490673540709373,completed,genetic:0
p12v4m6-F-genetic-s8192,genetic,8192,1,0.6172757427959755,completed,genetic:1
p12v4m6-F-genetic-s8192,genetic,8192,2,0.8306327214448068,completed,genetic:2
p12v4m6-F-genetic-s8192,genetic,8192,3,1.2814952358701488,completed,genetic:3
p12v4m6-F-genetic-s8192,genetic,8192,4,0.6172757427959755,completed,genetic:4
p12v4m6-F-genetic-s8192,genetic,8192,5,1.2814952358701488,completed,genetic:5
p12v4m6-F-genetic-s8192,genetic,8192,6,1.2814952358701488,completed,genetic:6
p12v4m6-F-genetic-s8192,genetic,8192,7,1.2814952358701488,completed,genetic:7
p12v4m6-F-genetic-s8192,genetic,8192,8,1.3956004310661312,completed,genetic:8
p12v4m6-F-genetic-s8192,genetic,8192,9,1.0190718660539968,completed,genetic:9
p12v4m6-F-genetic-s8192,genetic,8192,10,0.7438278073197598,completed,genetic:10
p12v4m6-F-genetic-s8192,genetic,8192,11,1.346074203331171,completed,genetic:11
p12v4m6-F-genetic-s8192,genetic,8192,12,1.2814952358701488,completed,genetic:12
p12v4m6-F-genetic-s8192,genetic,8192,13,1.2814952358701488,completed,genetic:13
p12v4m6-F-genetic-s8192,genetic,8192,14,1.2814952358701488,completed,genetic:14
p12v4m6-F-genetic-s8192,genetic,8192,15,1.2814952358701488,completed,genetic:15
p12v4m6-F-genetic-s8192,genetic,8192,16,1.2814952358701488,completed,genetic:16
p12v4m6-F-genetic-s8192,genetic,8192,17,0.9277685704164996,completed,genetic:17
p12v4m6-F-genetic-s8192,genetic,8192,18,1.2814952358701488,completed,genetic:18
p12v4m6-F-genetic-s8192,genetic,8192,19,0.4094737114156459,completed,genetic:19
p12v4m6-F-genetic-s8192,genetic,8192,20,1.2814952358701488,completed,genetic:20
p12v4m6-F-genetic-s8192,genetic,8192,21,1.346074203331171,completed,genetic:21
p12v4m6-F-genetic-s8192,genetic,8192,22,1.2814952358701488,completed,genetic:22
p12v4m6-F-genetic-s8192,genetic,8192,23,1.2814952358701488,completed,genetic:23
p12v4m6-F-nsga_ii-s1024,nsga_ii,1024,0,1.3813383772150674,completed,nsga_ii:0
p12v4m6-F-nsga_ii-s1024,nsga_ii,1024,1,2.038810869533788,completed,nsga_ii:1
p12v4m6-F-nsga_ii-s1024,nsga_ii,1024,2,1.3813383772150674,completed,nsga_ii:2
p12v4m6-F-nsga_ii-s1024,nsga_ii,1024,3,2.038810869533788,completed,nsga_ii:3
p12v4m6-F-nsga_ii-s1024,nsga_ii,1024,4,1.2140923446668537,completed,nsga_ii:4
p12v4m6-F-nsga_ii-s1024,nsga_ii,1024,5,1.3582888129749446,completed,nsga_ii:5
p12v4m6-F-nsga_ii-s1024,nsga_ii,1024,6,1.5838845612905768,completed,nsga_ii:6
p12v4m6-F-nsga_ii-s1024,nsga_ii,1024,7,1.8900289670998696,completed,nsga_ii:7
p12v4m6-F-nsga_ii-s1024,nsga_ii,1024,8,0.7804916237504347,completed,nsga_ii:8
p12v4m6-F-nsga_ii-s1024,nsga_ii,1024,9,2.038810869533788,completed,nsga_ii:9
p12v4m6-F-nsga_ii-s1024,nsga_ii,1024,10,2.038810869533788,completed,nsga_ii:10
p12v4m6-F-nsga_ii-s1024,nsga_ii,1024,11,2.038810869533788,completed,nsga_ii:11
p12v4m6-F-nsga_ii-s1024,nsga_ii,1024,12,0.8589770771053467,completed,nsga_ii:12
p12v4m6-F-nsga_ii-s1024,nsga_ii,1024,13,2.1171288152178853,completed,nsga_ii:13
p12v4m6-F-nsga_ii-s1024,nsga_ii,1024,14,2.038810869533788,completed,nsga_ii:14
p12v4m6-F-nsga_ii-s1024,nsga_ii,1024,15,2.1171288152178853,completed,nsga_ii:15
p12v4m6-F-nsga_ii-s1024,nsga_ii,1024,16,1.7179149060919587,completed,nsga_ii:16
p12v4m6-F-nsga_ii-s1024,nsga_ii,1024,17,0.8748029537114347,completed,nsga_ii:17
p12v4m6-F-nsga_ii-s1024,nsga_ii,1024,18,1.5487897202949281,completed,nsga_ii:18
p12v4m6-F-nsga_ii-s1024,nsga_ii,1024,19,1.3210133566027005,completed,nsga_ii:19
p12v4m6-F-nsga_ii-s1024,nsga_ii,1024,20,2.038810869533788,completed,nsga_ii:20
p12v4m6-F-nsga_ii-s1024,nsga_ii,1024,21,1.38173281592419,completed,nsga_ii:21
p12v4m6-F-nsga_ii-s1024,nsga_ii,1024,22,1.0083899292416123,completed,nsga_ii:22
p12v4m6-F-nsga_ii-s1024,nsga_ii,1024,23,0.9061352096126266,completed,nsga_ii:23
p12v4m6-F-nsga_ii-s16384,nsga_ii,16384,0,1.1552282145882724,completed,nsga_ii:0
p12v4m6-F-nsga_ii-s16384,nsga_ii,16384,1,2.240645648612238,completed,nsga_ii:1
p12v4m6-F-nsga_ii-s16384,nsga_ii,16384,2,1.1552282145882724,completed,nsga_ii:2
p12v4m6-F-nsga_ii-s16384,nsga_ii,16384,3,1.4366687507062752,completed,nsga_ii:3
p12v4m6-F-nsga_ii-s16384,nsga_ii,16384,4,1.1552282145882724,completed,nsga_ii:4
p12v4m6-F-nsga_ii-s16384,nsga_ii,16384,5,1.279213086857029,completed,nsga_ii:5
p12v4m6-F-nsga_ii-s16384,nsga_ii,16384,6,0.667461217215801,completed,nsga_ii:6
p12v4m6-F-nsga_ii-s16384,nsga_ii,16384,7,1.1682651747160522,completed,nsga_ii:7
p12v4m6-F-nsga_ii-s16384,nsga_ii,16384,8,1.7916773550658784,completed,nsga_ii:8
p12v4m6-F-nsga_ii-s16384,nsga_ii,16384,9,0.992905486521232,completed,nsga_ii:9
p12v4m6-F-nsga_ii-s16384,nsga_ii,16384,10,0.6990103533900583,completed,nsga_ii:10
p12v4m6-F-nsga_ii-s16384,nsga_ii,16384,11,1.2923937877449543,completed,nsga_ii:11
p12v4m6-F-nsga_ii-s16384,nsga_ii,16384,12,1.7916773550658784,completed,nsga_ii:12
p12v4m6-F-nsga_ii-s16384,nsga_ii,16384,13,1.7293772126336946,completed,nsga_ii:13
p12v4m6-F-nsga_ii-s16384,nsga_ii,16384,14,1.4366687507062752,completed,nsga_ii:14
p12v4m6-F-nsga_ii-s16384,nsga_ii,16384,15,1.242378689738075,completed,nsga_ii:15
p12v4m6-F-nsga_ii-s16384,nsga_ii,16384,16,0.4502058500650943,completed,nsga_ii:16
p12v4m6-F-nsga_ii-s16384,nsga_ii,16384,17,1.1259419478069528,completed,nsga_ii:17
p12v4m6-F-nsga_ii-s16384,nsga_ii,16384,18,0.6494527522780205,completed,nsga_ii:18
p12v4m6-F-nsga_ii-s16384,nsga_ii,16384,19,1.4008100157678005,completed,nsga_ii:19
p12v4m6-F-nsga_ii-s16384,nsga_ii,16384,20,1.1580662744992558,completed,nsga_ii:20
p12v4m6-F-nsga_ii-s16384,nsga_ii,16384,21,1.4536352551534806,completed,nsga_ii:21
p12v4m6-F-nsga_ii-s16384,nsga_ii,16384,22,0.6729408454649952,completed,nsga_ii:22
p12v4m6-F-nsga_ii-s16384,nsga_ii,16384,23,1.1104995019687465,completed,nsga_ii:23
p12v4m6-F-nsga_ii-s2048,nsga_ii,2048,0,1.0580277947430825,completed,nsga_ii:0
p12v4m6-F-nsga_ii-s2048,nsga_ii,2048,1,0.7331120919828042,completed,nsga_ii:1
p12v4m6-F-nsga_ii-s2048,nsga_ii,2048,2,1.3964531879489581,completed,nsga_ii:2
p12v4m6-F-nsga_ii-s2048,nsga_ii,2048,3,0.9942906511710249,completed,nsga_ii:3
p12v4m6-F-nsga_ii-s2048,nsga_ii,2048,4,1.2354862883077944,completed,nsga_ii:4
p12v4m6-F-nsga_ii-s2048,nsga_ii,2048,5,1.3964531879489581,completed,nsga_ii:5
p12v4m6-F-nsga_ii-s2048,nsga_ii,2048,6,1.1616274318388342,completed,nsga_ii:6
p12v4m6-F-nsga_ii-s2048,nsga_ii,2048,7,1.517428162558473,completed,nsga_ii:7
p12v4m6-F-nsga_ii-s2048,nsga_ii,2048,8,0.8512381459640002,completed,nsga_ii:8
p12v4m6-F-nsga_ii-s2048,nsga_ii,2048,9,1.441163467543488,completed,nsga_ii:9
p12v4m6-F-nsga_ii-s2048,nsga_ii,2048,10,1.4836925141663277,completed,nsga_ii:10
p12v4m6-F-nsga_ii-s2048,nsga_ii,2048,11,1.2860308114738699,completed,nsga_ii:11
p12v4m6-F-nsga_ii-s2048,nsga_ii,2048,12,0.6925574656318101,completed,nsga_ii:12
p12v4m6-F-nsga_ii-s2048,nsga_ii,2048,13,1.303441131196155,completed,nsga_ii:13
p12v4m6-F-nsga_ii-s2048,nsga_ii,2048,14,1.3465713855577328,completed,nsga_ii:14
p12v4m6-F-nsga_ii-s2048,nsga_ii,2048,15,1.1214796436901302,completed,nsga_ii:15
p12v4m6-F-nsga_ii-s2048,nsga_ii,2048,16,1.234374249452539,completed,nsga_ii:16
p12v4m6-F-nsga_ii-s2048,nsga_ii,2048,17,1.31504352520981,completed,nsga_ii:17
p12v4m6-F-nsga_ii-s2048,nsga_ii,2048,18,1.0471139603430883,completed,nsga_ii:18
p12v4m6-F-nsga_ii-s2048,nsga_ii,2048,19,1.3337732332348653,completed,nsga_ii:19
p12v4m6-F-nsga_ii-s2048,nsga_ii,2048,20,0.786961283894223,completed,nsga_ii:20
p12v4m6-F-nsga_ii-s2048,nsga_ii,2048,21,1.2055647390231885,completed,nsga_ii:21
p12v4m6-F-nsga_ii-s2048,nsga_ii,2048,22,0.8662829343297339,completed,nsga_ii:22
p12v4m6-F-nsga_ii-s2048,nsga_ii,2048,23,0.9671812438813641,completed,nsga_ii:23
p12v4m6-F-nsga_ii-s4096,nsga_ii,4096,0,1.1675604876090944,completed,nsga_ii:0
p12v4m6-F-nsga_ii-s4096,nsga_ii,4096,1,1.1425212685912827,completed,nsga_ii:1
p12v4m6-F-nsga_ii-s4096,nsga_ii,4096,2,1.175415989860843,completed,nsga_ii:2
p12v4m6-F-nsga_ii-s4096,nsga_ii,4096,3,1.2374724576919232,completed,nsga_ii:3
p12v4m6-F-nsga_ii-s4096,nsga_ii,4096,4,1.175415989860843,completed,nsga_ii:4
p12v4m6-F-nsga_ii-s4096,nsga_ii,4096,5,1.175415989860843,completed,nsga_ii:5
p12v4m6-F-nsga_ii-s4096,nsga_ii,4096,6,1.1597591807002374,completed,nsga_ii:6
p12v4m6-F-nsga_ii-s4096,nsga_ii,4096,7,0.9838363882915249,completed,nsga_ii:7
p12v4m6-F-nsga_ii-s4096,nsga_ii,4096,8,1.2613500219458957,completed,nsga_ii:8
p12v4m6-F-nsga_ii-s4096,nsga_ii,4096,9,0.8981479012200297,completed,nsga_ii:9
p12v4m6-F-nsga_ii-s4096,nsga_ii,4096,10,1.8706950312711907,completed,nsga_ii:10
p12v4m6-F-nsga_ii-s4096,nsga_ii,4096,11,0.8981479012200297,completed,nsga_ii:11
p12v4m6-F-nsga_ii-s4096,nsga_ii,4096,12,1.1163302677213809,completed,nsga_ii:12
p12v4m6-F-nsga_ii-s4096,nsga_ii,4096,13,1.9009956026387558,completed,nsga_ii:13
p12v4m6-F-nsga_ii-s4096,nsga_ii,4096,14,1.2900378782724413,completed,nsga_ii:14
p12v4m6-F-nsga_ii-s4096,nsga_ii,4096,15,1.3843612790526685,completed,nsga_ii:15
p12v4m6-F-nsga_ii-s4096,nsga_ii,4096,16,0.6386706424655978,completed,nsga_ii:16
p12v4m6-F-nsga_ii-s4096,nsga_ii,4096,17,0.8274719637529226,completed,nsga_ii:17
p12v4m6-F-nsga_ii-s4096,nsga_ii,4096,18,1.9009956026387558,completed,nsga_ii:18
p12v4m6-F-nsga_ii-s4096,nsga_ii,4096,19,1.9009956026387558,completed,nsga_ii:19
p12v4m6-F-nsga_ii-s4096,nsga_ii,4096,20,0.8274719637529226,completed,nsga_ii:20
p12v4m6-F-nsga_ii-s4096,nsga_ii,4096,21,1.8147698754506563,completed,nsga_ii:21
p12v4m6-F-nsga_ii-s4096,nsga_ii,4096,22,1.148986536643386,completed,nsga_ii:22
p12v4m6-F-nsga_ii-s4096,nsga_ii,4096,23,0.9750526332558075,completed,nsga_ii:23
p12v4m6-F-nsga_ii-s8192,nsga_ii,8192,0,0.9935329548811568,completed,nsga_ii:0
p12v4m6-F-nsga_ii-s8192,nsga_ii,8192,1,0.6749242006859939,completed,nsga_ii:1
p12v4m6-F-nsga_ii-s8192,nsga_ii,8192,2,0.7076672249684236,completed,nsga_ii:2
p12v4m6-F-nsga_ii-s8192,nsga_ii,8192,3,0.9935329548811568,completed,nsga_ii:3
p12v4m6-F-nsga_ii-s8192,nsga_ii,8192,4,0.9935329548811568,completed,nsga_ii:4
p12v4m6-F-nsga_ii-s8192,nsga_ii,8192,5,0.9935329548811568,completed,nsga_ii:5
p12v4m6-F-nsga_ii-s8192,nsga_ii,8192,6,0.9935329548811568,completed,nsga_ii:6
p12v4m6-F-nsga_ii-s8192,nsga_ii,8192,7,0.9529871329895226,completed,nsga_ii:7
p12v4m6-F-nsga_ii-s8192,nsga_ii,8192,8,0.7111563929498435,completed,nsga_ii:8
p12v4m6-F-nsga_ii-s8192,nsga_ii,8192,9,0.9529871329895226,completed,nsga_ii:9
p12v4m6-F-nsga_ii-s8192,nsga_ii,8192,10,0.8792244996819581,completed,nsga_ii:10
p12v4m6-F-nsga_ii-s8192,nsga_ii,8192,11,0.9935329548811568,completed,nsga_ii:11
p12v4m6-F-nsga_ii-s8192,nsga_ii,8192,12,0.9935329548811568,completed,nsga_ii:12
p12v4m6-F-nsga_ii-s8192,nsga_ii,8192,13,0.9935329548811568,completed,nsga_ii:13
p12v4m6-F-nsga_ii-s8192,nsga_ii,8192,14,0.9935329548811568,completed,nsga_ii:14
p12v4m6-F-nsga_ii-s8192,nsga_ii,8192,15,0.9529871329895226,completed,nsga_ii:15
p12v4m6-F-nsga_ii-s8192,nsga_ii,8192,16,0.9529871329895226,completed,nsga_ii:16
p12v4m6-F-nsga_ii-s8192,nsga_ii,8192,17,0.9935329548811568,completed,nsga_ii:17
p12v4m6-F-nsga_ii-s8192,nsga_ii,8192,18,1.430384645671486,completed,nsga_ii:18
p12v4m6-F-nsga_ii-s8192,nsga_ii,8192,19,1.0444759377655954,completed,nsga_ii:19
p12v4m6-F-nsga_ii-s8192,nsga_ii,8192,20,0.9935329548811568,completed,nsga_ii:20
p12v4m6-F-nsga_ii-s8192,nsga_ii,8192,21,0.9935329548811568,completed,nsga_ii:21
p12v4m6-F-nsga_ii-s8192,nsga_ii,8192,22,0.6455033847411902,completed,nsga_ii:22
p12v4m6-F-nsga_ii-s8192,nsga_ii,8192,23,0.837333587014575,completed,nsga_ii:23
p12v4m6-F-pso-s1024,pso,1024,0,1.353012109482696,completed,pso:0
p12v4m6-F-pso-s1024,pso,1024,1,2.0046365862205726,completed,pso:1
p12v4m6-F-pso-s1024,pso,1024,2,1.0909275415396016,completed,pso:2
p12v4m6-F-pso-s1024,pso,1024,3,0.8662102913496704,completed,pso:3
p12v4m6-F-pso-s1024,pso,1024,4,1.144015292462867,completed,pso:4
p12v4m6-F-pso-s1024,pso,1024,5,0.9788755096450842,completed,pso:5
p12v4m6-F-pso-s1024,pso,1024,6,0.6707708707795449,completed,pso:6
p12v4m6-F-pso-s1024,pso,1024,7,1.6638479213551036,completed,pso:7
p12v4m6-F-pso-s1024,pso,1024,8,1.0008752046162974,completed,pso:8
p12v4m6-F-pso-s1024,pso,1024,9,1.6915836646968474,completed,pso:9
p12v4m6-F-pso-s1024,pso,1024,10,0.7310620375146851,completed,pso:10
p12v4m6-F-pso-s1024,pso,1024,11,1.7024120953063007,completed,pso:11
p12v4m6-F-pso-s1024,pso,1024,12,1.064598395029134,completed,pso:12
p12v4m6-F-pso-s1024,pso,1024,13,1.0761670346396934,completed,pso:13
p12v4m6-F-pso-s1024,pso,1024,14,2.0115654175625233,completed,pso:14
p12v4m6-F-pso-s1024,pso,1024,15,1.8261664086386566,completed,pso:15
p12v4m6-F-pso-s1024,pso,1024,16,0.8249139813058315,completed,pso:16
p12v4m6-F-pso-s1024,pso,1024,17,1.2854731508936923,completed,pso:17
p12v4m6-F-pso-s1024,pso,1024,18,1.7316462432932238,completed,pso:18
p12v4m6-F-pso-s1024,pso,1024,19,1.9050153444980475,completed,pso:19
p12v4m6-F-pso-s1024,pso,1024,20,1.9911967565624558,completed,pso:20
p12v4m6-F-pso-s1024,pso,1024,21,1.482470602831662,completed,pso:21
p12v4m6-F-pso-s1024,pso,1024,22,2.3231814997123212,completed,pso:22
p12v4m6-F-pso-s1024,pso,1024,23,1.7010249031695217,completed,pso:23
p12v4m6-F-pso-s16384,pso,16384,0,1.1270589295395395,completed,pso:0
p12v4m6-F-pso-s16384,pso,16384,1,2.205059709930797,completed,pso:1
p12v4m6-F-pso-s16384,pso,16384,2,0.8924052925273903,completed,pso:2
p12v4m6-F-pso-s16384,pso,16384,3,0.9086999369920328,completed,pso:3
p12v4m6-F-pso-s16384,pso,16384,4,1.8554962262311294,completed,pso:4
p12v4m6-F-pso-s16384,pso,16384,5,0.9043366228454477,completed,pso:5
p12v4m6-F-pso-s16384,pso,16384,6,1.5215208338193047,completed,pso:6
p12v4m6-F-pso-s16384,pso,16384,7,1.0768102549647491,completed,pso:7
p12v4m6-F-pso-s16384,pso,16384,8,0.8002238944792167,completed,pso:8
p12v4m6-F-pso-s16384,pso,16384,9,0.8072063699440226,completed,pso:9
p12v4m6-F-pso-s16384,pso,16384,10,0.2230795398548803,completed,pso:10
p12v4m6-F-pso-s16384,pso,16384,11,1.8216906513286182,completed,pso:11
p12v4m6-F-pso-s16384,pso,16384,12,1.0784637600754086,completed,pso:12
p12v4m6-F-pso-s16384,pso,16384,13,0.9875481741293384,completed,pso:13
p12v4m6-F-pso-s16384,pso,16384,14,0.595941849279436,completed,pso:14
p12v4m6-F-pso-s16384,pso,16384,15,1.153829720642488,completed,pso:15
p12v4m6-F-pso-s16384,pso,16384,16,1.2105084324970787,completed,pso:16
p12v4m6-F-pso-s16384,pso,16384,17,0.5837040827571313,completed,pso:17
p12v4m6-F-pso-s16384,pso,16384,18,0.8161246299915802,completed,pso:18
p12v4m6-F-pso-s16384,pso,16384,19,0.6616639717912017,completed,pso:19
p12v4m6-F-pso-s16384,pso,16384,20,1.3219704680622208,completed,pso:20
p12v4m6-F-pso-s16384,pso,16384,21,1.494245028426642,completed,pso:21
p12v4m6-F-pso-s16384,pso,16384,22,1.207448662239081,completed,pso:22
p12v4m6-F-pso-s16384,pso,16384,23,0.7861462080596818,completed,pso:23
p12v4m6-F-pso-s2048,pso,2048,0,1.027000674256978,completed,pso:0
p12v4m6-F-pso-s2048,pso,2048,1,0.7084203391714031,completed,pso:1
p12v4m6-F-pso-s2048,pso,2048,2,0.7714015967887745,completed,pso:2
p12v4m6-F-pso-s2048,pso,2048,3,1.187439055354486,completed,pso:3
p12v4m6-F-pso-s2048,pso,2048,4,0.9294080348087396,completed,pso:4
p12v4m6-F-pso-s2048,pso,2048,5,0.9075983680980493,completed,pso:5
p12v4m6-F-pso-s2048,pso,2048,6,0.8656661046061392,completed,pso:6
p12v4m6-F-pso-s2048,pso,2048,7,0.8734227834162416,completed,pso:7
p12v4m6-F-pso-s2048,pso,2048,8,1.0762027029033852,completed,pso:8
p12v4m6-F-pso-s2048,pso,2048,9,1.1811373859039578,completed,pso:9
p12v4m6-F-pso-s2048,pso,2048,10,0.8189651495314496,completed,pso:10
p12v4m6-F-pso-s2048,pso,2048,11,0.7406571632804563,completed,pso:11
p12v4m6-F-pso-s2048,pso,2048,12,1.4469822655603235,completed,pso:12
p12v4m6-F-pso-s2048,pso,2048,13,0.9206561138013191,completed,pso:13
p12v4m6-F-pso-s2048,pso,2048,14,0.6926099849370286,completed,pso:14
p12v4m6-F-pso-s2048,pso,2048,15,1.168058853630299,completed,pso:15
p12v4m6-F-pso-s2048,pso,2048,16,0.4241599306302813,completed,pso:16
p12v4m6-F-pso-s2048,pso,2048,17,0.6657508586055177,completed,pso:17
p12v4m6-F-pso-s2048,pso,2048,18,0.8204803724299959,completed,pso:18
p12v4m6-F-pso-s2048,pso,2048,19,0.8643864663467465,completed,pso:19
p12v4m6-F-pso-s2048,pso,2048,20,0.8265049802066728,completed,pso:20
p12v4m6-F-pso-s2048,pso,2048,21,0.9417524973353677,completed,pso:21
p12v4m6-F-pso-s2048,pso,2048,22,1.0240637828057508,completed,pso:22
p12v4m6-F-pso-s2048,pso,2048,23,0.6223408331170875,completed,pso:23
p12v4m6-F-pso-s4096,pso,4096,0,1.1381710617916392,completed,pso:0
p12v4m6-F-pso-s4096,pso,4096,1,1.104691755226131,completed,pso:1
p12v4m6-F-pso-s4096,pso,4096,2,1.294290879525448,completed,pso:2
p12v4m6-F-pso-s4096,pso,4096,3,1.6926669350943138,completed,pso:3
p12v4m6-F-pso-s4096,pso,4096,4,1.2378962827349271,completed,pso:4
p12v4m6-F-pso-s4096,pso,4096,5,1.3045444180754446,completed,pso:5
p12v4m6-F-pso-s4096,pso,4096,6,1.2202305627710268,completed,pso:6
p12v4m6-F-pso-s4096,pso,4096,7,1.6708631935628018,completed,pso:7
p12v4m6-F-pso-s4096,pso,4096,8,1.1813292124101469,completed,pso:8
p12v4m6-F-pso-s4096,pso,4096,9,1.1526619469552302,completed,pso:9
p12v4m6-F-pso-s4096,pso,4096,10,1.2617738799803377,completed,pso:10
p12v4m6-F-pso-s4096,pso,4096,11,1.243851654876819,completed,pso:11
p12v4m6-F-pso-s4096,pso,4096,12,1.4668811424234507,completed,pso:12
p12v4m6-F-pso-s4096,pso,4096,13,1.2697576980408138,completed,pso:13
p12v4m6-F-pso-s4096,pso,4096,14,1.1844899126837183,completed,pso:14
p12v4m6-F-pso-s4096,pso,4096,15,1.4391652332608504,completed,pso:15
p12v4m6-F-pso-s4096,pso,4096,16,0.5781542499136757,completed,pso:16
p12v4m6-F-pso-s4096,pso,4096,17,1.551192182279236,completed,pso:17
p12v4m6-F-pso-s4096,pso,4096,18,1.6954749470884063,completed,pso:18
p12v4m6-F-pso-s4096,pso,4096,19,0.7742045866659265,completed,pso:19
p12v4m6-F-pso-s4096,pso,4096,20,0.8200913735262912,completed,pso:20
p12v4m6-F-pso-s4096,pso,4096,21,0.9347888933601293,completed,pso:21
p12v4m6-F-pso-s4096,pso,4096,22,1.2562525488070753,completed,pso:22
p12v4m6-F-pso-s4096,pso,4096,23,1.0886389118220574,completed,pso:23
p12v4m6-F-pso-s8192,pso,8192,0,0.9490673540709373,completed,pso:0
p12v4m6-F-pso-s8192,pso,8192,1,0.6172757427959755,completed,pso:1
p12v4m6-F-pso-s8192,pso,8192,2,1.0297439249934772,completed,pso:2
p12v4m6-F-pso-s8192,pso,8192,3,0.8645843247310501,completed,pso:3
p12v4m6-F-pso-s8192,pso,8192,4,0.7152963833989966,completed,pso:4
p12v4m6-F-pso-s8192,pso,8192,5,0.5822059620848542,completed,pso:5
p12v4m6-F-pso-s8192,pso,8192,6,0.6886905884186766,completed,pso:6
p12v4m6-F-pso-s8192,pso,8192,7,0.8453149831475334,completed,pso:7
p12v4m6-F-pso-s8192,pso,8192,8,1.083185757637887,completed,pso:8
p12v4m6-F-pso-s8192,pso,8192,9,0.8306792683055615,completed,pso:9
p12v4m6-F-pso-s8192,pso,8192,10,0.6971764564614673,completed,pso:10
p12v4m6-F-pso-s8192,pso,8192,11,0.938298456039866,completed,pso:11
p12v4m6-F-pso-s8192,pso,8192,12,1.0579865554054992,completed,pso:12
p12v4m6-F-pso-s8192,pso,8192,13,1.1339989982040628,completed,pso:13
p12v4m6-F-pso-s8192,pso,8192,14,1.1113671918721595,completed,pso:14
p12v4m6-F-pso-s8192,pso,8192,15,0.6150130031673674,completed,pso:15
p12v4m6-F-pso-s8192,pso,8192,16,0.5691935754652627,completed,pso:16
p12v4m6-F-pso-s8192,pso,8192,17,0.6546829180663527,completed,pso:17
p12v4m6-F-pso-s8192,pso,8192,18,0.9161154982501208,completed,pso:18
p12v4m6-F-pso-s8192,pso,8192,19,0.735755161166138,completed,pso:19
p12v4m6-F-pso-s8192,pso,8192,20,0.9103380118745824,completed,pso:20
p12v4m6-F-pso-s8192,pso,8192,21,0.9258738003691612,completed,pso:21
p12v4m6-F-pso-s8192,pso,8192,22,0.4923048694508214,completed,pso:22
p12v4m6-F-pso-s8192,pso,8192,23,0.9646284455373246,completed,pso:23
p12v4m6-F-random-s1024,random,1024,0,1.353012109482696,completed,random:0
p12v4m6-F-random-s1024,random,1024,1,2.0046365862205726,completed,random:1
p12v4m6-F-random-s1024,random,1024,2,1.0909275415396016,completed,random:2
p12v4m6-F-random-s1024,random,1024,3,0.8662102913496704,completed,random:3
p12v4m6-F-random-s1024,random,1024,4,1.144015292462867,completed,random:4
p12v4m6-F-random-s1024,random,1024,5,0.9788755096450842,completed,random:5
p12v4m6-F-random-s1024,random,1024,6,0.6707708707795449,completed,random:6
p12v4m6-F-random-s1024,random,1024,7,1.6638479213551036,completed,random:7
p12v4m6-F-random-s1024,random,1024,8,1.3725873125303731,completed,random:8
p12v4m6-F-random-s1024,random,1024,9,0.9720512494500809,completed,random:9
p12v4m6-F-random-s1024,random,1024,10,0.9073715982869238,completed,random:10
p12v4m6-F-random-s1024,random,1024,11,0.957724545272752,completed,random:11
p12v4m6-F-random-s1024,random,1024,12,1.1363388773462093,completed,random:12
p12v4m6-F-random-s1024,random,1024,13,1.3031601139915197,completed,random:13
p12v4m6-F-random-s1024,random,1024,14,0.8978431777428756,completed,random:14
p12v4m6-F-random-s1024,random,1024,15,1.8168152412536411,completed,random:15
p12v4m6-F-random-s1024,random,1024,16,1.4911022831582683,completed,random:16
p12v4m6-F-random-s1024,random,1024,17,1.4171237728522654,completed,random:17
p12v4m6-F-random-s1024,random,1024,18,1.6305752625800873,completed,random:18
p12v4m6-F-random-s1024,random,1024,19,0.6688715701907052,completed,random:19
p12v4m6-F-random-s1024,random,1024,20,2.120564707191452,completed,random:20
p12v4m6-F-random-s1024,random,1024,21,1.1028605555694697,completed,random:21
p12v4m6-F-random-s1024,random,1024,22,0.7094951905662749,completed,random:22
p12v4m6-F-random-s1024,random,1024,23,1.282955675526837,completed,random:23
p12v4m6-F-random-s16384,random,16384,0,1.1270589295395395,completed,random:0
p12v4m6-F-random-s16384,random,16384,1,2.205059709930797,completed,random:1
p12v4m6-F-random-s16384,random,16384,2,0.8924052925273903,completed,random:2
p12v4m6-F-random-s16384,random,16384,3,0.9086999369920328,completed,random:3
p12v4m6-F-random-s16384,random,16384,4,1.8554962262311294,completed,random:4
p12v4m6-F-random-s16384,random,16384,5,0.9043366228454477,completed,random:5
p12v4m6-F-random-s16384,random,16384,6,1.5215208338193047,completed,random:6
p12v4m6-F-random-s16384,random,16384,7,1.0768102549647491,completed,random:7
p12v4m6-F-random-s16384,random,16384,8,1.3941048082224423,completed,random:8
p12v4m6-F-random-s16384,random,16384,9,0.811306645384154,completed,random:9
p12v4m6-F-random-s16384,random,16384,10,1.6700317724787546,completed,random:10
p12v4m6-F-random-s16384,random,16384,11,0.638351490660479,completed,random:11
p12v4m6-F-random-s16384,random,16384,12,1.8618391296510686,completed,random:12
p12v4m6-F-random-s16384,random,16384,13,1.3866171350546561,completed,random:13
p12v4m6-F-random-s16384,random,16384,14,1.8375952185715654,completed,random:14
p12v4m6-F-random-s16384,random,16384,15,0.9730817351597348,completed,random:15
p12v4m6-F-random-s16384,random,16384,16,1.954271212778243,completed,random:16
p12v4m6-F-random-s16384,random,16384,17,0.8174230130480108,completed,random:17
p12v4m6-F-random-s16384,random,16384,18,1.1787519645483944,completed,random:18
p12v4m6-F-random-s16384,random,16384,19,0.8130864199994798,completed,random:19
p12v4m6-F-random-s16384,random,16384,20,0.7385035520049296,completed,random:20
p12v4m6-F-random-s16384,random,16384,21,1.0162294554774796,completed,random:21
p12v4m6-F-random-s16384,random,16384,22,1.4519132795596617,completed,random:22
p12v4m6-F-random-s16384,random,16384,23,0.8608385615565822,completed,random:23
p12v4m6-F-random-s2048,random,2048,0,1.027000674256978,completed,random:0
p12v4m6-F-random-s2048,random,2048,1,0.7084203391714031,completed,random:1
p12v4m6-F-random-s2048,random,2048,2,1.187439055354486,completed,random:2
p12v4m6-F-random-s2048,random,2048,3,0.9294080348087396,completed,random:3
p12v4m6-F-random-s2048,random,2048,4,0.9075983680980493,completed,random:4
p12v4m6-F-random-s2048,random,2048,5,0.8656661046061392,completed,random:5
p12v4m6-F-random-s2048,random,2048,6,1.2762211686491207,completed,random:6
p12v4m6-F-random-s2048,random,2048,7,1.4556916593863938,completed,random:7
p12v4m6-F-random-s2048,random,2048,8,0.7946987811190626,completed,random:8
p12v4m6-F-random-s2048,random,2048,9,1.7634794639110518,completed,random:9
p12v4m6-F-random-s2048,random,2048,10,0.8859284068765889,completed,random:10
p12v4m6-F-random-s2048,random,2048,11,0.9200755054271996,completed,random:11
p12v4m6-F-random-s2048,random,2048,12,0.6871263363218205,completed,random:12
p12v4m6-F-random-s2048,random,2048,13,0.7714015967887745,completed,random:13
p12v4m6-F-random-s2048,random,2048,14,0.8734227834162416,completed,random:14
p12v4m6-F-random-s2048,random,2048,15,1.3487274920832615,completed,random:15
p12v4m6-F-random-s2048,random,2048,16,1.2928570748904205,completed,random:16
p12v4m6-F-random-s2048,random,2048,17,0.7898085837390509,completed,random:17
p12v4m6-F-random-s2048,random,2048,18,1.0032872948902285,completed,random:18
p12v4m6-F-random-s2048,random,2048,19,1.6881318589108465,completed,random:19
p12v4m6-F-random-s2048,random,2048,20,1.2622540222395773,completed,random:20
p12v4m6-F-random-s2048,random,2048,21,1.481026613650695,completed,random:21
p12v4m6-F-random-s2048,random,2048,22,1.5893937690338213,completed,random:22
p12v4m6-F-random-s2048,random,2048,23,1.2441628159314755,completed,random:23
p12v4m6-F-random-s4096,random,4096,0,1.1381710617916392,completed,random:0
p12v4m6-F-random-s4096,random,4096,1,1.104691755226131,completed,random:1
p12v4m6-F-random-s4096,random,4096,2,1.294290879525448,completed,random:2
p12v4m6-F-random-s4096,random,4096,3,1.6926669350943138,completed,random:3
p12v4m6-F-random-s4096,random,4096,4,1.2378962827349271,completed,random:4
p12v4m6-F-random-s4096,random,4096,5,1.3045444180754446,completed,random:5
p12v4m6-F-random-s4096,random,4096,6,1.2202305627710268,completed,random:6
p12v4m6-F-random-s4096,random,4096,7,1.6708631935628018,completed,random:7
p12v4m6-F-random-s4096,random,4096,8,1.3596889815911313,completed,random:8
p12v4m6-F-random-s4096,random,4096,9,1.3281201812544843,completed,random:9
p12v4m6-F-random-s4096,random,4096,10,1.153869267515782,completed,random:10
p12v4m6-F-random-s4096,random,4096,11,0.8489354458274213,completed,random:11
p12v4m6-F-random-s4096,random,4096,12,1.291648413003629,completed,random:12
p12v4m6-F-random-s4096,random,4096,13,1.569963901254847,completed,random:13
p12v4m6-F-random-s4096,random,4096,14,0.596988619792887,completed,random:14
p12v4m6-F-random-s4096,random,4096,15,0.855695663111631,completed,random:15
p12v4m6-F-random-s4096,random,4096,16,0.3174198131839417,completed,random:16
p12v4m6-F-random-s4096,random,4096,17,1.443181408198988,completed,random:17
p12v4m6-F-random-s4096,random,4096,18,1.37988718071317,completed,random:18
p12v4m6-F-random-s4096,random,4096,19,1.3343590108026517,completed,random:19
p12v4m6-F-random-s4096,random,4096,20,1.520282826978255,completed,random:20
p12v4m6-F-random-s4096,random,4096,21,0.8510331971914147,completed,random:21
p12v4m6-F-random-s4096,random,4096,22,0.9753618317935737,completed,random:22
p12v4m6-F-random-s4096,random,4096,23,0.8936020329295706,completed,random:23
p12v4m6-F-random-s8192,random,8192,0,0.9490673540709373,completed,random:0
p12v4m6-F-random-s8192,random,8192,1,0.6172757427959755,completed,random:1
p12v4m6-F-random-s8192,random,8192,2,1.0297439249934772,completed,random:2
p12v4m6-F-random-s8192,random,8192,3,0.8645843247310501,completed,random:3
p12v4m6-F-random-s8192,random,8192,4,0.7152963833989966,completed,random:4
p12v4m6-F-random-s8192,random,8192,5,0.5822059620848542,completed,random:5
p12v4m6-F-random-s8192,random,8192,6,0.6886905884186766,completed,random:6
p12v4m6-F-random-s8192,random,8192,7,0.8453149831475334,completed,random:7
p12v4m6-F-random-s8192,random,8192,8,1.1165620769260425,completed,random:8
p12v4m6-F-random-s8192,random,8192,9,0.6824709101773105,completed,random:9
p12v4m6-F-random-s8192,random,8192,10,1.169091867319648,completed,random:10
p12v4m6-F-random-s8192,random,8192,11,0.8058318254531542,completed,random:11
p12v4m6-F-random-s8192,random,8192,12,0.5731424790331265,completed,random:12
p12v4m6-F-random-s8192,random,8192,13,1.167318282570749,completed,random:13
p12v4m6-F-random-s8192,random,8192,14,0.7394884350485774,completed,random:14
p12v4m6-F-random-s8192,random,8192,15,0.9876248841562715,completed,random:15
p12v4m6-F-random-s8192,random,8192,16,1.2755111642879047,completed,random:16
p12v4m6-F-random-s8192,random,8192,17,0.8709140035622536,completed,random:17
p12v4m6-F-random-s8192,random,8192,18,1.0640076456506202,completed,random:18
p12v4m6-F-random-s8192,random,8192,19,0.6050807337937505,completed,random:19
p12v4m6-F-random-s8192,random,8192,20,1.1098084530277257,completed,random:20
p12v4m6-F-random-s8192,random,8192,21,0.8889895913774803,completed,random:21
p12v4m6-F-random-s8192,random,8192,22,0.8876855702448787,completed,random:22
p12v4m6-F-random-s8192,random,8192,23,1.5686663429021184,completed,random:23
p12v4m6-F-tpe-s1024,tpe,1024,0,1.353012109482696,completed,tpe:0
p12v4m6-F-tpe-s1024,tpe,1024,1,2.0046365862205726,completed,tpe:1
p12v4m6-F-tpe-s1024,tpe,1024,2,1.0909275415396016,completed,tpe:2
p12v4m6-F-tpe-s1024,tpe,1024,3,0.8662102913496704,completed,tpe:3
p12v4m6-F-tpe-s1024,tpe,1024,4,1.144015292462867,completed,tpe:4
p12v4m6-F-tpe-s1024,tpe,1024,5,0.9788755096450842,completed,tpe:5
p12v4m6-F-tpe-s1024,tpe,1024,6,0.6707708707795449,completed,tpe:6
p12v4m6-F-tpe-s1024,tpe,1024,7,1.6638479213551036,completed,tpe:7
p12v4m6-F-tpe-s1024,tpe,1024,8,1.18186644057428,completed,tpe:8
p12v4m6-F-tpe-s1024,tpe,1024,9,1.8891974251433665,completed,tpe:9
p12v4m6-F-tpe-s1024,tpe,1024,10,1.4163622344736684,completed,tpe:10
p12v4m6-F-tpe-s1024,tpe,1024,11,1.4641546911397907,completed,tpe:11
p12v4m6-F-tpe-s1024,tpe,1024,12,1.1547010026769982,completed,tpe:12
p12v4m6-F-tpe-s1024,tpe,1024,13,1.475447176993998,completed,tpe:13
p12v4m6-F-tpe-s1024,tpe,1024,14,0.7837770182572766,completed,tpe:14
p12v4m6-F-tpe-s1024,tpe,1024,15,1.9261196227401582,completed,tpe:15
p12v4m6-F-tpe-s1024,tpe,1024,16,1.277865602163376,completed,tpe:16
p12v4m6-F-tpe-s1024,tpe,1024,17,1.3530363244523402,completed,tpe:17
p12v4m6-F-tpe-s1024,tpe,1024,18,1.459498924690518,completed,tpe:18
p12v4m6-F-tpe-s1024,tpe,1024,19,2.0943635257952797,completed,tpe:19
p12v4m6-F-tpe-s1024,tpe,1024,20,0.9427033711508025,completed,tpe:20
p12v4m6-F-tpe-s1024,tpe,1024,21,1.1959145230469888,completed,tpe:21
p12v4m6-F-tpe-s1024,tpe,1024,22,1.9561303667747367,completed,tpe:22
p12v4m6-F-tpe-s1024,tpe,1024,23,1.8089962718350279,completed,tpe:23
p12v4m6-F-tpe-s16384,tpe,16384,0,1.1270589295395395,completed,tpe:0
p12v4m6-F-tpe-s16384,tpe,16384,1,2.205059709930797,completed,tpe:1
p12v4m6-F-tpe-s16384,tpe,16384,2,0.8924052925273903,completed,tpe:2
p12v4m6-F-tpe-s16384,tpe,16384,3,0.9086999369920328,completed,tpe:3
p12v4m6-F-tpe-s16384,tpe,16384,4,1.8554962262311294,completed,tpe:4
p12v4m6-F-tpe-s16384,tpe,16384,5,0.9043366228454477,completed,tpe:5
p12v4m6-F-tpe-s16384,tpe,16384,6,1.5215208338193047,completed,tpe:6
p12v4m6-F-tpe-s16384,tpe,16384,7,1.0768102549647491,completed,tpe:7
p12v4m6-F-tpe-s16384,tpe,16384,8,2.0407171979789434,completed,tpe:8
p12v4m6-F-tpe-s16384,tpe,16384,9,0.8886825415360593,completed,tpe:9
p12v4m6-F-tpe-s16384,tpe,16384,10,1.1380841828931032,completed,tpe:10
p12v4m6-F-tpe-s16384,tpe,16384,11,1.0058875970815473,completed,tpe:11
p12v4m6-F-tpe-s16384,tpe,16384,12,1.50432744079582,completed,tpe:12
p12v4m6-F-tpe-s16384,tpe,16384,13,1.3887904223199847,completed,tpe:13
p12v4m6-F-tpe-s16384,tpe,16384,14,2.3892446906963203,completed,tpe:14
p12v4m6-F-tpe-s16384,tpe,16384,15,0.48218695622500285,completed,tpe:15
p12v4m6-F-tpe-s16384,tpe,16384,16,1.3439807158722885,completed,tpe:16
p12v4m6-F-tpe-s16384,tpe,16384,17,1.506413831845369,completed,tpe:17
p12v4m6-F-tpe-s16384,tpe,16384,18,1.1716918551409603,completed,tpe:18
p12v4m6-F-tpe-s16384,tpe,16384,19,0.8364317169855197,completed,tpe:19
p12v4m6-F-tpe-s16384,tpe,16384,20,1.1331295811788389,completed,tpe:20
p12v4m6-F-tpe-s16384,tpe,16384,21,1.7419679624228948,completed,tpe:21
p12v4m6-F-tpe-s16384,tpe,16384,22,1.2179211891863226,completed,tpe:22
p12v4m6-F-tpe-s16384,tpe,16384,23,1.6342585590988072,completed,tpe:23
p12v4m6-F-tpe-s2048,tpe,2048,0,1.027000674256978,completed,tpe:0
p12v4m6-F-tpe-s2048,tpe,2048,1,0.7084203391714031,completed,tpe:1
p12v4m6-F-tpe-s2048,tpe,2048,2,1.187439055354486,completed,tpe:2
p12v4m6-F-tpe-s2048,tpe,2048,3,0.9294080348087396,completed,tpe:3
p12v4m6-F-tpe-s2048,tpe,2048,4,0.9075983680980493,completed,tpe:4
p12v4m6-F-tpe-s2048,tpe,2048,5,0.8656661046061392,completed,tpe:5
p12v4m6-F-tpe-s2048,tpe,2048,6,1.2762211686491207,completed,tpe:6
p12v4m6-F-tpe-s2048,tpe,2048,7,1.4556916593863938,completed,tpe:7
p12v4m6-F-tpe-s2048,tpe,2048,8,0.8019107439732909,completed,tpe:8
p12v4m6-F-tpe-s2048,tpe,2048,9,0.9963497126925875,completed,tpe:9
p12v4m6-F-tpe-s2048,tpe,2048,10,0.8354325788803834,completed,tpe:10
p12v4m6-F-tpe-s2048,tpe,2048,11,0.7855674154669602,completed,tpe:11
p12v4m6-F-tpe-s2048,tpe,2048,12,0.9037955416639838,completed,tpe:12
p12v4m6-F-tpe-s2048,tpe,2048,13,0.7961196883671037,completed,tpe:13
p12v4m6-F-tpe-s2048,tpe,2048,14,0.8548843980982321,completed,tpe:14
p12v4m6-F-tpe-s2048,tpe,2048,15,1.241467220279727,completed,tpe:15
p12v4m6-F-tpe-s2048,tpe,2048,16,0.8798882136314391,completed,tpe:16
p12v4m6-F-tpe-s2048,tpe,2048,17,1.158519890449288,completed,tpe:17
p12v4m6-F-tpe-s2048,tpe,2048,18,0.9361907183441653,completed,tpe:18
p12v4m6-F-tpe-s2048,tpe,2048,19,1.1460586001566897,completed,tpe:19
p12v4m6-F-tpe-s2048,tpe,2048,20,0.700725387250647,completed,tpe:20
p12v4m6-F-tpe-s2048,tpe,2048,21,0.5123522721990226,completed,tpe:21
p12v4m6-F-tpe-s2048,tpe,2048,22,1.033240749919919,completed,tpe:22
p12v4m6-F-tpe-s2048,tpe,2048,23,1.3305506812150505,completed,tpe:23
p12v4m6-F-tpe-s4096,tpe,4096,0,1.1381710617916392,completed,tpe:0
p12v4m6-F-tpe-s4096,tpe,4096,1,1.104691755226131,completed,tpe:1
p12v4m6-F-tpe-s4096,tpe,4096,2,1.294290879525448,completed,tpe:2
p12v4m6-F-tpe-s4096,tpe,4096,3,1.6926669350943138,completed,tpe:3
p12v4m6-F-tpe-s4096,tpe,4096,4,1.2378962827349271,completed,tpe:4
p12v4m6-F-tpe-s4096,tpe,4096,5,1.3045444180754446,completed,tpe:5
p12v4m6-F-tpe-s4096,tpe,4096,6,1.2202305627710268,completed,tpe:6
p12v4m6-F-tpe-s4096,tpe,4096,7,1.6708631935628018,completed,tpe:7
p12v4m6-F-tpe-s4096,tpe,4096,8,1.5761791496926365,completed,tpe:8
p12v4m6-F-tpe-s4096,tpe,4096,9,1.2061917457689357,completed,tpe:9
p12v4m6-F-tpe-s4096,tpe,4096,10,1.7364153291860818,completed,tpe:10
p12v4m6-F-tpe-s4096,tpe,4096,11,1.1450161274113644,completed,tpe:11
p12v4m6-F-tpe-s4096,tpe,4096,12,1.329279846091541,completed,tpe:12
p12v4m6-F-tpe-s4096,tpe,4096,13,1.3182116524324474,completed,tpe:13
p12v4m6-F-tpe-s4096,tpe,4096,14,1.072839854805064,completed,tpe:14
p12v4m6-F-tpe-s4096,tpe,4096,15,1.1477541667222095,completed,tpe:15
p12v4m6-F-tpe-s4096,tpe,4096,16,0.41463650638842864,completed,tpe:16
p12v4m6-F-tpe-s4096,tpe,4096,17,1.5881824724567881,completed,tpe:17
p12v4m6-F-tpe-s4096,tpe,4096,18,1.565932072460014,completed,tpe:18
p12v4m6-F-tpe-s4096,tpe,4096,19,1.7258915689829029,completed,tpe:19
p12v4m6-F-tpe-s4096,tpe,4096,20,1.2960458814359193,completed,tpe:20
p12v4m6-F-tpe-s4096,tpe,4096,21,1.0887762539650656,completed,tpe:21
p12v4m6-F-tpe-s4096,tpe,4096,22,0.9910105950442096,completed,tpe:22
p12v4m6-F-tpe-s4096,tpe,4096,23,1.351709274422394,completed,tpe:23
p12v4m6-F-tpe-s8192,tpe,8192,0,0.9490673540709373,completed,tpe:0
p12v4m6-F-tpe-s8192,tpe,8192,1,0.6172757427959755,completed,tpe:1
p12v4m6-F-tpe-s8192,tpe,8192,2,1.0297439249934772,completed,tpe:2
p12v4m6-F-tpe-s8192,tpe,8192,3,0.8645843247310501,completed,tpe:3
p12v4m6-F-tpe-s8192,tpe,8192,4,0.7152963833989966,completed,tpe:4
p12v4m6-F-tpe-s8192,tpe,8192,5,0.5822059620848542,completed,tpe:5
p12v4m6-F-tpe-s8192,tpe,8192,6,0.6886905884186766,completed,tpe:6
p12v4m6-F-tpe-s8192,tpe,8192,7,0.8453149831475334,completed,tpe:7
p12v4m6-F-tpe-s8192,tpe,8192,8,0.9818053392108413,completed,tpe:8
p12v4m6-F-tpe-s8192,tpe,8192,9,0.8255305762285321,completed,tpe:9
p12v4m6-F-tpe-s8192,tpe,8192,10,0.8439976742042953,completed,tpe:10
p12v4m6-F-tpe-s8192,tpe,8192,11,0.5093453835947663,completed,tpe:11
p12v4m6-F-tpe-s8192,tpe,8192,12,0.9490224272699442,completed,tpe:12
p12v4m6-F-tpe-s8192,tpe,8192,13,0.779576142715938,completed,tpe:13
p12v4m6-F-tpe-s8192,tpe,8192,14,0.8564589615366224,completed,tpe:14
p12v4m6-F-tpe-s8192,tpe,8192,15,1.3308847091122562,completed,tpe:15
p12v4m6-F-tpe-s8192,tpe,8192,16,0.7604020482102822,completed,tpe:16
p12v4m6-F-tpe-s8192,tpe,8192,17,1.0019918445698954,completed,tpe:17
p12v4m6-F-tpe-s8192,tpe,8192,18,0.9075732262178738,completed,tpe:18
p12v4m6-F-tpe-s8192,tpe,8192,19,0.7391259849911065,completed,tpe:19
p12v4m6-F-tpe-s8192,tpe,8192,20,1.1803492616587083,completed,tpe:20
p12v4m6-F-tpe-s8192,tpe,8192,21,0.9542778498767881,completed,tpe:21
p12v4m6-F-tpe-s8192,tpe,8192,22,0.733987029213672,completed,tpe:22
p12v4m6-F-tpe-s8192,tpe,8192,23,0.8920948452904012,completed,tpe:23
